Bus, BasekV, Node1, Magnitude1, Angle1, pu1, Node2, Magnitude2, Angle2, pu2, Node3, Magnitude3, Angle3, pu3, Node4, Magnitude4, Angle4, pu4, Node5, Magnitude5, Angle5, pu5, Node6, Magnitude6, Angle6, pu6
"EQ_SOURCE_BUS", 115, 1,    39604.6,   -0.3,    0.5965, 2,    39630.9, -120.3,   0.59689, 3,    39620.3,  119.6,   0.59673, 0, 0, 0, 0, 0, 0, 0, 0, 0, 0, 0, 0
"BUS1001", 12.47, 1,    8124.49,  -31.6,    1.1285, 2,    8138.04, -151.4,    1.1304, 3,    8138.19,   88.5,    1.1304, 0, 0, 0, 0, 0, 0, 0, 0, 0, 0, 0, 0
"BUS1002", 12.47, 1,    8120.38,  -31.6,    1.1279, 2,    8133.55, -151.4,    1.1297, 3,    8134.15,   88.5,    1.1298, 0, 0, 0, 0, 0, 0, 0, 0, 0, 0, 0, 0
"BUS1003", 12.47, 1,    8120.23,  -31.6,    1.1279, 2,    8133.39, -151.4,    1.1297, 3,       8134,   88.5,    1.1298, 0, 0, 0, 0, 0, 0, 0, 0, 0, 0, 0, 0
"BUS1004", 12.47, 1,    8119.68,  -31.6,    1.1278, 2,    8132.63, -151.4,    1.1296, 3,    8133.44,   88.5,    1.1297, 0, 0, 0, 0, 0, 0, 0, 0, 0, 0, 0, 0
"BUS1005", 12.47, 1,     8119.3,  -31.6,    1.1277, 2,    8132.12, -151.4,    1.1295, 3,    8133.05,   88.5,    1.1297, 0, 0, 0, 0, 0, 0, 0, 0, 0, 0, 0, 0
"BUS1006", 12.47, 1,    8118.36,  -31.6,    1.1276, 2,    8130.83, -151.4,    1.1294, 3,    8132.09,   88.5,    1.1295, 0, 0, 0, 0, 0, 0, 0, 0, 0, 0, 0, 0
"BUS1007", 12.47, 1,    8118.23,  -31.6,    1.1276, 2,    8130.55, -151.4,    1.1293, 0, 0, 0, 0, 0, 0, 0, 0, 0, 0, 0, 0, 0, 0, 0, 0
"BUS1008", 12.47, 1,    8118.03,  -31.6,    1.1276, 2,    8130.42, -151.4,    1.1293, 3,    8131.68,   88.5,    1.1295, 0, 0, 0, 0, 0, 0, 0, 0, 0, 0, 0, 0
"BUS1009", 12.47, 1,    8117.48,  -31.6,    1.1275, 2,    8129.72, -151.4,    1.1292, 3,    8130.95,   88.5,    1.1294, 0, 0, 0, 0, 0, 0, 0, 0, 0, 0, 0, 0
"BUS1010", 12.47, 1,    8117.46,  -31.6,    1.1275, 2,     8129.7, -151.4,    1.1292, 3,    8130.93,   88.5,    1.1294, 4,    8117.46,  -31.6,    1.1275, 5,     8129.7, -151.4,    1.1292, 6,    8130.93,   88.5,    1.1294
"BUS1011", 12.47, 1,    8117.47,  -31.6,    1.1275, 2,     8129.7, -151.4,    1.1292, 3,    8130.92,   88.5,    1.1294, 0, 0, 0, 0, 0, 0, 0, 0, 0, 0, 0, 0
"BUS1012", 12.47, 1,    8117.48,  -31.6,    1.1275, 2,    8129.67, -151.4,    1.1292, 3,    8130.88,   88.5,    1.1294, 0, 0, 0, 0, 0, 0, 0, 0, 0, 0, 0, 0
"BUS1013", 12.47, 1,    8117.52,  -31.6,    1.1275, 2,    8129.63, -151.4,    1.1292, 3,    8130.68,   88.5,    1.1293, 0, 0, 0, 0, 0, 0, 0, 0, 0, 0, 0, 0
"BUS1014", 12.47, 2,     8129.6, -151.4,    1.1292, 0, 0, 0, 0, 0, 0, 0, 0, 0, 0, 0, 0, 0, 0, 0, 0, 0, 0, 0, 0
"BUS1015", 12.47, 2,    8129.58, -151.4,    1.1292, 0, 0, 0, 0, 0, 0, 0, 0, 0, 0, 0, 0, 0, 0, 0, 0, 0, 0, 0, 0
"BUS1016", 12.47, 3,    8130.33,   88.5,    1.1293, 0, 0, 0, 0, 0, 0, 0, 0, 0, 0, 0, 0, 0, 0, 0, 0, 0, 0, 0, 0
"BUS1017", 12.47, 3,    8130.31,   88.5,    1.1293, 0, 0, 0, 0, 0, 0, 0, 0, 0, 0, 0, 0, 0, 0, 0, 0, 0, 0, 0, 0
"BUS2001", 12.47, 1,    8124.49,  -31.6,    1.1285, 2,    8138.04, -151.4,    1.1304, 3,    8138.19,   88.5,    1.1304, 0, 0, 0, 0, 0, 0, 0, 0, 0, 0, 0, 0
"BUS2002", 12.47, 1,    8117.91,  -31.6,    1.1276, 2,     8129.2, -151.4,    1.1291, 3,    8131.81,   88.5,    1.1295, 0, 0, 0, 0, 0, 0, 0, 0, 0, 0, 0, 0
"BUS2003", 12.47, 1,    8112.03,  -31.6,    1.1267, 2,     8122.3, -151.4,    1.1282, 3,    8127.33,   88.5,    1.1289, 0, 0, 0, 0, 0, 0, 0, 0, 0, 0, 0, 0
"BUS2004", 12.47, 1,    8108.53,  -31.7,    1.1263, 2,    8118.17, -151.5,    1.1276, 3,     8124.7,   88.5,    1.1285, 0, 0, 0, 0, 0, 0, 0, 0, 0, 0, 0, 0
"BUS2005", 12.47, 1,    8107.14,  -31.7,    1.1261, 2,    8116.53, -151.5,    1.1274, 3,    8123.66,   88.4,    1.1284, 0, 0, 0, 0, 0, 0, 0, 0, 0, 0, 0, 0
"BUS2006", 12.47, 1,    8106.52,  -31.7,     1.126, 2,     8115.8, -151.5,    1.1273, 3,     8123.2,   88.4,    1.1283, 0, 0, 0, 0, 0, 0, 0, 0, 0, 0, 0, 0
"BUS2007", 12.47, 1,    8106.43,  -31.7,     1.126, 0, 0, 0, 0, 0, 0, 0, 0, 0, 0, 0, 0, 0, 0, 0, 0, 0, 0, 0, 0
"BUS2008", 12.47, 1,     8106.4,  -31.7,     1.126, 0, 0, 0, 0, 0, 0, 0, 0, 0, 0, 0, 0, 0, 0, 0, 0, 0, 0, 0, 0
"BUS2009", 12.47, 1,    8106.42,  -31.7,     1.126, 0, 0, 0, 0, 0, 0, 0, 0, 0, 0, 0, 0, 0, 0, 0, 0, 0, 0, 0, 0
"BUS2010", 12.47, 1,    8105.84,  -31.7,    1.1259, 2,    8114.92, -151.5,    1.1271, 3,    8122.67,   88.4,    1.1282, 0, 0, 0, 0, 0, 0, 0, 0, 0, 0, 0, 0
"BUS2011", 12.47, 1,    8104.76,  -31.7,    1.1257, 2,    8113.52, -151.5,    1.1269, 3,    8121.83,   88.4,    1.1281, 0, 0, 0, 0, 0, 0, 0, 0, 0, 0, 0, 0
"BUS2012", 12.47, 1,    8102.81,  -31.7,    1.1255, 2,       8111, -151.5,    1.1266, 3,    8120.32,   88.4,    1.1279, 0, 0, 0, 0, 0, 0, 0, 0, 0, 0, 0, 0
"BUS2013", 12.47, 1,    8102.81,  -31.7,    1.1255, 2,       8111, -151.5,    1.1266, 3,    8120.32,   88.4,    1.1279, 4,    8102.81,  -31.7,    1.1255, 5,       8111, -151.5,    1.1266, 6,    8120.32,   88.4,    1.1279
"BUS2014", 12.47, 1,    8102.77,  -31.7,    1.1255, 2,    8110.74, -151.5,    1.1266, 3,    8120.44,   88.4,    1.1279, 0, 0, 0, 0, 0, 0, 0, 0, 0, 0, 0, 0
"BUS2015", 12.47, 2,    8110.72, -151.5,    1.1266, 0, 0, 0, 0, 0, 0, 0, 0, 0, 0, 0, 0, 0, 0, 0, 0, 0, 0, 0, 0
"BUS2016", 12.47, 1,    8102.75,  -31.7,    1.1255, 2,    8110.57, -151.5,    1.1265, 3,    8120.52,   88.4,    1.1279, 0, 0, 0, 0, 0, 0, 0, 0, 0, 0, 0, 0
"BUS2017", 12.47, 1,    8102.77,  -31.7,    1.1255, 2,    8110.39, -151.5,    1.1265, 3,    8120.56,   88.4,    1.1279, 0, 0, 0, 0, 0, 0, 0, 0, 0, 0, 0, 0
"BUS2018", 12.47, 1,    8102.79,  -31.7,    1.1255, 2,    8110.23, -151.5,    1.1265, 3,     8120.6,   88.4,    1.1279, 0, 0, 0, 0, 0, 0, 0, 0, 0, 0, 0, 0
"BUS2019", 12.47, 1,    8102.64,  -31.7,    1.1254, 2,    8110.81, -151.5,    1.1266, 3,    8120.16,   88.4,    1.1279, 0, 0, 0, 0, 0, 0, 0, 0, 0, 0, 0, 0
"BUS2020", 12.47, 2,    8110.55, -151.5,    1.1265, 0, 0, 0, 0, 0, 0, 0, 0, 0, 0, 0, 0, 0, 0, 0, 0, 0, 0, 0, 0
"BUS2021", 12.47, 1,    8102.48,  -31.7,    1.1254, 2,    8110.65, -151.5,    1.1265, 3,    8120.01,   88.4,    1.1278, 0, 0, 0, 0, 0, 0, 0, 0, 0, 0, 0, 0
"BUS2022", 12.47, 3,    8119.77,   88.4,    1.1278, 0, 0, 0, 0, 0, 0, 0, 0, 0, 0, 0, 0, 0, 0, 0, 0, 0, 0, 0, 0
"BUS2023", 12.47, 3,    8119.66,   88.4,    1.1278, 0, 0, 0, 0, 0, 0, 0, 0, 0, 0, 0, 0, 0, 0, 0, 0, 0, 0, 0, 0
"BUS2024", 12.47, 3,    8119.38,   88.4,    1.1278, 0, 0, 0, 0, 0, 0, 0, 0, 0, 0, 0, 0, 0, 0, 0, 0, 0, 0, 0, 0
"BUS2025", 12.47, 3,    8119.26,   88.4,    1.1277, 0, 0, 0, 0, 0, 0, 0, 0, 0, 0, 0, 0, 0, 0, 0, 0, 0, 0, 0, 0
"BUS2026", 12.47, 1,    8102.48,  -31.7,    1.1254, 2,    8110.65, -151.5,    1.1265, 3,    8120.01,   88.4,    1.1278, 0, 0, 0, 0, 0, 0, 0, 0, 0, 0, 0, 0
"BUS2027", 12.47, 1,    8101.01,  -31.7,    1.1252, 2,    8109.26, -151.5,    1.1264, 3,    8118.91,   88.4,    1.1277, 0, 0, 0, 0, 0, 0, 0, 0, 0, 0, 0, 0
"BUS2028", 12.47, 1,    8100.77,  -31.7,    1.1252, 2,    8109.17, -151.5,    1.1263, 3,    8118.81,   88.4,    1.1277, 0, 0, 0, 0, 0, 0, 0, 0, 0, 0, 0, 0
"BUS2029", 12.47, 1,    8100.66,  -31.7,    1.1252, 2,    8109.13, -151.5,    1.1263, 3,    8118.76,   88.4,    1.1277, 0, 0, 0, 0, 0, 0, 0, 0, 0, 0, 0, 0
"BUS2030", 12.47, 1,    8100.56,  -31.7,    1.1251, 2,    8109.11, -151.5,    1.1263, 3,    8118.75,   88.4,    1.1277, 0, 0, 0, 0, 0, 0, 0, 0, 0, 0, 0, 0
"BUS2031", 12.47, 1,    8100.45,  -31.7,    1.1251, 2,    8109.14, -151.5,    1.1263, 3,    8118.76,   88.4,    1.1277, 0, 0, 0, 0, 0, 0, 0, 0, 0, 0, 0, 0
"BUS2032", 12.47, 1,    8100.49,  -31.7,    1.1251, 2,    8108.71, -151.5,    1.1263, 3,    8118.49,   88.4,    1.1276, 0, 0, 0, 0, 0, 0, 0, 0, 0, 0, 0, 0
"BUS2033", 12.47, 1,    8099.48,  -31.7,     1.125, 2,    8107.66, -151.5,    1.1261, 3,    8117.71,   88.4,    1.1275, 0, 0, 0, 0, 0, 0, 0, 0, 0, 0, 0, 0
"BUS2034", 12.47, 1,    8099.46,  -31.7,     1.125, 2,    8107.64, -151.5,    1.1261, 3,    8117.69,   88.4,    1.1275, 0, 0, 0, 0, 0, 0, 0, 0, 0, 0, 0, 0
"BUS2035", 12.47, 1,    8098.94,  -31.7,    1.1249, 2,    8107.09, -151.6,    1.1261, 3,    8117.28,   88.4,    1.1275, 0, 0, 0, 0, 0, 0, 0, 0, 0, 0, 0, 0
"BUS2036", 12.47, 1,     8098.4,  -31.7,    1.1248, 2,    8106.53, -151.6,     1.126, 3,    8116.86,   88.4,    1.1274, 0, 0, 0, 0, 0, 0, 0, 0, 0, 0, 0, 0
"BUS2037", 12.47, 1,    8098.13,  -31.7,    1.1248, 2,    8106.25, -151.6,    1.1259, 3,    8116.66,   88.4,    1.1274, 0, 0, 0, 0, 0, 0, 0, 0, 0, 0, 0, 0
"BUS2038", 12.47, 1,     8097.5,  -31.7,    1.1247, 2,    8105.59, -151.6,    1.1258, 3,    8116.17,   88.4,    1.1273, 0, 0, 0, 0, 0, 0, 0, 0, 0, 0, 0, 0
"BUS2039", 12.47, 1,    8094.62,  -31.7,    1.1243, 2,    8102.58, -151.6,    1.1254, 3,    8113.89,   88.4,     1.127, 0, 0, 0, 0, 0, 0, 0, 0, 0, 0, 0, 0
"BUS2040", 12.47, 1,    8094.24,  -31.7,    1.1243, 2,     8102.2, -151.6,    1.1254, 3,    8113.51,   88.4,    1.1269, 0, 0, 0, 0, 0, 0, 0, 0, 0, 0, 0, 0
"BUS2041", 12.47, 1,    8094.23,  -31.7,    1.1243, 2,    8102.19, -151.6,    1.1254, 3,     8113.5,   88.4,    1.1269, 0, 0, 0, 0, 0, 0, 0, 0, 0, 0, 0, 0
"BUS2042", 12.47, 1,    8094.48,  -31.7,    1.1243, 2,    8102.42, -151.6,    1.1254, 3,    8113.78,   88.4,     1.127, 0, 0, 0, 0, 0, 0, 0, 0, 0, 0, 0, 0
"BUS2043", 12.47, 1,     8093.9,  -31.7,    1.1242, 2,    8101.69, -151.6,    1.1253, 3,    8113.31,   88.4,    1.1269, 0, 0, 0, 0, 0, 0, 0, 0, 0, 0, 0, 0
"BUS2044", 12.47, 1,    8092.68,  -31.7,    1.1241, 2,    8100.18, -151.6,    1.1251, 3,    8112.36,   88.4,    1.1268, 0, 0, 0, 0, 0, 0, 0, 0, 0, 0, 0, 0
"BUS2045", 12.47, 2,    8099.39, -151.6,     1.125, 0, 0, 0, 0, 0, 0, 0, 0, 0, 0, 0, 0, 0, 0, 0, 0, 0, 0, 0, 0
"BUS2046", 12.47, 2,    8099.08, -151.6,    1.1249, 0, 0, 0, 0, 0, 0, 0, 0, 0, 0, 0, 0, 0, 0, 0, 0, 0, 0, 0, 0
"BUS2047", 12.47, 2,    8099.16, -151.6,     1.125, 0, 0, 0, 0, 0, 0, 0, 0, 0, 0, 0, 0, 0, 0, 0, 0, 0, 0, 0, 0
"BUS2048", 12.47, 2,    8099.02, -151.6,    1.1249, 0, 0, 0, 0, 0, 0, 0, 0, 0, 0, 0, 0, 0, 0, 0, 0, 0, 0, 0, 0
"BUS2049", 12.47, 1,    8092.58,  -31.7,     1.124, 2,    8100.06, -151.6,    1.1251, 3,    8112.01,   88.4,    1.1267, 0, 0, 0, 0, 0, 0, 0, 0, 0, 0, 0, 0
"BUS2050", 12.47, 1,    8092.47,  -31.7,     1.124, 2,    8099.93, -151.6,    1.1251, 3,    8111.73,   88.4,    1.1267, 0, 0, 0, 0, 0, 0, 0, 0, 0, 0, 0, 0
"BUS2051", 12.47, 1,    8092.34,  -31.7,     1.124, 2,    8099.78, -151.6,     1.125, 3,    8111.46,   88.4,    1.1267, 0, 0, 0, 0, 0, 0, 0, 0, 0, 0, 0, 0
"BUS2052", 12.47, 1,    8092.18,  -31.7,     1.124, 2,    8099.63, -151.6,     1.125, 3,    8111.31,   88.4,    1.1266, 0, 0, 0, 0, 0, 0, 0, 0, 0, 0, 0, 0
"BUS2053", 12.47, 1,    8091.28,  -31.7,    1.1239, 2,    8099.66, -151.6,     1.125, 3,    8112.09,   88.4,    1.1267, 0, 0, 0, 0, 0, 0, 0, 0, 0, 0, 0, 0
"BUS2054", 12.47, 1,    8090.99,  -31.7,    1.1238, 2,    8099.72, -151.6,     1.125, 3,    8112.13,   88.4,    1.1268, 0, 0, 0, 0, 0, 0, 0, 0, 0, 0, 0, 0
"BUS2055", 12.47, 1,    8090.81,  -31.7,    1.1238, 2,    8099.76, -151.6,     1.125, 3,    8112.15,   88.4,    1.1268, 0, 0, 0, 0, 0, 0, 0, 0, 0, 0, 0, 0
"BUS2056", 12.47, 1,    8090.68,  -31.7,    1.1238, 2,    8099.79, -151.6,     1.125, 3,    8112.16,   88.4,    1.1268, 0, 0, 0, 0, 0, 0, 0, 0, 0, 0, 0, 0
"BUS2057", 12.47, 1,    8090.67,  -31.7,    1.1238, 2,    8098.53, -151.6,    1.1249, 3,    8111.52,   88.4,    1.1267, 0, 0, 0, 0, 0, 0, 0, 0, 0, 0, 0, 0
"BUS2058", 12.47, 1,    8090.31,  -31.7,    1.1237, 2,    8098.17, -151.6,    1.1248, 3,    8111.16,   88.4,    1.1266, 0, 0, 0, 0, 0, 0, 0, 0, 0, 0, 0, 0
"BUS2059", 12.47, 1,    8090.73,  -31.7,    1.1238, 2,    8098.12, -151.6,    1.1248, 3,    8111.62,   88.4,    1.1267, 0, 0, 0, 0, 0, 0, 0, 0, 0, 0, 0, 0
"BUS2060", 12.47, 1,    8090.73,  -31.7,    1.1238, 2,    8098.04, -151.6,    1.1248, 3,    8111.64,   88.4,    1.1267, 0, 0, 0, 0, 0, 0, 0, 0, 0, 0, 0, 0
"BUS3001", 12.47, 1,    8124.49,  -31.6,    1.1285, 2,    8138.04, -151.4,    1.1304, 3,    8138.19,   88.5,    1.1304, 0, 0, 0, 0, 0, 0, 0, 0, 0, 0, 0, 0
"BUS3003", 12.47, 1,    8089.88,  -31.7,    1.1237, 2,    8119.71, -151.4,    1.1278, 3,    8111.76,   88.5,    1.1267, 0, 0, 0, 0, 0, 0, 0, 0, 0, 0, 0, 0
"BUS3002", 12.47, 1,    8089.84,  -31.7,    1.1237, 2,    8119.66, -151.4,    1.1278, 3,    8111.71,   88.5,    1.1267, 0, 0, 0, 0, 0, 0, 0, 0, 0, 0, 0, 0
"BUS3004", 12.47, 1,    8089.87,  -31.7,    1.1237, 2,     8119.7, -151.4,    1.1278, 3,    8111.75,   88.5,    1.1267, 0, 0, 0, 0, 0, 0, 0, 0, 0, 0, 0, 0
"BUS3005", 12.47, 1,     8060.6,  -31.7,    1.1196, 2,    8104.52, -151.5,    1.1257, 3,    8089.54,   88.5,    1.1236, 0, 0, 0, 0, 0, 0, 0, 0, 0, 0, 0, 0
"BUS3006", 12.47, 1,    8060.53,  -31.7,    1.1196, 2,    8104.44, -151.5,    1.1257, 3,    8089.47,   88.5,    1.1236, 0, 0, 0, 0, 0, 0, 0, 0, 0, 0, 0, 0
"BUS3007", 12.47, 1,    8060.46,  -31.7,    1.1196, 2,    8104.38, -151.5,    1.1257, 3,    8089.41,   88.5,    1.1236, 0, 0, 0, 0, 0, 0, 0, 0, 0, 0, 0, 0
"BUS3008", 12.47, 1,    8058.94,  -31.8,    1.1194, 2,    8103.63, -151.5,    1.1256, 3,    8087.88,   88.5,    1.1234, 0, 0, 0, 0, 0, 0, 0, 0, 0, 0, 0, 0
"BUS3009", 12.47, 1,     8058.6,  -31.8,    1.1193, 0, 0, 0, 0, 0, 0, 0, 0, 0, 0, 0, 0, 0, 0, 0, 0, 0, 0, 0, 0
"BUS3010", 12.47, 1,    8058.01,  -31.8,    1.1192, 0, 0, 0, 0, 0, 0, 0, 0, 0, 0, 0, 0, 0, 0, 0, 0, 0, 0, 0, 0
"BUS3011", 12.47, 1,     8057.7,  -31.8,    1.1192, 0, 0, 0, 0, 0, 0, 0, 0, 0, 0, 0, 0, 0, 0, 0, 0, 0, 0, 0, 0
"BUS3012", 12.47, 1,    8057.58,  -31.8,    1.1192, 0, 0, 0, 0, 0, 0, 0, 0, 0, 0, 0, 0, 0, 0, 0, 0, 0, 0, 0, 0
"BUS3013", 12.47, 2,    8103.52, -151.5,    1.1256, 0, 0, 0, 0, 0, 0, 0, 0, 0, 0, 0, 0, 0, 0, 0, 0, 0, 0, 0, 0
"BUS3014", 12.47, 2,    8103.42, -151.5,    1.1255, 0, 0, 0, 0, 0, 0, 0, 0, 0, 0, 0, 0, 0, 0, 0, 0, 0, 0, 0, 0
"BUS3015", 12.47, 1,    8055.47,  -31.8,    1.1189, 2,    8101.44, -151.5,    1.1253, 3,    8083.95,   88.5,    1.1228, 0, 0, 0, 0, 0, 0, 0, 0, 0, 0, 0, 0
"BUS3016", 12.47, 2,    8101.11, -151.5,    1.1252, 0, 0, 0, 0, 0, 0, 0, 0, 0, 0, 0, 0, 0, 0, 0, 0, 0, 0, 0, 0
"BUS3017", 12.47, 2,    8100.89, -151.5,    1.1252, 0, 0, 0, 0, 0, 0, 0, 0, 0, 0, 0, 0, 0, 0, 0, 0, 0, 0, 0, 0
"BUS3018", 12.47, 3,    8083.47,   88.5,    1.1228, 0, 0, 0, 0, 0, 0, 0, 0, 0, 0, 0, 0, 0, 0, 0, 0, 0, 0, 0, 0
"BUS3019", 12.47, 3,    8082.88,   88.5,    1.1227, 0, 0, 0, 0, 0, 0, 0, 0, 0, 0, 0, 0, 0, 0, 0, 0, 0, 0, 0, 0
"BUS3020", 12.47, 3,     8082.4,   88.5,    1.1226, 0, 0, 0, 0, 0, 0, 0, 0, 0, 0, 0, 0, 0, 0, 0, 0, 0, 0, 0, 0
"BUS3021", 12.47, 3,    8082.14,   88.5,    1.1226, 0, 0, 0, 0, 0, 0, 0, 0, 0, 0, 0, 0, 0, 0, 0, 0, 0, 0, 0, 0
"BUS3022", 12.47, 1,    8052.17,  -31.8,    1.1184, 2,    8099.84, -151.5,     1.125, 3,     8080.8,   88.5,    1.1224, 0, 0, 0, 0, 0, 0, 0, 0, 0, 0, 0, 0
"BUS3023", 12.47, 1,    8051.89,  -31.8,    1.1184, 0, 0, 0, 0, 0, 0, 0, 0, 0, 0, 0, 0, 0, 0, 0, 0, 0, 0, 0, 0
"BUS3024", 12.47, 1,     8051.5,  -31.8,    1.1183, 0, 0, 0, 0, 0, 0, 0, 0, 0, 0, 0, 0, 0, 0, 0, 0, 0, 0, 0, 0
"BUS3025", 12.47, 1,    8051.29,  -31.8,    1.1183, 0, 0, 0, 0, 0, 0, 0, 0, 0, 0, 0, 0, 0, 0, 0, 0, 0, 0, 0, 0
"BUS3026", 12.47, 1,    8051.65,  -31.8,    1.1184, 0, 0, 0, 0, 0, 0, 0, 0, 0, 0, 0, 0, 0, 0, 0, 0, 0, 0, 0, 0
"BUS3027", 12.47, 1,    8050.83,  -31.8,    1.1182, 0, 0, 0, 0, 0, 0, 0, 0, 0, 0, 0, 0, 0, 0, 0, 0, 0, 0, 0, 0
"BUS3028", 12.47, 1,    8050.46,  -31.8,    1.1182, 0, 0, 0, 0, 0, 0, 0, 0, 0, 0, 0, 0, 0, 0, 0, 0, 0, 0, 0, 0
"BUS3029", 12.47, 1,    8050.37,  -31.8,    1.1182, 0, 0, 0, 0, 0, 0, 0, 0, 0, 0, 0, 0, 0, 0, 0, 0, 0, 0, 0, 0
"BUS3030", 12.47, 1,    8049.62,  -31.8,    1.1181, 2,    8097.72, -151.5,    1.1248, 3,    8077.64,   88.4,     1.122, 0, 0, 0, 0, 0, 0, 0, 0, 0, 0, 0, 0
"BUS3035", 12.47, 1,    8049.52,  -31.8,    1.1181, 2,    8097.33, -151.5,    1.1247, 3,    8077.74,   88.4,     1.122, 0, 0, 0, 0, 0, 0, 0, 0, 0, 0, 0, 0
"BUS3036", 12.47, 1,    8049.28,  -31.8,     1.118, 2,    8096.37, -151.6,    1.1246, 3,    8078.04,   88.4,     1.122, 0, 0, 0, 0, 0, 0, 0, 0, 0, 0, 0, 0
"BUS3037", 12.47, 1,    8049.17,  -31.8,     1.118, 2,     8095.9, -151.6,    1.1245, 3,     8078.2,   88.4,     1.122, 0, 0, 0, 0, 0, 0, 0, 0, 0, 0, 0, 0
"BUS3038", 12.47, 1,    8048.99,  -31.8,     1.118, 2,    8095.04, -151.6,    1.1244, 3,    8078.53,   88.4,    1.1221, 0, 0, 0, 0, 0, 0, 0, 0, 0, 0, 0, 0
"BUS3039", 12.47, 1,    8048.85,  -31.8,     1.118, 2,    8094.27, -151.6,    1.1243, 3,    8078.86,   88.4,    1.1221, 0, 0, 0, 0, 0, 0, 0, 0, 0, 0, 0, 0
"BUS3053", 12.47, 1,     8048.7,  -31.8,    1.1179, 2,    8093.42, -151.6,    1.1242, 3,    8079.24,   88.4,    1.1222, 0, 0, 0, 0, 0, 0, 0, 0, 0, 0, 0, 0
"BUS3054", 12.47, 1,    8048.69,  -31.8,    1.1179, 2,     8093.4, -151.6,    1.1242, 3,    8079.22,   88.4,    1.1222, 0, 0, 0, 0, 0, 0, 0, 0, 0, 0, 0, 0
"BUS3055", 12.47, 2,     8084.8, -151.6,     1.123, 0, 0, 0, 0, 0, 0, 0, 0, 0, 0, 0, 0, 0, 0, 0, 0, 0, 0, 0, 0
"BUS3056", 12.47, 2,    8084.44, -151.6,    1.1229, 0, 0, 0, 0, 0, 0, 0, 0, 0, 0, 0, 0, 0, 0, 0, 0, 0, 0, 0, 0
"BUS3057", 12.47, 2,    8084.04, -151.6,    1.1229, 0, 0, 0, 0, 0, 0, 0, 0, 0, 0, 0, 0, 0, 0, 0, 0, 0, 0, 0, 0
"BUS3058", 12.47, 2,    8083.73, -151.6,    1.1228, 0, 0, 0, 0, 0, 0, 0, 0, 0, 0, 0, 0, 0, 0, 0, 0, 0, 0, 0, 0
"BUS3059", 12.47, 2,    8083.38, -151.6,    1.1228, 0, 0, 0, 0, 0, 0, 0, 0, 0, 0, 0, 0, 0, 0, 0, 0, 0, 0, 0, 0
"BUS3060", 12.47, 2,    8083.33, -151.6,    1.1228, 0, 0, 0, 0, 0, 0, 0, 0, 0, 0, 0, 0, 0, 0, 0, 0, 0, 0, 0, 0
"BUS3061", 12.47, 2,     8083.3, -151.6,    1.1227, 0, 0, 0, 0, 0, 0, 0, 0, 0, 0, 0, 0, 0, 0, 0, 0, 0, 0, 0, 0
"BUS3062", 12.47, 2,    8083.16, -151.6,    1.1227, 0, 0, 0, 0, 0, 0, 0, 0, 0, 0, 0, 0, 0, 0, 0, 0, 0, 0, 0, 0
"BUS3063", 12.47, 2,    8082.45, -151.6,    1.1226, 0, 0, 0, 0, 0, 0, 0, 0, 0, 0, 0, 0, 0, 0, 0, 0, 0, 0, 0, 0
"BUS3064", 12.47, 2,    8082.03, -151.6,    1.1226, 0, 0, 0, 0, 0, 0, 0, 0, 0, 0, 0, 0, 0, 0, 0, 0, 0, 0, 0, 0
"BUS3065", 12.47, 2,    8081.68, -151.6,    1.1225, 0, 0, 0, 0, 0, 0, 0, 0, 0, 0, 0, 0, 0, 0, 0, 0, 0, 0, 0, 0
"BUS3066", 12.47, 2,    8081.53, -151.6,    1.1225, 0, 0, 0, 0, 0, 0, 0, 0, 0, 0, 0, 0, 0, 0, 0, 0, 0, 0, 0, 0
"BUS3067", 12.47, 2,     8081.3, -151.6,    1.1225, 0, 0, 0, 0, 0, 0, 0, 0, 0, 0, 0, 0, 0, 0, 0, 0, 0, 0, 0, 0
"BUS3040", 12.47, 1,    8049.78,  -31.8,    1.1181, 2,    8097.46, -151.5,    1.1247, 3,    8076.94,   88.4,    1.1219, 0, 0, 0, 0, 0, 0, 0, 0, 0, 0, 0, 0
"BUS3044", 12.47, 3,    8076.81,   88.4,    1.1218, 0, 0, 0, 0, 0, 0, 0, 0, 0, 0, 0, 0, 0, 0, 0, 0, 0, 0, 0, 0
"BUS3045", 12.47, 3,    8076.64,   88.4,    1.1218, 0, 0, 0, 0, 0, 0, 0, 0, 0, 0, 0, 0, 0, 0, 0, 0, 0, 0, 0, 0
"BUS3041", 12.47, 3,    8076.71,   88.4,    1.1218, 0, 0, 0, 0, 0, 0, 0, 0, 0, 0, 0, 0, 0, 0, 0, 0, 0, 0, 0, 0
"BUS3042", 12.47, 3,    8076.27,   88.4,    1.1218, 0, 0, 0, 0, 0, 0, 0, 0, 0, 0, 0, 0, 0, 0, 0, 0, 0, 0, 0, 0
"BUS3043", 12.47, 3,       8076,   88.4,    1.1217, 0, 0, 0, 0, 0, 0, 0, 0, 0, 0, 0, 0, 0, 0, 0, 0, 0, 0, 0, 0
"BUS3046", 12.47, 1,    8049.64,  -31.8,    1.1181, 2,    8097.32, -151.5,    1.1247, 3,     8076.8,   88.4,    1.1218, 0, 0, 0, 0, 0, 0, 0, 0, 0, 0, 0, 0
"BUS3047", 12.47, 1,     8049.6,  -31.8,    1.1181, 2,    8097.29, -151.5,    1.1247, 3,    8076.77,   88.4,    1.1218, 0, 0, 0, 0, 0, 0, 0, 0, 0, 0, 0, 0
"BUS3048", 12.47, 1,    8049.61,  -31.8,    1.1181, 2,    8097.29, -151.5,    1.1247, 3,    8076.77,   88.4,    1.1218, 0, 0, 0, 0, 0, 0, 0, 0, 0, 0, 0, 0
"BUS3049", 12.47, 1,    8049.56,  -31.8,    1.1181, 2,    8097.24, -151.5,    1.1247, 3,    8076.72,   88.4,    1.1218, 0, 0, 0, 0, 0, 0, 0, 0, 0, 0, 0, 0
"BUS3050", 12.47, 1,    8049.52,  -31.8,    1.1181, 2,     8097.2, -151.5,    1.1247, 3,    8076.69,   88.4,    1.1218, 0, 0, 0, 0, 0, 0, 0, 0, 0, 0, 0, 0
"BUS3051", 12.47, 1,    8049.47,  -31.8,    1.1181, 2,    8097.15, -151.5,    1.1247, 3,    8076.63,   88.4,    1.1218, 0, 0, 0, 0, 0, 0, 0, 0, 0, 0, 0, 0
"BUS3052", 12.47, 1,    8049.44,  -31.8,     1.118, 2,    8097.12, -151.5,    1.1247, 3,     8076.6,   88.4,    1.1218, 0, 0, 0, 0, 0, 0, 0, 0, 0, 0, 0, 0
"BUS3031", 12.47, 1,    8047.73,  -31.9,    1.1178, 2,    8097.11, -151.6,    1.1247, 3,    8075.39,   88.4,    1.1217, 0, 0, 0, 0, 0, 0, 0, 0, 0, 0, 0, 0
"BUS3032", 12.47, 1,    8045.79,  -31.9,    1.1175, 2,     8096.5, -151.6,    1.1246, 3,    8073.08,   88.4,    1.1213, 0, 0, 0, 0, 0, 0, 0, 0, 0, 0, 0, 0
"BUS3033", 12.47, 1,    8042.83,  -31.9,    1.1171, 2,     8095.6, -151.6,    1.1245, 3,    8069.55,   88.4,    1.1208, 0, 0, 0, 0, 0, 0, 0, 0, 0, 0, 0, 0
"BUS3034", 12.47, 1,    8040.91,  -31.9,    1.1169, 2,    8095.04, -151.6,    1.1244, 3,    8067.26,   88.4,    1.1205, 0, 0, 0, 0, 0, 0, 0, 0, 0, 0, 0, 0
"BUS3068", 12.47, 1,     8039.7,  -31.9,    1.1167, 2,     8094.7, -151.6,    1.1243, 3,     8065.8,   88.4,    1.1203, 0, 0, 0, 0, 0, 0, 0, 0, 0, 0, 0, 0
"BUS3069", 12.47, 1,    8039.64,  -31.9,    1.1167, 2,    8094.64, -151.6,    1.1243, 3,    8065.74,   88.4,    1.1203, 0, 0, 0, 0, 0, 0, 0, 0, 0, 0, 0, 0
"BUS3070", 12.47, 1,    8039.62,  -31.9,    1.1167, 2,    8094.62, -151.6,    1.1243, 3,    8065.73,   88.4,    1.1203, 0, 0, 0, 0, 0, 0, 0, 0, 0, 0, 0, 0
"BUS3071", 12.47, 1,    8039.61,  -31.9,    1.1167, 2,    8094.61, -151.6,    1.1243, 3,    8065.71,   88.4,    1.1203, 0, 0, 0, 0, 0, 0, 0, 0, 0, 0, 0, 0
"BUS3072", 12.47, 1,     8039.6,  -31.9,    1.1167, 2,     8094.6, -151.6,    1.1243, 3,    8065.71,   88.4,    1.1203, 0, 0, 0, 0, 0, 0, 0, 0, 0, 0, 0, 0
"BUS3073", 12.47, 1,    8039.64,  -31.9,    1.1167, 2,    8094.64, -151.6,    1.1243, 3,    8065.74,   88.4,    1.1203, 0, 0, 0, 0, 0, 0, 0, 0, 0, 0, 0, 0
"BUS3074", 12.47, 1,    8039.61,  -31.9,    1.1167, 2,    8094.61, -151.6,    1.1243, 3,    8065.71,   88.4,    1.1203, 0, 0, 0, 0, 0, 0, 0, 0, 0, 0, 0, 0
"BUS3075", 12.47, 1,    8038.34,  -31.9,    1.1165, 2,    8094.34, -151.6,    1.1243, 3,    8064.17,   88.4,    1.1201, 0, 0, 0, 0, 0, 0, 0, 0, 0, 0, 0, 0
"BUS3076", 12.47, 1,    8038.34,  -31.9,    1.1165, 2,    8094.34, -151.6,    1.1243, 3,    8064.17,   88.4,    1.1201, 0, 0, 0, 0, 0, 0, 0, 0, 0, 0, 0, 0
"BUS3077", 12.47, 1,    8037.69,  -31.9,    1.1164, 2,    8093.68, -151.6,    1.1242, 3,    8063.52,   88.4,      1.12, 0, 0, 0, 0, 0, 0, 0, 0, 0, 0, 0, 0
"BUS3078", 12.47, 1,    8037.68,  -31.9,    1.1164, 2,    8093.67, -151.6,    1.1242, 3,    8063.51,   88.4,      1.12, 0, 0, 0, 0, 0, 0, 0, 0, 0, 0, 0, 0
"BUS3079", 12.47, 1,     8037.1,  -32.0,    1.1163, 2,    8094.11, -151.6,    1.1243, 3,    8062.65,   88.4,    1.1199, 0, 0, 0, 0, 0, 0, 0, 0, 0, 0, 0, 0
"BUS3080", 12.47, 1,    8033.01,  -32.0,    1.1158, 2,    8093.21, -151.6,    1.1241, 3,    8057.65,   88.4,    1.1192, 0, 0, 0, 0, 0, 0, 0, 0, 0, 0, 0, 0
"BUS3081", 12.47, 1,       8033,  -32.0,    1.1158, 2,    8093.21, -151.6,    1.1241, 3,    8057.65,   88.4,    1.1192, 4,       8033,  -32.0,    1.1158, 5,    8093.21, -151.6,    1.1241, 6,    8057.65,   88.4,    1.1192
"BUS3082", 12.47, 1,    8029.36,  -32.0,    1.1153, 2,    8092.42, -151.6,     1.124, 3,     8053.2,   88.3,    1.1186, 0, 0, 0, 0, 0, 0, 0, 0, 0, 0, 0, 0
"BUS3083", 12.47, 1,    8028.82,  -32.0,    1.1152, 0, 0, 0, 0, 0, 0, 0, 0, 0, 0, 0, 0, 0, 0, 0, 0, 0, 0, 0, 0
"BUS3084", 12.47, 1,    8028.06,  -32.0,    1.1151, 0, 0, 0, 0, 0, 0, 0, 0, 0, 0, 0, 0, 0, 0, 0, 0, 0, 0, 0, 0
"BUS3085", 12.47, 1,    8026.22,  -32.0,    1.1148, 0, 0, 0, 0, 0, 0, 0, 0, 0, 0, 0, 0, 0, 0, 0, 0, 0, 0, 0, 0
"BUS3086", 12.47, 1,     8025.3,  -32.0,    1.1147, 0, 0, 0, 0, 0, 0, 0, 0, 0, 0, 0, 0, 0, 0, 0, 0, 0, 0, 0, 0
"BUS3087", 12.47, 1,    8024.73,  -32.0,    1.1146, 0, 0, 0, 0, 0, 0, 0, 0, 0, 0, 0, 0, 0, 0, 0, 0, 0, 0, 0, 0
"BUS3088", 12.47, 1,    8023.96,  -32.0,    1.1145, 0, 0, 0, 0, 0, 0, 0, 0, 0, 0, 0, 0, 0, 0, 0, 0, 0, 0, 0, 0
"BUS3089", 12.47, 1,    8023.87,  -32.0,    1.1145, 0, 0, 0, 0, 0, 0, 0, 0, 0, 0, 0, 0, 0, 0, 0, 0, 0, 0, 0, 0
"BUS3090", 12.47, 1,    8023.47,  -32.0,    1.1144, 0, 0, 0, 0, 0, 0, 0, 0, 0, 0, 0, 0, 0, 0, 0, 0, 0, 0, 0, 0
"BUS3091", 12.47, 1,    8023.39,  -32.0,    1.1144, 0, 0, 0, 0, 0, 0, 0, 0, 0, 0, 0, 0, 0, 0, 0, 0, 0, 0, 0, 0
"BUS3092", 12.47, 1,    8028.97,  -32.0,    1.1152, 2,    8092.41, -151.6,     1.124, 3,    8052.42,   88.3,    1.1185, 0, 0, 0, 0, 0, 0, 0, 0, 0, 0, 0, 0
"BUS3093", 12.47, 1,    8028.14,  -32.0,    1.1151, 0, 0, 0, 0, 0, 0, 0, 0, 0, 0, 0, 0, 0, 0, 0, 0, 0, 0, 0, 0
"BUS3094", 12.47, 1,    8027.76,  -32.0,     1.115, 0, 0, 0, 0, 0, 0, 0, 0, 0, 0, 0, 0, 0, 0, 0, 0, 0, 0, 0, 0
"BUS3095", 12.47, 1,    8027.59,  -32.0,     1.115, 0, 0, 0, 0, 0, 0, 0, 0, 0, 0, 0, 0, 0, 0, 0, 0, 0, 0, 0, 0
"BUS3096", 12.47, 1,    8027.04,  -32.0,    1.1149, 0, 0, 0, 0, 0, 0, 0, 0, 0, 0, 0, 0, 0, 0, 0, 0, 0, 0, 0, 0
"BUS3097", 12.47, 1,    8026.87,  -32.0,    1.1149, 0, 0, 0, 0, 0, 0, 0, 0, 0, 0, 0, 0, 0, 0, 0, 0, 0, 0, 0, 0
"BUS3098", 12.47, 2,       8092, -151.6,     1.124, 0, 0, 0, 0, 0, 0, 0, 0, 0, 0, 0, 0, 0, 0, 0, 0, 0, 0, 0, 0
"BUS3099", 12.47, 2,    8091.81, -151.6,    1.1239, 0, 0, 0, 0, 0, 0, 0, 0, 0, 0, 0, 0, 0, 0, 0, 0, 0, 0, 0, 0
"BUS3100", 12.47, 1,    8029.08,  -32.0,    1.1152, 2,    8092.46, -151.6,     1.124, 3,    8051.97,   88.3,    1.1184, 0, 0, 0, 0, 0, 0, 0, 0, 0, 0, 0, 0
"BUS3101", 12.47, 3,     8051.6,   88.3,    1.1183, 0, 0, 0, 0, 0, 0, 0, 0, 0, 0, 0, 0, 0, 0, 0, 0, 0, 0, 0, 0
"BUS3102", 12.47, 3,    8051.16,   88.3,    1.1183, 0, 0, 0, 0, 0, 0, 0, 0, 0, 0, 0, 0, 0, 0, 0, 0, 0, 0, 0, 0
"BUS3103", 12.47, 3,    8051.03,   88.3,    1.1183, 0, 0, 0, 0, 0, 0, 0, 0, 0, 0, 0, 0, 0, 0, 0, 0, 0, 0, 0, 0
"BUS3104", 12.47, 3,    8051.32,   88.3,    1.1183, 0, 0, 0, 0, 0, 0, 0, 0, 0, 0, 0, 0, 0, 0, 0, 0, 0, 0, 0, 0
"BUS3105", 12.47, 3,    8051.11,   88.3,    1.1183, 0, 0, 0, 0, 0, 0, 0, 0, 0, 0, 0, 0, 0, 0, 0, 0, 0, 0, 0, 0
"BUS3106", 12.47, 3,    8050.86,   88.3,    1.1182, 0, 0, 0, 0, 0, 0, 0, 0, 0, 0, 0, 0, 0, 0, 0, 0, 0, 0, 0, 0
"BUS3107", 12.47, 1,    8021.83,  -32.0,    1.1142, 2,    8089.07, -151.6,    1.1236, 3,    8046.18,   88.3,    1.1176, 0, 0, 0, 0, 0, 0, 0, 0, 0, 0, 0, 0
"BUS3108", 12.47, 1,    8019.17,  -32.1,    1.1138, 0, 0, 0, 0, 0, 0, 0, 0, 0, 0, 0, 0, 0, 0, 0, 0, 0, 0, 0, 0
"BUS3109", 12.47, 1,    8018.43,  -32.1,    1.1137, 0, 0, 0, 0, 0, 0, 0, 0, 0, 0, 0, 0, 0, 0, 0, 0, 0, 0, 0, 0
"BUS3110", 12.47, 1,     8017.9,  -32.1,    1.1137, 0, 0, 0, 0, 0, 0, 0, 0, 0, 0, 0, 0, 0, 0, 0, 0, 0, 0, 0, 0
"BUS3111", 12.47, 1,    8017.25,  -32.1,    1.1136, 0, 0, 0, 0, 0, 0, 0, 0, 0, 0, 0, 0, 0, 0, 0, 0, 0, 0, 0, 0
"BUS3112", 12.47, 1,    8016.89,  -32.1,    1.1135, 0, 0, 0, 0, 0, 0, 0, 0, 0, 0, 0, 0, 0, 0, 0, 0, 0, 0, 0, 0
"BUS3113", 12.47, 2,     8088.3, -151.6,    1.1234, 0, 0, 0, 0, 0, 0, 0, 0, 0, 0, 0, 0, 0, 0, 0, 0, 0, 0, 0, 0
"BUS3114", 12.47, 2,    8088.06, -151.6,    1.1234, 0, 0, 0, 0, 0, 0, 0, 0, 0, 0, 0, 0, 0, 0, 0, 0, 0, 0, 0, 0
"BUS3115", 12.47, 2,    8087.75, -151.6,    1.1234, 0, 0, 0, 0, 0, 0, 0, 0, 0, 0, 0, 0, 0, 0, 0, 0, 0, 0, 0, 0
"BUS3116", 12.47, 2,    8087.62, -151.6,    1.1234, 0, 0, 0, 0, 0, 0, 0, 0, 0, 0, 0, 0, 0, 0, 0, 0, 0, 0, 0, 0
"BUS3117", 12.47, 2,    8087.56, -151.6,    1.1233, 0, 0, 0, 0, 0, 0, 0, 0, 0, 0, 0, 0, 0, 0, 0, 0, 0, 0, 0, 0
"BUS3118", 12.47, 1,    8014.01,  -32.0,    1.1131, 2,    8082.96, -151.6,    1.1227, 3,    8049.53,   88.3,    1.1181, 0, 0, 0, 0, 0, 0, 0, 0, 0, 0, 0, 0
"BUS3119", 12.47, 2,    8080.18, -151.6,    1.1223, 0, 0, 0, 0, 0, 0, 0, 0, 0, 0, 0, 0, 0, 0, 0, 0, 0, 0, 0, 0
"BUS3120", 12.47, 2,    8079.71, -151.6,    1.1223, 0, 0, 0, 0, 0, 0, 0, 0, 0, 0, 0, 0, 0, 0, 0, 0, 0, 0, 0, 0
"BUS3121", 12.47, 2,    8079.51, -151.6,    1.1222, 0, 0, 0, 0, 0, 0, 0, 0, 0, 0, 0, 0, 0, 0, 0, 0, 0, 0, 0, 0
"BUS3122", 12.47, 2,     8079.4, -151.6,    1.1222, 0, 0, 0, 0, 0, 0, 0, 0, 0, 0, 0, 0, 0, 0, 0, 0, 0, 0, 0, 0
"BUS3123", 12.47, 2,    8079.75, -151.6,    1.1223, 0, 0, 0, 0, 0, 0, 0, 0, 0, 0, 0, 0, 0, 0, 0, 0, 0, 0, 0, 0
"BUS3124", 12.47, 2,    8079.49, -151.6,    1.1222, 0, 0, 0, 0, 0, 0, 0, 0, 0, 0, 0, 0, 0, 0, 0, 0, 0, 0, 0, 0
"BUS3125", 12.47, 2,    8078.97, -151.6,    1.1221, 0, 0, 0, 0, 0, 0, 0, 0, 0, 0, 0, 0, 0, 0, 0, 0, 0, 0, 0, 0
"BUS3126", 12.47, 2,    8077.83, -151.7,     1.122, 0, 0, 0, 0, 0, 0, 0, 0, 0, 0, 0, 0, 0, 0, 0, 0, 0, 0, 0, 0
"BUS3127", 12.47, 2,    8077.25, -151.7,    1.1219, 0, 0, 0, 0, 0, 0, 0, 0, 0, 0, 0, 0, 0, 0, 0, 0, 0, 0, 0, 0
"BUS3128", 12.47, 2,    8076.84, -151.7,    1.1219, 0, 0, 0, 0, 0, 0, 0, 0, 0, 0, 0, 0, 0, 0, 0, 0, 0, 0, 0, 0
"BUS3129", 12.47, 2,    8076.55, -151.7,    1.1218, 0, 0, 0, 0, 0, 0, 0, 0, 0, 0, 0, 0, 0, 0, 0, 0, 0, 0, 0, 0
"BUS3130", 12.47, 2,    8076.32, -151.7,    1.1218, 0, 0, 0, 0, 0, 0, 0, 0, 0, 0, 0, 0, 0, 0, 0, 0, 0, 0, 0, 0
"BUS3131", 12.47, 2,    8076.23, -151.7,    1.1218, 0, 0, 0, 0, 0, 0, 0, 0, 0, 0, 0, 0, 0, 0, 0, 0, 0, 0, 0, 0
"BUS3132", 12.47, 1,    8010.29,  -32.0,    1.1126, 0, 0, 0, 0, 0, 0, 0, 0, 0, 0, 0, 0, 0, 0, 0, 0, 0, 0, 0, 0
"BUS3133", 12.47, 1,    8009.45,  -32.1,    1.1125, 0, 0, 0, 0, 0, 0, 0, 0, 0, 0, 0, 0, 0, 0, 0, 0, 0, 0, 0, 0
"BUS3134", 12.47, 1,    8008.61,  -32.1,    1.1124, 0, 0, 0, 0, 0, 0, 0, 0, 0, 0, 0, 0, 0, 0, 0, 0, 0, 0, 0, 0
"BUS3135", 12.47, 1,    8008.07,  -32.1,    1.1123, 0, 0, 0, 0, 0, 0, 0, 0, 0, 0, 0, 0, 0, 0, 0, 0, 0, 0, 0, 0
"BUS3136", 12.47, 1,    8007.57,  -32.1,    1.1122, 0, 0, 0, 0, 0, 0, 0, 0, 0, 0, 0, 0, 0, 0, 0, 0, 0, 0, 0, 0
"BUS3137", 12.47, 1,    8008.73,  -32.1,    1.1124, 0, 0, 0, 0, 0, 0, 0, 0, 0, 0, 0, 0, 0, 0, 0, 0, 0, 0, 0, 0
"BUS3138", 12.47, 1,    8008.31,  -32.1,    1.1123, 0, 0, 0, 0, 0, 0, 0, 0, 0, 0, 0, 0, 0, 0, 0, 0, 0, 0, 0, 0
"BUS3139", 12.47, 1,    8008.31,  -32.1,    1.1123, 0, 0, 0, 0, 0, 0, 0, 0, 0, 0, 0, 0, 0, 0, 0, 0, 0, 0, 0, 0
"BUS3140", 12.47, 3,    8042.89,   88.3,    1.1171, 0, 0, 0, 0, 0, 0, 0, 0, 0, 0, 0, 0, 0, 0, 0, 0, 0, 0, 0, 0
"BUS3141", 12.47, 3,     8042.6,   88.3,    1.1171, 0, 0, 0, 0, 0, 0, 0, 0, 0, 0, 0, 0, 0, 0, 0, 0, 0, 0, 0, 0
"BUS3142", 12.47, 3,    8042.31,   88.3,    1.1171, 0, 0, 0, 0, 0, 0, 0, 0, 0, 0, 0, 0, 0, 0, 0, 0, 0, 0, 0, 0
"BUS3143", 12.47, 3,     8042.1,   88.3,     1.117, 0, 0, 0, 0, 0, 0, 0, 0, 0, 0, 0, 0, 0, 0, 0, 0, 0, 0, 0, 0
"BUS3148", 12.47, 3,    8042.28,   88.3,    1.1171, 0, 0, 0, 0, 0, 0, 0, 0, 0, 0, 0, 0, 0, 0, 0, 0, 0, 0, 0, 0
"BUS3149", 12.47, 3,    8041.58,   88.3,     1.117, 0, 0, 0, 0, 0, 0, 0, 0, 0, 0, 0, 0, 0, 0, 0, 0, 0, 0, 0, 0
"BUS3150", 12.47, 3,    8041.24,   88.3,    1.1169, 0, 0, 0, 0, 0, 0, 0, 0, 0, 0, 0, 0, 0, 0, 0, 0, 0, 0, 0, 0
"BUS3151", 12.47, 3,    8040.91,   88.3,    1.1169, 0, 0, 0, 0, 0, 0, 0, 0, 0, 0, 0, 0, 0, 0, 0, 0, 0, 0, 0, 0
"BUS3152", 12.47, 3,    8040.41,   88.3,    1.1168, 0, 0, 0, 0, 0, 0, 0, 0, 0, 0, 0, 0, 0, 0, 0, 0, 0, 0, 0, 0
"BUS3153", 12.47, 3,    8040.19,   88.3,    1.1168, 0, 0, 0, 0, 0, 0, 0, 0, 0, 0, 0, 0, 0, 0, 0, 0, 0, 0, 0, 0
"BUS3154", 12.47, 3,     8040.1,   88.3,    1.1167, 0, 0, 0, 0, 0, 0, 0, 0, 0, 0, 0, 0, 0, 0, 0, 0, 0, 0, 0, 0
"BUS3155", 12.47, 3,       8040,   88.3,    1.1167, 0, 0, 0, 0, 0, 0, 0, 0, 0, 0, 0, 0, 0, 0, 0, 0, 0, 0, 0, 0
"BUS3156", 12.47, 3,    8040.76,   88.3,    1.1168, 0, 0, 0, 0, 0, 0, 0, 0, 0, 0, 0, 0, 0, 0, 0, 0, 0, 0, 0, 0
"BUS3144", 12.47, 3,    8040.55,   88.3,    1.1168, 0, 0, 0, 0, 0, 0, 0, 0, 0, 0, 0, 0, 0, 0, 0, 0, 0, 0, 0, 0
"BUS3145", 12.47, 3,    8040.25,   88.3,    1.1168, 0, 0, 0, 0, 0, 0, 0, 0, 0, 0, 0, 0, 0, 0, 0, 0, 0, 0, 0, 0
"BUS3146", 12.47, 3,       8040,   88.3,    1.1167, 0, 0, 0, 0, 0, 0, 0, 0, 0, 0, 0, 0, 0, 0, 0, 0, 0, 0, 0, 0
"BUS3147", 12.47, 3,    8039.79,   88.3,    1.1167, 0, 0, 0, 0, 0, 0, 0, 0, 0, 0, 0, 0, 0, 0, 0, 0, 0, 0, 0, 0
"BUS3157", 12.47, 3,    8040.01,   88.3,    1.1167, 0, 0, 0, 0, 0, 0, 0, 0, 0, 0, 0, 0, 0, 0, 0, 0, 0, 0, 0, 0
"BUS3158", 12.47, 3,    8038.96,   88.3,    1.1166, 0, 0, 0, 0, 0, 0, 0, 0, 0, 0, 0, 0, 0, 0, 0, 0, 0, 0, 0, 0
"BUS3159", 12.47, 3,    8038.26,   88.3,    1.1165, 0, 0, 0, 0, 0, 0, 0, 0, 0, 0, 0, 0, 0, 0, 0, 0, 0, 0, 0, 0
"BUS3160", 12.47, 3,    8037.93,   88.3,    1.1164, 0, 0, 0, 0, 0, 0, 0, 0, 0, 0, 0, 0, 0, 0, 0, 0, 0, 0, 0, 0
"BUS3161", 12.47, 3,    8037.74,   88.3,    1.1164, 0, 0, 0, 0, 0, 0, 0, 0, 0, 0, 0, 0, 0, 0, 0, 0, 0, 0, 0, 0
"BUS3162", 12.47, 3,    8037.66,   88.3,    1.1164, 0, 0, 0, 0, 0, 0, 0, 0, 0, 0, 0, 0, 0, 0, 0, 0, 0, 0, 0, 0
"BUS1", 12.47, 1,    8124.49,  -31.6,    1.1285, 2,    8138.04, -151.4,    1.1304, 3,    8138.19,   88.5,    1.1304, 0, 0, 0, 0, 0, 0, 0, 0, 0, 0, 0, 0
"BUS_FAULT", 12.47, 1,    8124.49,  -31.6,    1.1285, 2,    8138.04, -151.4,    1.1304, 3,    8138.19,   88.5,    1.1304, 0, 0, 0, 0, 0, 0, 0, 0, 0, 0, 0, 0
"T_BUS1006_L", 0.208, 1,    120.611,  -33.2,    1.0043, 2,    122.552, -151.4,    1.0205, 0, 0, 0, 0, 0, 0, 0, 0, 0, 0, 0, 0, 0, 0, 0, 0
"T_BUS1007_L", 0.208, 1,    119.838,  -34.0,   0.99791, 2,    122.547, -151.4,    1.0205, 0, 0, 0, 0, 0, 0, 0, 0, 0, 0, 0, 0, 0, 0, 0, 0
"T_BUS1011_L", 0.208, 1,    121.363,  -32.0,    1.0106, 2,    121.363,  148.0,    1.0106, 0, 0, 0, 0, 0, 0, 0, 0, 0, 0, 0, 0, 0, 0, 0, 0
"T_BUS1012_L", 0.208, 1,    121.197, -151.6,    1.0092, 2,    121.197,   28.4,    1.0092, 0, 0, 0, 0, 0, 0, 0, 0, 0, 0, 0, 0, 0, 0, 0, 0
"T_BUS1014_L", 0.208, 1,    122.293, -151.4,    1.0184, 2,    122.293,   28.6,    1.0184, 0, 0, 0, 0, 0, 0, 0, 0, 0, 0, 0, 0, 0, 0, 0, 0
"T_BUS1015_L", 0.208, 1,    122.241, -151.5,    1.0179, 2,    122.241,   28.5,    1.0179, 0, 0, 0, 0, 0, 0, 0, 0, 0, 0, 0, 0, 0, 0, 0, 0
"T_BUS1016_L", 0.208, 1,     121.54,   88.4,    1.0121, 2,     121.54,  -91.6,    1.0121, 0, 0, 0, 0, 0, 0, 0, 0, 0, 0, 0, 0, 0, 0, 0, 0
"T_BUS1017_L", 0.208, 1,    121.624,   88.4,    1.0128, 2,    121.624,  -91.6,    1.0128, 0, 0, 0, 0, 0, 0, 0, 0, 0, 0, 0, 0, 0, 0, 0, 0
"T_BUS2008_L", 0.208, 1,    121.419,  -31.9,    1.0111, 2,    121.419,  148.1,    1.0111, 0, 0, 0, 0, 0, 0, 0, 0, 0, 0, 0, 0, 0, 0, 0, 0
"T_BUS2009_L", 0.208, 1,    121.708,  -31.8,    1.0135, 2,    121.708,  148.2,    1.0135, 0, 0, 0, 0, 0, 0, 0, 0, 0, 0, 0, 0, 0, 0, 0, 0
"T_BUS2014_L", 0.208, 1,    121.068, -151.7,    1.0082, 2,    121.068,   28.3,    1.0082, 0, 0, 0, 0, 0, 0, 0, 0, 0, 0, 0, 0, 0, 0, 0, 0
"T_BUS2015_L", 0.208, 1,    121.684, -151.7,    1.0133, 2,    121.684,   28.3,    1.0133, 0, 0, 0, 0, 0, 0, 0, 0, 0, 0, 0, 0, 0, 0, 0, 0
"T_BUS2016_L", 0.208, 1,    121.745, -151.7,    1.0138, 2,    121.745,   28.3,    1.0138, 0, 0, 0, 0, 0, 0, 0, 0, 0, 0, 0, 0, 0, 0, 0, 0
"T_BUS2017_L", 0.208, 1,    120.455, -152.0,     1.003, 2,    120.455,   28.0,     1.003, 0, 0, 0, 0, 0, 0, 0, 0, 0, 0, 0, 0, 0, 0, 0, 0
"T_BUS2018_L", 0.208, 1,    121.376, -151.9,    1.0107, 2,    121.376,   28.1,    1.0107, 0, 0, 0, 0, 0, 0, 0, 0, 0, 0, 0, 0, 0, 0, 0, 0
"T_BUS2020_L", 0.208, 1,    121.271, -151.9,    1.0098, 2,    121.271,   28.1,    1.0098, 0, 0, 0, 0, 0, 0, 0, 0, 0, 0, 0, 0, 0, 0, 0, 0
"T_BUS2022_L", 0.208, 1,    121.406,   88.1,     1.011, 2,    121.406,  -91.9,     1.011, 0, 0, 0, 0, 0, 0, 0, 0, 0, 0, 0, 0, 0, 0, 0, 0
"T_BUS2023_L", 0.208, 1,    121.965,   88.3,    1.0156, 2,    121.965,  -91.7,    1.0156, 0, 0, 0, 0, 0, 0, 0, 0, 0, 0, 0, 0, 0, 0, 0, 0
"T_BUS2024_L", 0.208, 1,    121.699,   88.1,    1.0134, 2,    121.699,  -91.9,    1.0134, 0, 0, 0, 0, 0, 0, 0, 0, 0, 0, 0, 0, 0, 0, 0, 0
"T_BUS2025_L", 0.208, 1,    121.457,   88.1,    1.0114, 2,    121.457,  -91.9,    1.0114, 0, 0, 0, 0, 0, 0, 0, 0, 0, 0, 0, 0, 0, 0, 0, 0
"T_BUS2028_L", 0.208, 1,    122.004,  -31.7,    1.0159, 2,    122.004,  148.3,    1.0159, 0, 0, 0, 0, 0, 0, 0, 0, 0, 0, 0, 0, 0, 0, 0, 0
"T_BUS2031_L", 0.208, 1,    120.912,  -32.0,    1.0069, 2,    120.912,  148.0,    1.0069, 0, 0, 0, 0, 0, 0, 0, 0, 0, 0, 0, 0, 0, 0, 0, 0
"T_BUS2045_L", 0.208, 1,    120.976, -151.9,    1.0074, 2,    120.976,   28.1,    1.0074, 0, 0, 0, 0, 0, 0, 0, 0, 0, 0, 0, 0, 0, 0, 0, 0
"T_BUS2046_L", 0.208, 1,    120.119, -151.9,    1.0003, 2,    120.119,   28.1,    1.0003, 0, 0, 0, 0, 0, 0, 0, 0, 0, 0, 0, 0, 0, 0, 0, 0
"T_BUS2047_L", 0.208, 1,    120.602, -151.9,    1.0043, 2,    120.602,   28.1,    1.0043, 0, 0, 0, 0, 0, 0, 0, 0, 0, 0, 0, 0, 0, 0, 0, 0
"T_BUS2048_L", 0.208, 1,    120.894, -151.7,    1.0067, 2,    120.894,   28.3,    1.0067, 0, 0, 0, 0, 0, 0, 0, 0, 0, 0, 0, 0, 0, 0, 0, 0
"T_BUS2049_L", 0.208, 1,    120.753,   88.2,    1.0055, 2,    120.753,  -91.8,    1.0055, 0, 0, 0, 0, 0, 0, 0, 0, 0, 0, 0, 0, 0, 0, 0, 0
"T_BUS2050_L", 0.208, 1,    121.048,   88.1,     1.008, 2,    121.048,  -91.9,     1.008, 3,          0,    0.0,         0, 0, 0, 0, 0, 0, 0, 0, 0, 0, 0, 0, 0
"T_BUS2051_L", 0.208, 1,    119.778,   88.1,   0.99741, 2,    119.778,  -91.9,   0.99741, 0, 0, 0, 0, 0, 0, 0, 0, 0, 0, 0, 0, 0, 0, 0, 0
"T_BUS2054_L", 0.208, 1,    118.826,  -32.0,   0.98948, 2,    118.826,  148.0,   0.98948, 0, 0, 0, 0, 0, 0, 0, 0, 0, 0, 0, 0, 0, 0, 0, 0
"T_BUS2055_L", 0.208, 1,    120.756,  -32.0,    1.0056, 2,    120.756,  148.0,    1.0056, 0, 0, 0, 0, 0, 0, 0, 0, 0, 0, 0, 0, 0, 0, 0, 0
"T_BUS2056_L", 0.208, 1,    120.375,  -32.2,    1.0024, 2,    120.375,  147.8,    1.0024, 0, 0, 0, 0, 0, 0, 0, 0, 0, 0, 0, 0, 0, 0, 0, 0
"T_BUS2059_L", 0.208, 1,     121.09, -151.9,    1.0083, 2,     121.09,   28.1,    1.0083, 0, 0, 0, 0, 0, 0, 0, 0, 0, 0, 0, 0, 0, 0, 0, 0
"T_BUS2060_L", 0.208, 1,    121.408, -151.8,     1.011, 2,    121.408,   28.2,     1.011, 0, 0, 0, 0, 0, 0, 0, 0, 0, 0, 0, 0, 0, 0, 0, 0
"T_BUS3009_L", 0.208, 1,     119.72,  -32.0,   0.99693, 2,     119.72,  148.0,   0.99693, 0, 0, 0, 0, 0, 0, 0, 0, 0, 0, 0, 0, 0, 0, 0, 0
"T_BUS3010_L", 0.208, 1,    119.364,  -32.0,   0.99396, 2,    119.364,  148.0,   0.99396, 0, 0, 0, 0, 0, 0, 0, 0, 0, 0, 0, 0, 0, 0, 0, 0
"T_BUS3011_L", 0.208, 1,    118.489,  -32.2,   0.98668, 2,    118.489,  147.8,   0.98668, 0, 0, 0, 0, 0, 0, 0, 0, 0, 0, 0, 0, 0, 0, 0, 0
"T_BUS3012_L", 0.208, 1,    120.339,  -32.0,    1.0021, 2,    120.339,  148.0,    1.0021, 0, 0, 0, 0, 0, 0, 0, 0, 0, 0, 0, 0, 0, 0, 0, 0
"T_BUS3013_L", 0.208, 1,     121.35, -151.8,    1.0105, 2,     121.35,   28.2,    1.0105, 0, 0, 0, 0, 0, 0, 0, 0, 0, 0, 0, 0, 0, 0, 0, 0
"T_BUS3014_L", 0.208, 1,    120.751, -151.7,    1.0055, 2,    120.751,   28.3,    1.0055, 0, 0, 0, 0, 0, 0, 0, 0, 0, 0, 0, 0, 0, 0, 0, 0
"T_BUS3016_L", 0.208, 1,    119.353, -151.8,   0.99388, 2,    119.353,   28.2,   0.99388, 0, 0, 0, 0, 0, 0, 0, 0, 0, 0, 0, 0, 0, 0, 0, 0
"T_BUS3017_L", 0.208, 1,     121.12, -151.9,    1.0086, 2,     121.12,   28.1,    1.0086, 0, 0, 0, 0, 0, 0, 0, 0, 0, 0, 0, 0, 0, 0, 0, 0
"T_BUS3018_L", 0.208, 1,    119.615,   88.2,   0.99605, 2,    119.615,  -91.8,   0.99605, 0, 0, 0, 0, 0, 0, 0, 0, 0, 0, 0, 0, 0, 0, 0, 0
"T_BUS3019_L", 0.208, 1,    119.628,   88.1,   0.99616, 2,    119.628,  -91.9,   0.99616, 0, 0, 0, 0, 0, 0, 0, 0, 0, 0, 0, 0, 0, 0, 0, 0
"T_BUS3020_L", 0.208, 1,     120.99,   88.2,    1.0075, 2,     120.99,  -91.8,    1.0075, 0, 0, 0, 0, 0, 0, 0, 0, 0, 0, 0, 0, 0, 0, 0, 0
"T_BUS3021_L", 0.208, 1,    118.511,   88.1,   0.98686, 2,    118.511,  -91.9,   0.98686, 0, 0, 0, 0, 0, 0, 0, 0, 0, 0, 0, 0, 0, 0, 0, 0
"T_BUS3023_L", 0.208, 1,    120.271,  -32.1,    1.0015, 2,    120.271,  147.9,    1.0015, 0, 0, 0, 0, 0, 0, 0, 0, 0, 0, 0, 0, 0, 0, 0, 0
"T_BUS3024_L", 0.208, 1,    119.234,  -32.1,   0.99288, 2,    119.234,  147.9,   0.99288, 0, 0, 0, 0, 0, 0, 0, 0, 0, 0, 0, 0, 0, 0, 0, 0
"T_BUS3025_L", 0.208, 1,    119.588,  -32.2,   0.99583, 2,    119.588,  147.8,   0.99583, 0, 0, 0, 0, 0, 0, 0, 0, 0, 0, 0, 0, 0, 0, 0, 0
"T_BUS3026_L", 0.208, 1,    117.615,  -32.6,    0.9794, 2,    117.615,  147.4,    0.9794, 0, 0, 0, 0, 0, 0, 0, 0, 0, 0, 0, 0, 0, 0, 0, 0
"T_BUS3027_L", 0.208, 1,    120.587,  -32.2,    1.0041, 2,    120.587,  147.8,    1.0041, 0, 0, 0, 0, 0, 0, 0, 0, 0, 0, 0, 0, 0, 0, 0, 0
"T_BUS3028_L", 0.208, 1,    119.865,  -32.2,   0.99813, 2,    119.865,  147.8,   0.99813, 0, 0, 0, 0, 0, 0, 0, 0, 0, 0, 0, 0, 0, 0, 0, 0
"T_BUS3029_L", 0.208, 1,    120.178,  -31.9,    1.0007, 2,    120.178,  148.1,    1.0007, 0, 0, 0, 0, 0, 0, 0, 0, 0, 0, 0, 0, 0, 0, 0, 0
"T_BUS3041_L", 0.208, 1,    120.332,   88.1,     1.002, 2,    120.332,  -91.9,     1.002, 0, 0, 0, 0, 0, 0, 0, 0, 0, 0, 0, 0, 0, 0, 0, 0
"T_BUS3042_L", 0.208, 1,    118.971,   87.7,   0.99069, 2,    118.971,  -92.3,   0.99069, 0, 0, 0, 0, 0, 0, 0, 0, 0, 0, 0, 0, 0, 0, 0, 0
"T_BUS3043_L", 0.208, 1,    119.093,   87.9,    0.9917, 2,    119.093,  -92.1,    0.9917, 0, 0, 0, 0, 0, 0, 0, 0, 0, 0, 0, 0, 0, 0, 0, 0
"T_BUS3044_L", 0.208, 1,     119.94,   88.2,   0.99876, 2,     119.94,  -91.8,   0.99876, 0, 0, 0, 0, 0, 0, 0, 0, 0, 0, 0, 0, 0, 0, 0, 0
"T_BUS3045_L", 0.208, 1,    119.988,   88.1,   0.99916, 2,    119.988,  -91.9,   0.99916, 0, 0, 0, 0, 0, 0, 0, 0, 0, 0, 0, 0, 0, 0, 0, 0
"T_BUS3056_L", 0.208, 1,     120.24, -151.8,    1.0013, 2,     120.24,   28.2,    1.0013, 0, 0, 0, 0, 0, 0, 0, 0, 0, 0, 0, 0, 0, 0, 0, 0
"T_BUS3057_L", 0.208, 1,    120.177, -151.7,    1.0007, 2,    120.177,   28.3,    1.0007, 0, 0, 0, 0, 0, 0, 0, 0, 0, 0, 0, 0, 0, 0, 0, 0
"T_BUS3058_L", 0.208, 1,    120.384, -151.8,    1.0025, 2,    120.384,   28.2,    1.0025, 0, 0, 0, 0, 0, 0, 0, 0, 0, 0, 0, 0, 0, 0, 0, 0
"T_BUS3059_L", 0.208, 1,    119.907, -151.8,   0.99848, 2,    119.907,   28.2,   0.99848, 0, 0, 0, 0, 0, 0, 0, 0, 0, 0, 0, 0, 0, 0, 0, 0
"T_BUS3060_L", 0.208, 1,    120.318, -151.8,    1.0019, 2,    120.318,   28.2,    1.0019, 0, 0, 0, 0, 0, 0, 0, 0, 0, 0, 0, 0, 0, 0, 0, 0
"T_BUS3061_L", 0.208, 1,    121.246, -151.7,    1.0096, 2,    121.246,   28.3,    1.0096, 0, 0, 0, 0, 0, 0, 0, 0, 0, 0, 0, 0, 0, 0, 0, 0
"T_BUS3062_L", 0.208, 1,    121.344, -151.6,    1.0104, 2,    121.344,   28.4,    1.0104, 0, 0, 0, 0, 0, 0, 0, 0, 0, 0, 0, 0, 0, 0, 0, 0
"T_BUS3063_L", 0.208, 1,    119.143, -152.0,   0.99212, 2,    119.143,   28.0,   0.99212, 0, 0, 0, 0, 0, 0, 0, 0, 0, 0, 0, 0, 0, 0, 0, 0
"T_BUS3064_L", 0.208, 1,     118.77, -152.1,   0.98902, 2,     118.77,   27.9,   0.98902, 0, 0, 0, 0, 0, 0, 0, 0, 0, 0, 0, 0, 0, 0, 0, 0
"T_BUS3065_L", 0.208, 1,    120.589, -151.8,    1.0042, 2,    120.589,   28.2,    1.0042, 0, 0, 0, 0, 0, 0, 0, 0, 0, 0, 0, 0, 0, 0, 0, 0
"T_BUS3066_L", 0.208, 1,    120.318, -151.7,    1.0019, 2,    120.318,   28.3,    1.0019, 0, 0, 0, 0, 0, 0, 0, 0, 0, 0, 0, 0, 0, 0, 0, 0
"T_BUS3067_L", 0.208, 1,    119.298, -152.0,   0.99342, 2,    119.298,   28.0,   0.99342, 0, 0, 0, 0, 0, 0, 0, 0, 0, 0, 0, 0, 0, 0, 0, 0
"T_BUS3083_L", 0.208, 1,     119.54,  -32.3,   0.99543, 2,     119.54,  147.7,   0.99543, 0, 0, 0, 0, 0, 0, 0, 0, 0, 0, 0, 0, 0, 0, 0, 0
"T_BUS3084_L", 0.208, 1,    120.049,  -32.2,   0.99967, 2,    120.049,  147.8,   0.99967, 0, 0, 0, 0, 0, 0, 0, 0, 0, 0, 0, 0, 0, 0, 0, 0
"T_BUS3085_L", 0.208, 1,    118.391,  -32.5,   0.98587, 2,    118.391,  147.5,   0.98587, 0, 0, 0, 0, 0, 0, 0, 0, 0, 0, 0, 0, 0, 0, 0, 0
"T_BUS3086_L", 0.208, 1,    119.913,  -32.2,   0.99854, 2,    119.913,  147.8,   0.99854, 0, 0, 0, 0, 0, 0, 0, 0, 0, 0, 0, 0, 0, 0, 0, 0
"T_BUS3087_L", 0.208, 1,    119.174,  -32.2,   0.99238, 2,    119.174,  147.8,   0.99238, 0, 0, 0, 0, 0, 0, 0, 0, 0, 0, 0, 0, 0, 0, 0, 0
"T_BUS3088_L", 0.208, 1,    117.855,  -32.7,    0.9814, 2,    117.855,  147.3,    0.9814, 0, 0, 0, 0, 0, 0, 0, 0, 0, 0, 0, 0, 0, 0, 0, 0
"T_BUS3089_L", 0.208, 1,    120.511,  -32.1,    1.0035, 2,    120.511,  147.9,    1.0035, 0, 0, 0, 0, 0, 0, 0, 0, 0, 0, 0, 0, 0, 0, 0, 0
"T_BUS3090_L", 0.208, 1,    119.718,  -32.3,   0.99691, 2,    119.718,  147.7,   0.99691, 0, 0, 0, 0, 0, 0, 0, 0, 0, 0, 0, 0, 0, 0, 0, 0
"T_BUS3091_L", 0.208, 1,     120.15,  -32.3,    1.0005, 2,     120.15,  147.7,    1.0005, 0, 0, 0, 0, 0, 0, 0, 0, 0, 0, 0, 0, 0, 0, 0, 0
"T_BUS3093_L", 0.208, 1,    119.129,  -32.2,   0.99201, 2,    119.129,  147.8,   0.99201, 0, 0, 0, 0, 0, 0, 0, 0, 0, 0, 0, 0, 0, 0, 0, 0
"T_BUS3094_L", 0.208, 1,    119.822,  -32.3,   0.99778, 2,    119.822,  147.7,   0.99778, 0, 0, 0, 0, 0, 0, 0, 0, 0, 0, 0, 0, 0, 0, 0, 0
"T_BUS3095_L", 0.208, 1,    118.575,  -32.4,   0.98739, 2,    118.575,  147.6,   0.98739, 0, 0, 0, 0, 0, 0, 0, 0, 0, 0, 0, 0, 0, 0, 0, 0
"T_BUS3096_L", 0.208, 1,    119.785,  -32.2,   0.99747, 2,    119.785,  147.8,   0.99747, 0, 0, 0, 0, 0, 0, 0, 0, 0, 0, 0, 0, 0, 0, 0, 0
"T_BUS3097_L", 0.208, 1,    116.583,  -32.7,   0.97081, 2,    116.583,  147.3,   0.97081, 0, 0, 0, 0, 0, 0, 0, 0, 0, 0, 0, 0, 0, 0, 0, 0
"T_BUS3098_L", 0.208, 1,    120.058, -151.9,   0.99975, 2,    120.058,   28.1,   0.99975, 0, 0, 0, 0, 0, 0, 0, 0, 0, 0, 0, 0, 0, 0, 0, 0
"T_BUS3099_L", 0.208, 1,    120.327, -152.0,     1.002, 2,    120.327,   28.0,     1.002, 0, 0, 0, 0, 0, 0, 0, 0, 0, 0, 0, 0, 0, 0, 0, 0
"T_BUS3101_L", 0.208, 1,    120.241,   88.2,    1.0013, 2,    120.241,  -91.8,    1.0013, 0, 0, 0, 0, 0, 0, 0, 0, 0, 0, 0, 0, 0, 0, 0, 0
"T_BUS3102_L", 0.208, 1,    118.166,   87.8,   0.98399, 2,    118.166,  -92.2,   0.98399, 0, 0, 0, 0, 0, 0, 0, 0, 0, 0, 0, 0, 0, 0, 0, 0
"T_BUS3103_L", 0.208, 1,    119.416,   88.0,    0.9944, 2,    119.416,  -92.0,    0.9944, 0, 0, 0, 0, 0, 0, 0, 0, 0, 0, 0, 0, 0, 0, 0, 0
"T_BUS3104_L", 0.208, 1,    120.317,   88.0,    1.0019, 2,    120.317,  -92.0,    1.0019, 0, 0, 0, 0, 0, 0, 0, 0, 0, 0, 0, 0, 0, 0, 0, 0
"T_BUS3105_L", 0.208, 1,    120.151,   88.1,    1.0005, 2,    120.151,  -91.9,    1.0005, 0, 0, 0, 0, 0, 0, 0, 0, 0, 0, 0, 0, 0, 0, 0, 0
"T_BUS3106_L", 0.208, 1,    120.119,   87.9,    1.0003, 2,    120.119,  -92.1,    1.0003, 0, 0, 0, 0, 0, 0, 0, 0, 0, 0, 0, 0, 0, 0, 0, 0
"T_BUS3108_L", 0.208, 1,    119.944,  -32.2,    0.9988, 2,    119.944,  147.8,    0.9988, 0, 0, 0, 0, 0, 0, 0, 0, 0, 0, 0, 0, 0, 0, 0, 0
"T_BUS3109_L", 0.208, 1,      115.1,  -32.6,   0.95846, 2,      115.1,  147.4,   0.95846, 0, 0, 0, 0, 0, 0, 0, 0, 0, 0, 0, 0, 0, 0, 0, 0
"T_BUS3110_L", 0.208, 1,    118.585,  -32.8,   0.98747, 2,    118.585,  147.2,   0.98747, 0, 0, 0, 0, 0, 0, 0, 0, 0, 0, 0, 0, 0, 0, 0, 0
"T_BUS3111_L", 0.208, 1,    118.287,  -32.6,     0.985, 2,    118.287,  147.4,     0.985, 0, 0, 0, 0, 0, 0, 0, 0, 0, 0, 0, 0, 0, 0, 0, 0
"T_BUS3112_L", 0.208, 1,    118.623,  -32.7,   0.98779, 2,    118.623,  147.3,   0.98779, 0, 0, 0, 0, 0, 0, 0, 0, 0, 0, 0, 0, 0, 0, 0, 0
"T_BUS3114_L", 0.208, 1,    119.647, -151.8,   0.99632, 2,    119.647,   28.2,   0.99632, 0, 0, 0, 0, 0, 0, 0, 0, 0, 0, 0, 0, 0, 0, 0, 0
"T_BUS3115_L", 0.208, 1,    120.021, -152.2,   0.99943, 2,    120.021,   27.8,   0.99943, 0, 0, 0, 0, 0, 0, 0, 0, 0, 0, 0, 0, 0, 0, 0, 0
"T_BUS3116_L", 0.208, 1,    119.021, -152.1,   0.99111, 2,    119.021,   27.9,   0.99111, 0, 0, 0, 0, 0, 0, 0, 0, 0, 0, 0, 0, 0, 0, 0, 0
"T_BUS3117_L", 0.208, 1,    120.226, -151.8,    1.0011, 2,    120.226,   28.2,    1.0011, 0, 0, 0, 0, 0, 0, 0, 0, 0, 0, 0, 0, 0, 0, 0, 0
"T_BUS3120_L", 0.208, 1,    120.567, -151.9,     1.004, 2,    120.567,   28.1,     1.004, 0, 0, 0, 0, 0, 0, 0, 0, 0, 0, 0, 0, 0, 0, 0, 0
"T_BUS3121_L", 0.208, 1,    120.618, -151.9,    1.0044, 2,    120.618,   28.1,    1.0044, 0, 0, 0, 0, 0, 0, 0, 0, 0, 0, 0, 0, 0, 0, 0, 0
"T_BUS3122_L", 0.208, 1,    119.913, -151.8,   0.99853, 2,    119.913,   28.2,   0.99853, 0, 0, 0, 0, 0, 0, 0, 0, 0, 0, 0, 0, 0, 0, 0, 0
"T_BUS3123_L", 0.208, 1,    119.526, -151.8,   0.99531, 2,    119.526,   28.2,   0.99531, 0, 0, 0, 0, 0, 0, 0, 0, 0, 0, 0, 0, 0, 0, 0, 0
"T_BUS3124_L", 0.208, 1,    120.287, -151.8,    1.0016, 2,    120.287,   28.2,    1.0016, 0, 0, 0, 0, 0, 0, 0, 0, 0, 0, 0, 0, 0, 0, 0, 0
"T_BUS3125_L", 0.208, 1,    121.245, -151.7,    1.0096, 2,    121.245,   28.3,    1.0096, 0, 0, 0, 0, 0, 0, 0, 0, 0, 0, 0, 0, 0, 0, 0, 0
"T_BUS3126_L", 0.208, 1,    119.092, -151.9,    0.9917, 2,    119.092,   28.1,    0.9917, 0, 0, 0, 0, 0, 0, 0, 0, 0, 0, 0, 0, 0, 0, 0, 0
"T_BUS3127_L", 0.208, 1,    119.434, -152.1,   0.99454, 2,    119.434,   27.9,   0.99454, 0, 0, 0, 0, 0, 0, 0, 0, 0, 0, 0, 0, 0, 0, 0, 0
"T_BUS3128_L", 0.208, 1,    120.199, -151.9,    1.0009, 2,    120.199,   28.1,    1.0009, 0, 0, 0, 0, 0, 0, 0, 0, 0, 0, 0, 0, 0, 0, 0, 0
"T_BUS3129_L", 0.208, 1,    120.865, -151.8,    1.0065, 2,    120.865,   28.2,    1.0065, 0, 0, 0, 0, 0, 0, 0, 0, 0, 0, 0, 0, 0, 0, 0, 0
"T_BUS3130_L", 0.208, 1,     120.31, -152.0,    1.0018, 2,     120.31,   28.0,    1.0018, 0, 0, 0, 0, 0, 0, 0, 0, 0, 0, 0, 0, 0, 0, 0, 0
"T_BUS3131_L", 0.208, 1,    120.137, -151.8,    1.0004, 2,    120.137,   28.2,    1.0004, 0, 0, 0, 0, 0, 0, 0, 0, 0, 0, 0, 0, 0, 0, 0, 0
"T_BUS3132_L", 0.208, 1,    117.464,  -32.6,   0.97814, 2,    117.464,  147.4,   0.97814, 0, 0, 0, 0, 0, 0, 0, 0, 0, 0, 0, 0, 0, 0, 0, 0
"T_BUS3134_L", 0.208, 1,    119.261,  -32.5,    0.9931, 2,    119.261,  147.5,    0.9931, 0, 0, 0, 0, 0, 0, 0, 0, 0, 0, 0, 0, 0, 0, 0, 0
"T_BUS3135_L", 0.208, 1,    117.915,  -32.5,    0.9819, 2,    117.915,  147.5,    0.9819, 0, 0, 0, 0, 0, 0, 0, 0, 0, 0, 0, 0, 0, 0, 0, 0
"T_BUS3136_L", 0.208, 1,    117.898,  -32.4,   0.98176, 2,    117.898,  147.6,   0.98176, 0, 0, 0, 0, 0, 0, 0, 0, 0, 0, 0, 0, 0, 0, 0, 0
"T_BUS3137_L", 0.208, 1,    117.378,  -33.0,   0.97743, 2,    117.378,  147.0,   0.97743, 0, 0, 0, 0, 0, 0, 0, 0, 0, 0, 0, 0, 0, 0, 0, 0
"T_BUS3138_L", 0.208, 1,    118.255,  -32.4,   0.98473, 2,    118.255,  147.6,   0.98473, 0, 0, 0, 0, 0, 0, 0, 0, 0, 0, 0, 0, 0, 0, 0, 0
"T_BUS3139_L", 0.208, 1,    120.612,  -32.1,    1.0044, 2,    120.612,  147.9,    1.0044, 0, 0, 0, 0, 0, 0, 0, 0, 0, 0, 0, 0, 0, 0, 0, 0
"T_BUS3141_L", 0.208, 1,    119.359,   87.9,   0.99392, 2,    119.359,  -92.1,   0.99392, 0, 0, 0, 0, 0, 0, 0, 0, 0, 0, 0, 0, 0, 0, 0, 0
"T_BUS3142_L", 0.208, 1,    119.631,   88.0,   0.99618, 2,    119.631,  -92.0,   0.99618, 0, 0, 0, 0, 0, 0, 0, 0, 0, 0, 0, 0, 0, 0, 0, 0
"T_BUS3143_L", 0.208, 1,    118.148,   87.9,   0.98384, 2,    118.148,  -92.1,   0.98384, 0, 0, 0, 0, 0, 0, 0, 0, 0, 0, 0, 0, 0, 0, 0, 0
"T_BUS3144_L", 0.208, 1,    120.831,   88.3,    1.0062, 2,    120.831,  -91.7,    1.0062, 0, 0, 0, 0, 0, 0, 0, 0, 0, 0, 0, 0, 0, 0, 0, 0
"T_BUS3145_L", 0.208, 1,    120.329,   88.3,     1.002, 2,    120.329,  -91.7,     1.002, 0, 0, 0, 0, 0, 0, 0, 0, 0, 0, 0, 0, 0, 0, 0, 0
"T_BUS3146_L", 0.208, 1,    120.407,   88.3,    1.0026, 2,    120.407,  -91.7,    1.0026, 0, 0, 0, 0, 0, 0, 0, 0, 0, 0, 0, 0, 0, 0, 0, 0
"T_BUS3147_L", 0.208, 1,    117.598,   88.0,   0.97926, 2,    117.598,  -92.0,   0.97926, 0, 0, 0, 0, 0, 0, 0, 0, 0, 0, 0, 0, 0, 0, 0, 0
"T_BUS3148_L", 0.208, 1,    118.306,   87.9,   0.98516, 2,    118.306,  -92.1,   0.98516, 0, 0, 0, 0, 0, 0, 0, 0, 0, 0, 0, 0, 0, 0, 0, 0
"T_BUS3149_L", 0.208, 1,    120.271,   88.2,    1.0015, 2,    120.271,  -91.8,    1.0015, 0, 0, 0, 0, 0, 0, 0, 0, 0, 0, 0, 0, 0, 0, 0, 0
"T_BUS3150_L", 0.208, 1,    120.432,   88.0,    1.0029, 2,    120.432,  -92.0,    1.0029, 0, 0, 0, 0, 0, 0, 0, 0, 0, 0, 0, 0, 0, 0, 0, 0
"T_BUS3151_L", 0.208, 1,    120.625,   88.1,    1.0045, 2,    120.625,  -91.9,    1.0045, 0, 0, 0, 0, 0, 0, 0, 0, 0, 0, 0, 0, 0, 0, 0, 0
"T_BUS3152_L", 0.208, 1,    120.457,   88.1,    1.0031, 2,    120.457,  -91.9,    1.0031, 0, 0, 0, 0, 0, 0, 0, 0, 0, 0, 0, 0, 0, 0, 0, 0
"T_BUS3153_L", 0.208, 1,    118.567,   88.1,   0.98733, 2,    118.567,  -91.9,   0.98733, 0, 0, 0, 0, 0, 0, 0, 0, 0, 0, 0, 0, 0, 0, 0, 0
"T_BUS3154_L", 0.208, 1,    119.992,   87.7,   0.99919, 2,    119.992,  -92.3,   0.99919, 0, 0, 0, 0, 0, 0, 0, 0, 0, 0, 0, 0, 0, 0, 0, 0
"T_BUS3155_L", 0.208, 1,     120.67,   88.2,    1.0048, 2,     120.67,  -91.8,    1.0048, 0, 0, 0, 0, 0, 0, 0, 0, 0, 0, 0, 0, 0, 0, 0, 0
"T_BUS3157_L", 0.208, 1,    118.392,   87.9,   0.98587, 2,    118.392,  -92.1,   0.98587, 0, 0, 0, 0, 0, 0, 0, 0, 0, 0, 0, 0, 0, 0, 0, 0
"T_BUS3158_L", 0.208, 1,    119.459,   87.9,   0.99476, 2,    119.459,  -92.1,   0.99476, 0, 0, 0, 0, 0, 0, 0, 0, 0, 0, 0, 0, 0, 0, 0, 0
"T_BUS3159_L", 0.208, 1,    118.305,   87.9,   0.98515, 2,    118.305,  -92.1,   0.98515, 0, 0, 0, 0, 0, 0, 0, 0, 0, 0, 0, 0, 0, 0, 0, 0
"T_BUS3160_L", 0.208, 1,    119.857,   87.8,   0.99807, 2,    119.857,  -92.2,   0.99807, 0, 0, 0, 0, 0, 0, 0, 0, 0, 0, 0, 0, 0, 0, 0, 0
"T_BUS3161_L", 0.208, 1,    120.431,   88.0,    1.0028, 2,    120.431,  -92.0,    1.0028, 0, 0, 0, 0, 0, 0, 0, 0, 0, 0, 0, 0, 0, 0, 0, 0
"T_BUS3162_L", 0.208, 1,    120.134,   87.8,    1.0004, 2,    120.134,  -92.2,    1.0004, 0, 0, 0, 0, 0, 0, 0, 0, 0, 0, 0, 0, 0, 0, 0, 0
"T_BUS1003_L", 0.208, 1,    120.861,  -32.3,    1.0064, 2,    121.057, -152.1,    1.0081, 3,    121.066,   87.8,    1.0081, 0, 0, 0, 0, 0, 0, 0, 0, 0, 0, 0, 0
"T_BUS1004_L", 0.208, 1,    121.412,  -31.7,     1.011, 2,    121.606, -151.5,    1.0126, 3,    121.618,   88.4,    1.0127, 0, 0, 0, 0, 0, 0, 0, 0, 0, 0, 0, 0
"T_BUS1005_L", 0.208, 1,     121.72,  -31.7,    1.0136, 2,    121.912, -151.5,    1.0152, 3,    121.926,   88.4,    1.0153, 0, 0, 0, 0, 0, 0, 0, 0, 0, 0, 0, 0
"T_BUS1008_L", 0.208, 1,    118.997,  -31.9,   0.99091, 2,    119.178, -151.7,   0.99242, 3,    119.197,   88.2,   0.99257, 0, 0, 0, 0, 0, 0, 0, 0, 0, 0, 0, 0
"T_BUS1009_L", 0.208, 1,    120.094,  -32.0,         1, 2,    120.275, -151.8,    1.0015, 3,    120.293,   88.2,    1.0017, 0, 0, 0, 0, 0, 0, 0, 0, 0, 0, 0, 0
"T_BUS1010_L", 0.208, 1,    120.679,  -31.8,    1.0049, 2,    120.861, -151.6,    1.0064, 3,    120.879,   88.3,    1.0066, 0, 0, 0, 0, 0, 0, 0, 0, 0, 0, 0, 0
"T_BUS1013_L", 0.208, 1,    122.007,  -31.7,     1.016, 2,    122.189, -151.5,    1.0175, 3,    122.205,   88.5,    1.0176, 0, 0, 0, 0, 0, 0, 0, 0, 0, 0, 0, 0
"T_BUS2002_L", 0.208, 1,    121.294,  -32.2,      1.01, 2,    121.463, -152.0,    1.0114, 3,    121.502,   88.0,    1.0118, 0, 0, 0, 0, 0, 0, 0, 0, 0, 0, 0, 0
"T_BUS2003_L", 0.208, 1,    120.545,  -32.0,    1.0038, 2,    120.698, -151.8,    1.0051, 3,    120.773,   88.1,    1.0057, 0, 0, 0, 0, 0, 0, 0, 0, 0, 0, 0, 0
"T_BUS2005_L", 0.208, 1,    120.109,  -31.9,    1.0002, 2,    120.248, -151.7,    1.0013, 3,    120.353,   88.2,    1.0022, 0, 0, 0, 0, 0, 0, 0, 0, 0, 0, 0, 0
"T_BUS2010_L", 0.208, 1,    121.635,  -31.7,    1.0129, 2,    121.771, -151.6,     1.014, 3,    121.887,   88.4,     1.015, 0, 0, 0, 0, 0, 0, 0, 0, 0, 0, 0, 0
"T_BUS2011_L", 0.208, 1,    120.944,  -31.8,    1.0071, 2,    121.075, -151.7,    1.0082, 3,    121.199,   88.3,    1.0092, 0, 0, 0, 0, 0, 0, 0, 0, 0, 0, 0, 0
"T_BUS2029_L", 0.208, 1,    120.994,  -32.0,    1.0075, 2,     121.12, -151.8,    1.0086, 3,    121.264,   88.1,    1.0098, 0, 0, 0, 0, 0, 0, 0, 0, 0, 0, 0, 0
"T_BUS2030_L", 0.208, 1,    121.344,  -31.8,    1.0105, 2,    121.472, -151.6,    1.0115, 3,    121.617,   88.3,    1.0127, 0, 0, 0, 0, 0, 0, 0, 0, 0, 0, 0, 0
"T_BUS2032_L", 0.208, 1,    121.554,  -31.7,    1.0122, 2,    121.678, -151.6,    1.0132, 3,    121.825,   88.4,    1.0145, 0, 0, 0, 0, 0, 0, 0, 0, 0, 0, 0, 0
"T_BUS2034_L", 0.208, 1,    121.186,  -31.8,    1.0091, 2,    121.309, -151.6,    1.0102, 3,    121.459,   88.3,    1.0114, 0, 0, 0, 0, 0, 0, 0, 0, 0, 0, 0, 0
"T_BUS2035_L", 0.208, 1,    121.556,  -31.8,    1.0122, 2,    121.679, -151.6,    1.0132, 3,    121.832,   88.3,    1.0145, 0, 0, 0, 0, 0, 0, 0, 0, 0, 0, 0, 0
"T_BUS2037_L", 0.208, 1,    121.165,  -31.8,     1.009, 2,    121.287, -151.7,      1.01, 3,    121.443,   88.3,    1.0113, 0, 0, 0, 0, 0, 0, 0, 0, 0, 0, 0, 0
"T_BUS2040_L", 0.208, 1,    119.194,  -33.4,   0.99255, 2,    119.311, -153.2,   0.99353, 3,    119.478,   86.7,   0.99491, 0, 0, 0, 0, 0, 0, 0, 0, 0, 0, 0, 0
"T_BUS2041_L", 0.208, 1,    121.594,  -31.8,    1.0125, 2,    121.714, -151.7,    1.0135, 3,    121.884,   88.3,    1.0149, 0, 0, 0, 0, 0, 0, 0, 0, 0, 0, 0, 0
"T_BUS2042_L", 0.208, 1,    121.409,  -31.8,     1.011, 2,    121.528, -151.7,     1.012, 3,    121.698,   88.3,    1.0134, 0, 0, 0, 0, 0, 0, 0, 0, 0, 0, 0, 0
"T_BUS2043_L", 0.208, 1,    121.206,  -31.9,    1.0093, 2,    121.323, -151.8,    1.0103, 3,    121.497,   88.2,    1.0117, 0, 0, 0, 0, 0, 0, 0, 0, 0, 0, 0, 0
"T_BUS2052_L", 0.208, 1,    119.904,  -33.1,   0.99846, 2,    120.014, -153.0,   0.99938, 3,    120.187,   87.0,    1.0008, 0, 0, 0, 0, 0, 0, 0, 0, 0, 0, 0, 0
"T_BUS2053_L", 0.208, 1,    121.724,  -31.9,    1.0136, 2,     121.85, -151.7,    1.0147, 3,    122.037,   88.2,    1.0162, 0, 0, 0, 0, 0, 0, 0, 0, 0, 0, 0, 0
"T_BUS2058_L", 0.208, 1,    120.748,  -32.4,    1.0055, 2,    120.865, -152.2,    1.0065, 3,    121.059,   87.7,    1.0081, 0, 0, 0, 0, 0, 0, 0, 0, 0, 0, 0, 0
"T_BUS3002_L", 0.208, 1,    117.527,  -32.2,   0.97867, 2,     117.96, -152.0,   0.98228, 3,    117.845,   88.0,   0.98131, 0, 0, 0, 0, 0, 0, 0, 0, 0, 0, 0, 0
"T_BUS3004_L", 0.208, 1,    121.166,  -31.7,     1.009, 2,    121.613, -151.5,    1.0127, 3,    121.494,   88.5,    1.0117, 0, 0, 0, 0, 0, 0, 0, 0, 0, 0, 0, 0
"T_BUS3006_L", 0.208, 1,    120.518,  -31.8,    1.0036, 2,    121.175, -151.6,     1.009, 3,    120.951,   88.4,    1.0072, 0, 0, 0, 0, 0, 0, 0, 0, 0, 0, 0, 0
"T_BUS3007_L", 0.208, 1,    120.176,  -31.9,    1.0007, 2,     120.83, -151.7,    1.0062, 3,    120.607,   88.3,    1.0043, 0, 0, 0, 0, 0, 0, 0, 0, 0, 0, 0, 0
"T_BUS3031_L", 0.208, 1,    120.404,  -32.0,    1.0026, 2,    121.143, -151.7,    1.0088, 3,    120.818,   88.2,    1.0061, 0, 0, 0, 0, 0, 0, 0, 0, 0, 0, 0, 0
"T_BUS3032_L", 0.208, 1,    119.878,  -32.0,   0.99824, 2,    120.634, -151.7,    1.0045, 3,    120.285,   88.3,    1.0016, 0, 0, 0, 0, 0, 0, 0, 0, 0, 0, 0, 0
"T_BUS3033_L", 0.208, 1,    119.005,  -32.2,   0.99098, 2,    119.786, -151.8,   0.99748, 3,    119.401,   88.1,   0.99427, 0, 0, 0, 0, 0, 0, 0, 0, 0, 0, 0, 0
"T_BUS3034_L", 0.208, 1,    120.233,  -32.1,    1.0012, 2,    121.043, -151.8,    1.0079, 3,    120.627,   88.2,    1.0045, 0, 0, 0, 0, 0, 0, 0, 0, 0, 0, 0, 0
"T_BUS3035_L", 0.208, 1,    118.901,  -32.2,   0.99011, 2,    119.608, -151.9,   0.99599, 3,    119.318,   88.1,   0.99358, 0, 0, 0, 0, 0, 0, 0, 0, 0, 0, 0, 0
"T_BUS3036_L", 0.208, 1,    120.434,  -32.0,    1.0029, 2,    121.139, -151.7,    1.0087, 3,    120.864,   88.3,    1.0065, 0, 0, 0, 0, 0, 0, 0, 0, 0, 0, 0, 0
"T_BUS3037_L", 0.208, 1,    119.625,  -32.0,   0.99614, 2,     120.32, -151.7,    1.0019, 3,    120.057,   88.3,   0.99973, 0, 0, 0, 0, 0, 0, 0, 0, 0, 0, 0, 0
"T_BUS3038_L", 0.208, 1,     119.97,  -32.0,   0.99901, 2,    120.657, -151.8,    1.0047, 3,    120.411,   88.2,    1.0027, 0, 0, 0, 0, 0, 0, 0, 0, 0, 0, 0, 0
"T_BUS3039_L", 0.208, 1,    120.277,  -32.0,    1.0016, 2,    120.955, -151.8,    1.0072, 3,    120.725,   88.2,    1.0053, 0, 0, 0, 0, 0, 0, 0, 0, 0, 0, 0, 0
"T_BUS3047_L", 0.208, 1,    119.009,  -32.1,   0.99101, 2,    119.714, -151.8,   0.99688, 3,     119.41,   88.1,   0.99435, 0, 0, 0, 0, 0, 0, 0, 0, 0, 0, 0, 0
"T_BUS3048_L", 0.208, 1,    120.747,  -32.0,    1.0055, 2,    121.462, -151.7,    1.0114, 3,    121.154,   88.3,    1.0089, 0, 0, 0, 0, 0, 0, 0, 0, 0, 0, 0, 0
"T_BUS3049_L", 0.208, 1,    120.928,  -31.9,     1.007, 2,    121.644, -151.6,     1.013, 3,    121.336,   88.4,    1.0104, 0, 0, 0, 0, 0, 0, 0, 0, 0, 0, 0, 0
"T_BUS3050_L", 0.208, 1,    120.696,  -31.9,    1.0051, 2,    121.411, -151.6,     1.011, 3,    121.103,   88.4,    1.0084, 0, 0, 0, 0, 0, 0, 0, 0, 0, 0, 0, 0
"T_BUS3051_L", 0.208, 1,    120.742,  -31.9,    1.0054, 2,    121.457, -151.6,    1.0114, 3,    121.149,   88.4,    1.0088, 0, 0, 0, 0, 0, 0, 0, 0, 0, 0, 0, 0
"T_BUS3052_L", 0.208, 1,    119.838,  -31.9,   0.99791, 2,    120.548, -151.7,    1.0038, 3,    120.242,   88.3,    1.0013, 0, 0, 0, 0, 0, 0, 0, 0, 0, 0, 0, 0
"T_BUS3054_L", 0.208, 1,    120.725,  -31.9,    1.0053, 2,    121.396, -151.6,    1.0109, 3,    121.183,   88.4,    1.0091, 0, 0, 0, 0, 0, 0, 0, 0, 0, 0, 0, 0
"T_BUS3070_L", 0.208, 1,    121.006,  -32.0,    1.0076, 2,    121.833, -151.6,    1.0145, 3,    121.398,   88.3,    1.0109, 0, 0, 0, 0, 0, 0, 0, 0, 0, 0, 0, 0
"T_BUS3071_L", 0.208, 1,    120.688,  -32.0,     1.005, 2,    121.514, -151.6,    1.0119, 3,     121.08,   88.3,    1.0083, 0, 0, 0, 0, 0, 0, 0, 0, 0, 0, 0, 0
"T_BUS3072_L", 0.208, 1,    120.779,  -32.0,    1.0057, 2,    121.605, -151.7,    1.0126, 3,    121.171,   88.3,     1.009, 0, 0, 0, 0, 0, 0, 0, 0, 0, 0, 0, 0
"T_BUS3073_L", 0.208, 1,    120.622,  -32.0,    1.0044, 2,    121.447, -151.6,    1.0113, 3,    121.014,   88.3,    1.0077, 0, 0, 0, 0, 0, 0, 0, 0, 0, 0, 0, 0
"T_BUS3074_L", 0.208, 1,    120.024,  -32.0,   0.99946, 2,    120.846, -151.7,    1.0063, 3,    120.414,   88.3,    1.0027, 0, 0, 0, 0, 0, 0, 0, 0, 0, 0, 0, 0
"T_BUS3077_L", 0.208, 1,    120.083,  -32.6,   0.99996, 2,     120.92, -152.3,    1.0069, 3,    120.469,   87.7,    1.0032, 0, 0, 0, 0, 0, 0, 0, 0, 0, 0, 0, 0
"T_BUS3078_L", 0.208, 1,    120.182,  -32.0,    1.0008, 2,    121.019, -151.7,    1.0077, 3,    120.568,   88.3,     1.004, 0, 0, 0, 0, 0, 0, 0, 0, 0, 0, 0, 0
"T_BUS3081_L", 0.208, 1,    120.736,  -32.1,    1.0054, 2,    121.641, -151.7,    1.0129, 3,    121.106,   88.3,    1.0085, 0, 0, 0, 0, 0, 0, 0, 0, 0, 0, 0, 0
"BUS_XFMR", 12.47, 1,    7830.97,  -31.6,    1.0877, 2,    7844.02, -151.4,    1.0895, 3,    7844.17,   88.5,    1.0895, 0, 0, 0, 0, 0, 0, 0, 0, 0, 0, 0, 0
