hour,t(sec),P1(kW),Q1(kvar),P2(kW),Q2(kvar),P3(kW),Q3(kvar),Name,P4(kW),Q4(kvar)
1,0.0,0.0,0.0,0.0,0.0,0.0,0.0,mongenerator-diesel_670,,
2,0.0,0.0,0.0,0.0,0.0,0.0,0.0,mongenerator-diesel_670,,
3,0.0,0.0,0.0,0.0,0.0,0.0,0.0,mongenerator-diesel_670,,
4,0.0,0.0,0.0,0.0,0.0,0.0,0.0,mongenerator-diesel_670,,
5,0.0,0.0,0.0,0.0,0.0,0.0,0.0,mongenerator-diesel_670,,
6,0.0,0.0,0.0,0.0,0.0,0.0,0.0,mongenerator-diesel_670,,
7,0.0,0.0,0.0,0.0,0.0,0.0,0.0,mongenerator-diesel_670,,
8,0.0,0.0,0.0,0.0,0.0,0.0,0.0,mongenerator-diesel_670,,
9,0.0,0.0,0.0,0.0,0.0,0.0,0.0,mongenerator-diesel_670,,
10,0.0,0.0,0.0,0.0,0.0,0.0,0.0,mongenerator-diesel_670,,
11,0.0,0.0,0.0,0.0,0.0,0.0,0.0,mongenerator-diesel_670,,
12,0.0,0.0,0.0,0.0,0.0,0.0,0.0,mongenerator-diesel_670,,
13,0.0,0.0,0.0,0.0,0.0,0.0,0.0,mongenerator-diesel_670,,
14,0.0,0.0,0.0,0.0,0.0,0.0,0.0,mongenerator-diesel_670,,
15,0.0,0.0,0.0,0.0,0.0,0.0,0.0,mongenerator-diesel_670,,
16,0.0,0.0,0.0,0.0,0.0,0.0,0.0,mongenerator-diesel_670,,
17,0.0,0.0,0.0,0.0,0.0,0.0,0.0,mongenerator-diesel_670,,
18,0.0,0.0,0.0,0.0,0.0,0.0,0.0,mongenerator-diesel_670,,
19,0.0,0.0,0.0,0.0,0.0,0.0,0.0,mongenerator-diesel_670,,
20,0.0,0.0,0.0,0.0,0.0,0.0,0.0,mongenerator-diesel_670,,
21,0.0,0.0,0.0,0.0,0.0,0.0,0.0,mongenerator-diesel_670,,
22,0.0,0.0,0.0,0.0,0.0,0.0,0.0,mongenerator-diesel_670,,
23,0.0,0.0,0.0,0.0,0.0,0.0,0.0,mongenerator-diesel_670,,
24,0.0,0.0,0.0,0.0,0.0,0.0,0.0,mongenerator-diesel_670,,
25,0.0,0.0,0.0,0.0,0.0,0.0,0.0,mongenerator-diesel_670,,
26,0.0,0.0,0.0,0.0,0.0,0.0,0.0,mongenerator-diesel_670,,
27,0.0,0.0,0.0,0.0,0.0,0.0,0.0,mongenerator-diesel_670,,
28,0.0,0.0,0.0,0.0,0.0,0.0,0.0,mongenerator-diesel_670,,
29,0.0,0.0,0.0,0.0,0.0,0.0,0.0,mongenerator-diesel_670,,
30,0.0,0.0,0.0,0.0,0.0,0.0,0.0,mongenerator-diesel_670,,
31,0.0,0.0,0.0,0.0,0.0,0.0,0.0,mongenerator-diesel_670,,
32,0.0,0.0,0.0,0.0,0.0,0.0,0.0,mongenerator-diesel_670,,
33,0.0,0.0,0.0,0.0,0.0,0.0,0.0,mongenerator-diesel_670,,
34,0.0,0.0,0.0,0.0,0.0,0.0,0.0,mongenerator-diesel_670,,
35,0.0,0.0,0.0,0.0,0.0,0.0,0.0,mongenerator-diesel_670,,
36,0.0,0.0,0.0,0.0,0.0,0.0,0.0,mongenerator-diesel_670,,
37,0.0,0.0,0.0,0.0,0.0,0.0,0.0,mongenerator-diesel_670,,
38,0.0,0.0,0.0,0.0,0.0,0.0,0.0,mongenerator-diesel_670,,
39,0.0,0.0,0.0,0.0,0.0,0.0,0.0,mongenerator-diesel_670,,
40,0.0,0.0,0.0,0.0,0.0,0.0,0.0,mongenerator-diesel_670,,
41,0.0,0.0,0.0,0.0,0.0,0.0,0.0,mongenerator-diesel_670,,
42,0.0,0.0,0.0,0.0,0.0,0.0,0.0,mongenerator-diesel_670,,
43,0.0,0.0,0.0,0.0,0.0,0.0,0.0,mongenerator-diesel_670,,
44,0.0,0.0,0.0,0.0,0.0,0.0,0.0,mongenerator-diesel_670,,
45,0.0,0.0,0.0,0.0,0.0,0.0,0.0,mongenerator-diesel_670,,
46,0.0,0.0,0.0,0.0,0.0,0.0,0.0,mongenerator-diesel_670,,
47,0.0,0.0,0.0,0.0,0.0,0.0,0.0,mongenerator-diesel_670,,
48,0.0,0.0,0.0,0.0,0.0,0.0,0.0,mongenerator-diesel_670,,
49,0.0,0.0,0.0,0.0,0.0,0.0,0.0,mongenerator-diesel_670,,
50,0.0,0.0,0.0,0.0,0.0,0.0,0.0,mongenerator-diesel_670,,
51,0.0,0.0,0.0,0.0,0.0,0.0,0.0,mongenerator-diesel_670,,
52,0.0,0.0,0.0,0.0,0.0,0.0,0.0,mongenerator-diesel_670,,
53,0.0,0.0,0.0,0.0,0.0,0.0,0.0,mongenerator-diesel_670,,
54,0.0,0.0,0.0,0.0,0.0,0.0,0.0,mongenerator-diesel_670,,
55,0.0,0.0,0.0,0.0,0.0,0.0,0.0,mongenerator-diesel_670,,
56,0.0,0.0,0.0,0.0,0.0,0.0,0.0,mongenerator-diesel_670,,
57,0.0,0.0,0.0,0.0,0.0,0.0,0.0,mongenerator-diesel_670,,
58,0.0,0.0,0.0,0.0,0.0,0.0,0.0,mongenerator-diesel_670,,
59,0.0,0.0,0.0,0.0,0.0,0.0,0.0,mongenerator-diesel_670,,
60,0.0,0.0,0.0,0.0,0.0,0.0,0.0,mongenerator-diesel_670,,
61,0.0,0.0,0.0,0.0,0.0,0.0,0.0,mongenerator-diesel_670,,
62,0.0,0.0,0.0,0.0,0.0,0.0,0.0,mongenerator-diesel_670,,
63,0.0,0.0,0.0,0.0,0.0,0.0,0.0,mongenerator-diesel_670,,
64,0.0,0.0,0.0,0.0,0.0,0.0,0.0,mongenerator-diesel_670,,
65,0.0,0.0,0.0,0.0,0.0,0.0,0.0,mongenerator-diesel_670,,
66,0.0,0.0,0.0,0.0,0.0,0.0,0.0,mongenerator-diesel_670,,
67,0.0,0.0,0.0,0.0,0.0,0.0,0.0,mongenerator-diesel_670,,
68,0.0,0.0,0.0,0.0,0.0,0.0,0.0,mongenerator-diesel_670,,
69,0.0,0.0,0.0,0.0,0.0,0.0,0.0,mongenerator-diesel_670,,
70,0.0,0.0,0.0,0.0,0.0,0.0,0.0,mongenerator-diesel_670,,
71,0.0,0.0,0.0,0.0,0.0,0.0,0.0,mongenerator-diesel_670,,
72,0.0,0.0,0.0,0.0,0.0,0.0,0.0,mongenerator-diesel_670,,
73,0.0,0.0,0.0,0.0,0.0,0.0,0.0,mongenerator-diesel_670,,
74,0.0,0.0,0.0,0.0,0.0,0.0,0.0,mongenerator-diesel_670,,
75,0.0,0.0,0.0,0.0,0.0,0.0,0.0,mongenerator-diesel_670,,
76,0.0,0.0,0.0,0.0,0.0,0.0,0.0,mongenerator-diesel_670,,
77,0.0,0.0,0.0,0.0,0.0,0.0,0.0,mongenerator-diesel_670,,
78,0.0,0.0,0.0,0.0,0.0,0.0,0.0,mongenerator-diesel_670,,
79,0.0,0.0,0.0,0.0,0.0,0.0,0.0,mongenerator-diesel_670,,
80,0.0,0.0,0.0,0.0,0.0,0.0,0.0,mongenerator-diesel_670,,
81,0.0,0.0,0.0,0.0,0.0,0.0,0.0,mongenerator-diesel_670,,
82,0.0,0.0,0.0,0.0,0.0,0.0,0.0,mongenerator-diesel_670,,
83,0.0,0.0,0.0,0.0,0.0,0.0,0.0,mongenerator-diesel_670,,
84,0.0,0.0,0.0,0.0,0.0,0.0,0.0,mongenerator-diesel_670,,
85,0.0,0.0,0.0,0.0,0.0,0.0,0.0,mongenerator-diesel_670,,
86,0.0,0.0,0.0,0.0,0.0,0.0,0.0,mongenerator-diesel_670,,
87,0.0,0.0,0.0,0.0,0.0,0.0,0.0,mongenerator-diesel_670,,
88,0.0,0.0,0.0,0.0,0.0,0.0,0.0,mongenerator-diesel_670,,
89,0.0,0.0,0.0,0.0,0.0,0.0,0.0,mongenerator-diesel_670,,
90,0.0,0.0,0.0,0.0,0.0,0.0,0.0,mongenerator-diesel_670,,
91,0.0,0.0,0.0,0.0,0.0,0.0,0.0,mongenerator-diesel_670,,
92,0.0,0.0,0.0,0.0,0.0,0.0,0.0,mongenerator-diesel_670,,
93,0.0,0.0,0.0,0.0,0.0,0.0,0.0,mongenerator-diesel_670,,
94,0.0,0.0,0.0,0.0,0.0,0.0,0.0,mongenerator-diesel_670,,
95,0.0,0.0,0.0,0.0,0.0,0.0,0.0,mongenerator-diesel_670,,
96,0.0,0.0,0.0,0.0,0.0,0.0,0.0,mongenerator-diesel_670,,
97,0.0,0.0,0.0,0.0,0.0,0.0,0.0,mongenerator-diesel_670,,
98,0.0,0.0,0.0,0.0,0.0,0.0,0.0,mongenerator-diesel_670,,
99,0.0,0.0,0.0,0.0,0.0,0.0,0.0,mongenerator-diesel_670,,
100,0.0,0.0,0.0,0.0,0.0,0.0,0.0,mongenerator-diesel_670,,
101,0.0,0.0,0.0,0.0,0.0,0.0,0.0,mongenerator-diesel_670,,
102,0.0,0.0,0.0,0.0,0.0,0.0,0.0,mongenerator-diesel_670,,
103,0.0,0.0,0.0,0.0,0.0,0.0,0.0,mongenerator-diesel_670,,
104,0.0,0.0,0.0,0.0,0.0,0.0,0.0,mongenerator-diesel_670,,
105,0.0,0.0,0.0,0.0,0.0,0.0,0.0,mongenerator-diesel_670,,
106,0.0,0.0,0.0,0.0,0.0,0.0,0.0,mongenerator-diesel_670,,
107,0.0,0.0,0.0,0.0,0.0,0.0,0.0,mongenerator-diesel_670,,
108,0.0,0.0,0.0,0.0,0.0,0.0,0.0,mongenerator-diesel_670,,
109,0.0,0.0,0.0,0.0,0.0,0.0,0.0,mongenerator-diesel_670,,
110,0.0,0.0,0.0,0.0,0.0,0.0,0.0,mongenerator-diesel_670,,
111,0.0,0.0,0.0,0.0,0.0,0.0,0.0,mongenerator-diesel_670,,
112,0.0,0.0,0.0,0.0,0.0,0.0,0.0,mongenerator-diesel_670,,
113,0.0,0.0,0.0,0.0,0.0,0.0,0.0,mongenerator-diesel_670,,
114,0.0,0.0,0.0,0.0,0.0,0.0,0.0,mongenerator-diesel_670,,
115,0.0,0.0,0.0,0.0,0.0,0.0,0.0,mongenerator-diesel_670,,
116,0.0,0.0,0.0,0.0,0.0,0.0,0.0,mongenerator-diesel_670,,
117,0.0,0.0,0.0,0.0,0.0,0.0,0.0,mongenerator-diesel_670,,
118,0.0,0.0,0.0,0.0,0.0,0.0,0.0,mongenerator-diesel_670,,
119,0.0,0.0,0.0,0.0,0.0,0.0,0.0,mongenerator-diesel_670,,
120,0.0,0.0,0.0,0.0,0.0,0.0,0.0,mongenerator-diesel_670,,
121,0.0,0.0,0.0,0.0,0.0,0.0,0.0,mongenerator-diesel_670,,
122,0.0,0.0,0.0,0.0,0.0,0.0,0.0,mongenerator-diesel_670,,
123,0.0,0.0,0.0,0.0,0.0,0.0,0.0,mongenerator-diesel_670,,
124,0.0,0.0,0.0,0.0,0.0,0.0,0.0,mongenerator-diesel_670,,
125,0.0,0.0,0.0,0.0,0.0,0.0,0.0,mongenerator-diesel_670,,
126,0.0,0.0,0.0,0.0,0.0,0.0,0.0,mongenerator-diesel_670,,
127,0.0,0.0,0.0,0.0,0.0,0.0,0.0,mongenerator-diesel_670,,
128,0.0,0.0,0.0,0.0,0.0,0.0,0.0,mongenerator-diesel_670,,
129,0.0,0.0,0.0,0.0,0.0,0.0,0.0,mongenerator-diesel_670,,
130,0.0,0.0,0.0,0.0,0.0,0.0,0.0,mongenerator-diesel_670,,
131,0.0,0.0,0.0,0.0,0.0,0.0,0.0,mongenerator-diesel_670,,
132,0.0,0.0,0.0,0.0,0.0,0.0,0.0,mongenerator-diesel_670,,
133,0.0,0.0,0.0,0.0,0.0,0.0,0.0,mongenerator-diesel_670,,
134,0.0,0.0,0.0,0.0,0.0,0.0,0.0,mongenerator-diesel_670,,
135,0.0,0.0,0.0,0.0,0.0,0.0,0.0,mongenerator-diesel_670,,
136,0.0,0.0,0.0,0.0,0.0,0.0,0.0,mongenerator-diesel_670,,
137,0.0,0.0,0.0,0.0,0.0,0.0,0.0,mongenerator-diesel_670,,
138,0.0,0.0,0.0,0.0,0.0,0.0,0.0,mongenerator-diesel_670,,
139,0.0,0.0,0.0,0.0,0.0,0.0,0.0,mongenerator-diesel_670,,
140,0.0,0.0,0.0,0.0,0.0,0.0,0.0,mongenerator-diesel_670,,
141,0.0,0.0,0.0,0.0,0.0,0.0,0.0,mongenerator-diesel_670,,
142,0.0,0.0,0.0,0.0,0.0,0.0,0.0,mongenerator-diesel_670,,
143,0.0,0.0,0.0,0.0,0.0,0.0,0.0,mongenerator-diesel_670,,
144,0.0,0.0,0.0,0.0,0.0,0.0,0.0,mongenerator-diesel_670,,
145,0.0,0.0,0.0,0.0,0.0,0.0,0.0,mongenerator-diesel_670,,
146,0.0,0.0,0.0,0.0,0.0,0.0,0.0,mongenerator-diesel_670,,
147,0.0,0.0,0.0,0.0,0.0,0.0,0.0,mongenerator-diesel_670,,
148,0.0,0.0,0.0,0.0,0.0,0.0,0.0,mongenerator-diesel_670,,
149,0.0,0.0,0.0,0.0,0.0,0.0,0.0,mongenerator-diesel_670,,
150,0.0,0.0,0.0,0.0,0.0,0.0,0.0,mongenerator-diesel_670,,
151,0.0,0.0,0.0,0.0,0.0,0.0,0.0,mongenerator-diesel_670,,
152,0.0,0.0,0.0,0.0,0.0,0.0,0.0,mongenerator-diesel_670,,
153,0.0,0.0,0.0,0.0,0.0,0.0,0.0,mongenerator-diesel_670,,
154,0.0,0.0,0.0,0.0,0.0,0.0,0.0,mongenerator-diesel_670,,
155,0.0,0.0,0.0,0.0,0.0,0.0,0.0,mongenerator-diesel_670,,
156,0.0,0.0,0.0,0.0,0.0,0.0,0.0,mongenerator-diesel_670,,
157,0.0,0.0,0.0,0.0,0.0,0.0,0.0,mongenerator-diesel_670,,
158,0.0,0.0,0.0,0.0,0.0,0.0,0.0,mongenerator-diesel_670,,
159,0.0,0.0,0.0,0.0,0.0,0.0,0.0,mongenerator-diesel_670,,
160,0.0,0.0,0.0,0.0,0.0,0.0,0.0,mongenerator-diesel_670,,
161,0.0,0.0,0.0,0.0,0.0,0.0,0.0,mongenerator-diesel_670,,
162,0.0,0.0,0.0,0.0,0.0,0.0,0.0,mongenerator-diesel_670,,
163,0.0,0.0,0.0,0.0,0.0,0.0,0.0,mongenerator-diesel_670,,
164,0.0,0.0,0.0,0.0,0.0,0.0,0.0,mongenerator-diesel_670,,
165,0.0,0.0,0.0,0.0,0.0,0.0,0.0,mongenerator-diesel_670,,
166,0.0,0.0,0.0,0.0,0.0,0.0,0.0,mongenerator-diesel_670,,
167,0.0,0.0,0.0,0.0,0.0,0.0,0.0,mongenerator-diesel_670,,
168,0.0,0.0,0.0,0.0,0.0,0.0,0.0,mongenerator-diesel_670,,
169,0.0,0.0,0.0,0.0,0.0,0.0,0.0,mongenerator-diesel_670,,
170,0.0,0.0,0.0,0.0,0.0,0.0,0.0,mongenerator-diesel_670,,
171,0.0,0.0,0.0,0.0,0.0,0.0,0.0,mongenerator-diesel_670,,
172,0.0,0.0,0.0,0.0,0.0,0.0,0.0,mongenerator-diesel_670,,
173,0.0,0.0,0.0,0.0,0.0,0.0,0.0,mongenerator-diesel_670,,
174,0.0,0.0,0.0,0.0,0.0,0.0,0.0,mongenerator-diesel_670,,
175,0.0,0.0,0.0,0.0,0.0,0.0,0.0,mongenerator-diesel_670,,
176,0.0,0.0,0.0,0.0,0.0,0.0,0.0,mongenerator-diesel_670,,
177,0.0,0.0,0.0,0.0,0.0,0.0,0.0,mongenerator-diesel_670,,
178,0.0,0.0,0.0,0.0,0.0,0.0,0.0,mongenerator-diesel_670,,
179,0.0,0.0,0.0,0.0,0.0,0.0,0.0,mongenerator-diesel_670,,
180,0.0,0.0,0.0,0.0,0.0,0.0,0.0,mongenerator-diesel_670,,
181,0.0,0.0,0.0,0.0,0.0,0.0,0.0,mongenerator-diesel_670,,
182,0.0,0.0,0.0,0.0,0.0,0.0,0.0,mongenerator-diesel_670,,
183,0.0,0.0,0.0,0.0,0.0,0.0,0.0,mongenerator-diesel_670,,
184,0.0,0.0,0.0,0.0,0.0,0.0,0.0,mongenerator-diesel_670,,
185,0.0,0.0,0.0,0.0,0.0,0.0,0.0,mongenerator-diesel_670,,
186,0.0,0.0,0.0,0.0,0.0,0.0,0.0,mongenerator-diesel_670,,
187,0.0,0.0,0.0,0.0,0.0,0.0,0.0,mongenerator-diesel_670,,
188,0.0,0.0,0.0,0.0,0.0,0.0,0.0,mongenerator-diesel_670,,
189,0.0,0.0,0.0,0.0,0.0,0.0,0.0,mongenerator-diesel_670,,
190,0.0,0.0,0.0,0.0,0.0,0.0,0.0,mongenerator-diesel_670,,
191,0.0,0.0,0.0,0.0,0.0,0.0,0.0,mongenerator-diesel_670,,
192,0.0,0.0,0.0,0.0,0.0,0.0,0.0,mongenerator-diesel_670,,
193,0.0,0.0,0.0,0.0,0.0,0.0,0.0,mongenerator-diesel_670,,
194,0.0,0.0,0.0,0.0,0.0,0.0,0.0,mongenerator-diesel_670,,
195,0.0,0.0,0.0,0.0,0.0,0.0,0.0,mongenerator-diesel_670,,
196,0.0,0.0,0.0,0.0,0.0,0.0,0.0,mongenerator-diesel_670,,
197,0.0,0.0,0.0,0.0,0.0,0.0,0.0,mongenerator-diesel_670,,
198,0.0,0.0,0.0,0.0,0.0,0.0,0.0,mongenerator-diesel_670,,
199,0.0,0.0,0.0,0.0,0.0,0.0,0.0,mongenerator-diesel_670,,
200,0.0,-370.48,-0.531159,-370.65,-0.630676,-368.426,1.12587,mongenerator-diesel_670,,
201,0.0,-369.572,0.268117,-370.491,-0.451785,-369.516,0.161694,mongenerator-diesel_670,,
202,0.0,-176.516,0.356837,-177.28,-0.274953,-176.909,-0.0801832,mongenerator-diesel_670,,
203,0.0,-310.671,0.710173,-312.098,-0.441336,-311.609,-0.262361,mongenerator-diesel_670,,
204,0.0,-110.818,0.296897,-111.473,-0.249208,-111.144,-0.0468332,mongenerator-diesel_670,,
205,0.0,-197.205,0.432528,-198.417,-0.569453,-197.467,0.121471,mongenerator-diesel_670,,
206,0.0,-369.037,0.697872,-371.205,-1.00327,-369.303,0.313574,mongenerator-diesel_670,,
207,0.0,-369.174,0.575198,-371.274,-1.06351,-369.108,0.481778,mongenerator-diesel_670,,
208,0.0,-369.109,0.627817,-371.196,-1.01125,-369.331,0.275526,mongenerator-diesel_670,,
209,0.0,-369.194,0.572551,-371.179,-0.963914,-369.177,0.407627,mongenerator-diesel_670,,
210,0.0,-368.757,0.984896,-372.319,-2.03784,-368.473,1.05664,mongenerator-diesel_670,,
211,0.0,-368.988,0.771395,-372.602,-2.3421,-367.964,1.56051,mongenerator-diesel_670,,
212,0.0,-369.092,0.69115,-372.503,-2.26383,-367.955,1.5709,mongenerator-diesel_670,,
213,0.0,-369.513,0.323013,-372.45,-2.25726,-367.594,1.92613,mongenerator-diesel_670,,
214,0.0,-370.357,-0.422264,-371.761,-1.66805,-367.437,2.0836,mongenerator-diesel_670,,
215,0.0,-370.465,-0.538904,-371.277,-1.28687,-367.819,1.81434,mongenerator-diesel_670,,
216,0.0,-369.661,0.195979,-371.09,-1.12861,-368.803,0.930979,mongenerator-diesel_670,,
217,0.0,-369.694,0.1617,-370.84,-0.905687,-369.018,0.740128,mongenerator-diesel_670,,
218,0.0,-345.362,0.0889706,-346.28,-0.769236,-344.7,0.65912,mongenerator-diesel_670,,
219,0.0,-247.037,0.110207,-247.703,-0.51555,-246.677,0.408348,mongenerator-diesel_670,,
220,0.0,-245.836,0.11851,-246.505,-0.509641,-245.506,0.39011,mongenerator-diesel_670,,
221,0.0,-289.592,0.3407,-290.738,-0.727353,-289.441,0.420776,mongenerator-diesel_670,,
222,0.0,-300.281,0.171057,-301.396,-0.863613,-299.644,0.68759,mongenerator-diesel_670,,
223,0.0,-369.71,0.173483,-371.411,-1.32814,-368.426,1.1634,mongenerator-diesel_670,,
224,0.0,-369.989,-0.116919,-371.315,-1.26557,-368.319,1.15115,mongenerator-diesel_670,,
225,0.0,-369.356,0.454512,-371.007,-0.876435,-369.187,0.419009,mongenerator-diesel_670,,
226,0.0,-368.933,0.803737,-371.154,-0.982217,-369.474,0.164978,mongenerator-diesel_670,,
227,0.0,-369.013,0.736497,-371.043,-0.890333,-369.528,0.127597,mongenerator-diesel_670,,
228,0.0,-143.446,0.315972,-144.299,-0.385797,-143.64,0.0752011,mongenerator-diesel_670,,
229,0.0,-260.945,0.646665,-262.651,-0.756417,-261.406,0.120185,mongenerator-diesel_670,,
230,0.0,-184.217,0.443016,-185.342,-0.474909,-184.594,0.0172472,mongenerator-diesel_670,,
231,0.0,-177.329,0.39813,-178.365,-0.446636,-177.63,0.0405617,mongenerator-diesel_670,,
232,0.0,-248.332,0.545674,-249.712,-0.568859,-248.774,0.0297992,mongenerator-diesel_670,,
233,0.0,-369.076,0.680159,-371.083,-0.893974,-369.386,0.222725,mongenerator-diesel_670,,
234,0.0,-368.744,1.01443,-372.391,-2.06292,-368.428,1.07646,mongenerator-diesel_670,,
235,0.0,-369.049,0.724273,-372.713,-2.41652,-367.788,1.67941,mongenerator-diesel_670,,
236,0.0,-369.287,0.52869,-372.612,-2.33822,-367.651,1.80649,mongenerator-diesel_670,,
237,0.0,-369.713,0.150379,-372.582,-2.35802,-367.263,2.1975,mongenerator-diesel_670,,
238,0.0,-370.526,-0.572332,-371.842,-1.73609,-367.189,2.29943,mongenerator-diesel_670,,
239,0.0,-340.71,-0.544986,-341.449,-1.22561,-338.123,1.76254,mongenerator-diesel_670,,
240,0.0,-264.334,0.121948,-265.359,-0.83254,-263.675,0.687799,mongenerator-diesel_670,,
241,0.0,-251.443,0.102432,-252.212,-0.618467,-250.979,0.495258,mongenerator-diesel_670,,
242,0.0,-245.237,0.0682067,-245.858,-0.515274,-244.804,0.435761,mongenerator-diesel_670,,
243,0.0,-242.378,0.101836,-242.982,-0.466415,-242.064,0.360592,mongenerator-diesel_670,,
244,0.0,-239.965,0.107518,-240.553,-0.446509,-239.684,0.336104,mongenerator-diesel_670,,
245,0.0,-275.285,0.150736,-276.027,-0.543515,-274.946,0.414065,mongenerator-diesel_670,,
246,0.0,-284.741,-0.0113483,-285.434,-0.656034,-283.944,0.66548,mongenerator-diesel_670,,
247,0.0,-369.982,-0.0746825,-371.133,-1.08608,-368.432,1.16793,mongenerator-diesel_670,,
248,0.0,-370.136,-0.243694,-371.044,-1.02113,-368.448,1.06689,mongenerator-diesel_670,,
249,0.0,-295.73,0.420018,-296.846,-0.495579,-295.974,0.0662641,mongenerator-diesel_670,,
250,0.0,-87.8636,0.239126,-88.3157,-0.143832,-88.1793,-0.094984,mongenerator-diesel_670,,
251,0.0,0.0,0.0,0.0,0.0,0.0,0.0,mongenerator-diesel_670,,
252,0.0,0.0,0.0,0.0,0.0,0.0,0.0,mongenerator-diesel_670,,
253,0.0,0.0,0.0,0.0,0.0,0.0,0.0,mongenerator-diesel_670,,
254,0.0,0.0,0.0,0.0,0.0,0.0,0.0,mongenerator-diesel_670,,
255,0.0,0.0,0.0,0.0,0.0,0.0,0.0,mongenerator-diesel_670,,
256,0.0,-91.5381,0.120474,-91.9997,-0.249502,-91.4792,0.125102,mongenerator-diesel_670,,
257,0.0,-292.712,0.329848,-294.173,-0.805555,-292.403,0.446671,mongenerator-diesel_670,,
258,0.0,-368.815,0.949728,-372.389,-2.07267,-368.349,1.14694,mongenerator-diesel_670,,
259,0.0,-369.084,0.694816,-372.77,-2.45815,-367.696,1.75642,mongenerator-diesel_670,,
260,0.0,-369.127,0.661883,-372.615,-2.34516,-367.809,1.67842,mongenerator-diesel_670,,
261,0.0,-369.479,0.351328,-372.426,-2.23823,-367.656,1.87496,mongenerator-diesel_670,,
262,0.0,-361.809,-0.395346,-363.142,-1.58297,-359.071,1.97087,mongenerator-diesel_670,,
263,0.0,-259.699,-0.38263,-260.245,-0.889919,-257.939,1.18972,mongenerator-diesel_670,,
264,0.0,-254.922,0.165379,-255.878,-0.728084,-254.442,0.572543,mongenerator-diesel_670,,
265,0.0,-241.184,0.106314,-241.868,-0.536702,-240.826,0.406853,mongenerator-diesel_670,,
266,0.0,-237.998,0.0709752,-238.561,-0.459036,-237.632,0.380204,mongenerator-diesel_670,,
267,0.0,-235.901,0.0954479,-236.449,-0.420521,-235.625,0.321817,mongenerator-diesel_670,,
268,0.0,-234.622,0.0967935,-235.156,-0.40584,-234.364,0.307216,mongenerator-diesel_670,,
269,0.0,-271.999,0.13484,-272.679,-0.501462,-271.671,0.389921,mongenerator-diesel_670,,
270,0.0,-284.616,-0.0314197,-285.241,-0.610759,-283.827,0.640661,mongenerator-diesel_670,,
271,0.0,-370.047,-0.134828,-370.998,-0.96005,-368.502,1.10255,mongenerator-diesel_670,,
272,0.0,-370.262,-0.36627,-370.809,-0.812855,-368.562,0.956927,mongenerator-diesel_670,,
273,0.0,-318.054,0.296647,-318.804,-0.275497,-318.259,-0.0333125,mongenerator-diesel_670,,
274,0.0,-110.082,0.219949,-110.452,-0.0755457,-110.419,-0.144219,mongenerator-diesel_670,,
275,0.0,0.0,0.0,0.0,0.0,0.0,0.0,mongenerator-diesel_670,,
276,0.0,0.0,0.0,0.0,0.0,0.0,0.0,mongenerator-diesel_670,,
277,0.0,0.0,0.0,0.0,0.0,0.0,0.0,mongenerator-diesel_670,,
278,0.0,0.0,0.0,0.0,0.0,0.0,0.0,mongenerator-diesel_670,,
279,0.0,0.0,0.0,0.0,0.0,0.0,0.0,mongenerator-diesel_670,,
280,0.0,-18.883,0.0477666,-18.9479,-0.00654383,-18.9684,-0.0416795,mongenerator-diesel_670,,
281,0.0,-225.041,0.433403,-225.768,-0.141958,-225.77,-0.332469,mongenerator-diesel_670,,
282,0.0,-368.817,0.955161,-371.447,-1.32144,-369.281,0.377549,mongenerator-diesel_670,,
283,0.0,-369.227,0.574036,-371.849,-1.70052,-368.476,1.12299,mongenerator-diesel_670,,
284,0.0,-369.481,0.355507,-371.784,-1.64278,-368.286,1.28778,mongenerator-diesel_670,,
285,0.0,-364.729,-0.0823095,-366.478,-1.61358,-362.638,1.68854,mongenerator-diesel_670,,
286,0.0,-337.349,-0.651256,-337.772,-0.996979,-334.704,1.64575,mongenerator-diesel_670,,
287,0.0,-263.354,-0.56439,-263.452,-0.643521,-261.448,1.14838,mongenerator-diesel_670,,
288,0.0,-258.242,-0.068454,-258.738,-0.525914,-257.469,0.609198,mongenerator-diesel_670,,
289,0.0,-243.561,-0.24036,-243.68,-0.34343,-242.672,0.557016,mongenerator-diesel_670,,
290,0.0,-241.463,-0.312205,-241.438,-0.276205,-240.474,0.581818,mongenerator-diesel_670,,
291,0.0,-240.277,-0.312188,-240.257,-0.281189,-239.278,0.592282,mongenerator-diesel_670,,
292,0.0,-243.512,-0.357663,-243.429,-0.26323,-242.431,0.621949,mongenerator-diesel_670,,
293,0.0,-285.132,-0.295363,-285.314,-0.451109,-283.921,0.769573,mongenerator-diesel_670,,
294,0.0,-294.597,-0.507621,-294.68,-0.566457,-292.817,1.06399,mongenerator-diesel_670,,
295,0.0,-370.685,-0.716986,-370.644,-0.602345,-368.22,1.3281,mongenerator-diesel_670,,
296,0.0,-370.843,-0.895876,-370.544,-0.552882,-368.239,1.22828,mongenerator-diesel_670,,
297,0.0,-317.705,-0.0479388,-318.012,-0.217747,-317.208,0.252325,mongenerator-diesel_670,,
298,0.0,-98.1879,0.144531,-98.4616,-0.0720543,-98.3715,-0.0724696,mongenerator-diesel_670,,
299,0.0,0.0,0.0,0.0,0.0,0.0,0.0,mongenerator-diesel_670,,
300,0.0,0.0,0.0,0.0,0.0,0.0,0.0,mongenerator-diesel_670,,
301,0.0,0.0,0.0,0.0,0.0,0.0,0.0,mongenerator-diesel_670,,
302,0.0,0.0,0.0,0.0,0.0,0.0,0.0,mongenerator-diesel_670,,
303,0.0,-24.5709,0.076146,-24.6813,-0.0184472,-24.7072,-0.0634072,mongenerator-diesel_670,,
304,0.0,-123.011,0.390174,-123.58,-0.0896617,-123.699,-0.302372,mongenerator-diesel_670,,
305,0.0,-288.184,0.751171,-289.473,-0.293043,-289.444,-0.507132,mongenerator-diesel_670,,
306,0.0,-368.482,1.24252,-371.62,-1.47169,-369.444,0.241682,mongenerator-diesel_670,,
307,0.0,-368.832,0.912229,-372.144,-1.96545,-368.578,1.04771,mongenerator-diesel_670,,
308,0.0,-369.106,0.678669,-372.108,-1.93888,-368.338,1.25869,mongenerator-diesel_670,,
309,0.0,-356.369,0.263119,-358.817,-1.89776,-354.758,1.62845,mongenerator-diesel_670,,
310,0.0,-322.362,-0.364525,-323.345,-1.23586,-320.106,1.5975,mongenerator-diesel_670,,
311,0.0,-249.6,-0.304053,-250.125,-0.791937,-248.109,1.03361,mongenerator-diesel_670,,
312,0.0,-247.918,0.217148,-248.877,-0.67951,-247.608,0.472169,mongenerator-diesel_670,,
313,0.0,-233.921,0.12969,-234.625,-0.53397,-233.618,0.381865,mongenerator-diesel_670,,
314,0.0,-231.06,0.0763024,-231.657,-0.486254,-230.678,0.403559,mongenerator-diesel_670,,
315,0.0,-230.625,0.125788,-231.222,-0.437853,-230.396,0.309949,mongenerator-diesel_670,,
316,0.0,-230.445,0.137082,-231.045,-0.42874,-230.249,0.291191,mongenerator-diesel_670,,
317,0.0,-242.744,0.17224,-243.451,-0.492322,-242.534,0.334317,mongenerator-diesel_670,,
318,0.0,-248.672,0.0700353,-249.348,-0.563419,-248.174,0.497282,mongenerator-diesel_670,,
319,0.0,-220.859,-0.00589263,-221.516,-0.59762,-220.135,0.606653,mongenerator-diesel_670,,
320,0.0,0.0,0.0,0.0,0.0,0.0,0.0,mongenerator-diesel_670,,
321,0.0,0.0,0.0,0.0,0.0,0.0,0.0,mongenerator-diesel_670,,
322,0.0,0.0,0.0,0.0,0.0,0.0,0.0,mongenerator-diesel_670,,
323,0.0,0.0,0.0,0.0,0.0,0.0,0.0,mongenerator-diesel_670,,
324,0.0,0.0,0.0,0.0,0.0,0.0,0.0,mongenerator-diesel_670,,
325,0.0,0.0,0.0,0.0,0.0,0.0,0.0,mongenerator-diesel_670,,
326,0.0,0.0,0.0,0.0,0.0,0.0,0.0,mongenerator-diesel_670,,
327,0.0,0.0,0.0,0.0,0.0,0.0,0.0,mongenerator-diesel_670,,
328,0.0,0.0,0.0,0.0,0.0,0.0,0.0,mongenerator-diesel_670,,
329,0.0,0.0,0.0,0.0,0.0,0.0,0.0,mongenerator-diesel_670,,
330,0.0,0.0,0.0,0.0,0.0,0.0,0.0,mongenerator-diesel_670,,
331,0.0,0.0,0.0,0.0,0.0,0.0,0.0,mongenerator-diesel_670,,
332,0.0,0.0,0.0,0.0,0.0,0.0,0.0,mongenerator-diesel_670,,
333,0.0,0.0,0.0,0.0,0.0,0.0,0.0,mongenerator-diesel_670,,
334,0.0,0.0,0.0,0.0,0.0,0.0,0.0,mongenerator-diesel_670,,
335,0.0,0.0,0.0,0.0,0.0,0.0,0.0,mongenerator-diesel_670,,
336,0.0,0.0,0.0,0.0,0.0,0.0,0.0,mongenerator-diesel_670,,
337,0.0,0.0,0.0,0.0,0.0,0.0,0.0,mongenerator-diesel_670,,
338,0.0,0.0,0.0,0.0,0.0,0.0,0.0,mongenerator-diesel_670,,
339,0.0,0.0,0.0,0.0,0.0,0.0,0.0,mongenerator-diesel_670,,
340,0.0,0.0,0.0,0.0,0.0,0.0,0.0,mongenerator-diesel_670,,
341,0.0,0.0,0.0,0.0,0.0,0.0,0.0,mongenerator-diesel_670,,
342,0.0,0.0,0.0,0.0,0.0,0.0,0.0,mongenerator-diesel_670,,
343,0.0,0.0,0.0,0.0,0.0,0.0,0.0,mongenerator-diesel_670,,
344,0.0,0.0,0.0,0.0,0.0,0.0,0.0,mongenerator-diesel_670,,
345,0.0,0.0,0.0,0.0,0.0,0.0,0.0,mongenerator-diesel_670,,
346,0.0,0.0,0.0,0.0,0.0,0.0,0.0,mongenerator-diesel_670,,
347,0.0,0.0,0.0,0.0,0.0,0.0,0.0,mongenerator-diesel_670,,
348,0.0,0.0,0.0,0.0,0.0,0.0,0.0,mongenerator-diesel_670,,
349,0.0,0.0,0.0,0.0,0.0,0.0,0.0,mongenerator-diesel_670,,
350,0.0,0.0,0.0,0.0,0.0,0.0,0.0,mongenerator-diesel_670,,
351,0.0,0.0,0.0,0.0,0.0,0.0,0.0,mongenerator-diesel_670,,
352,0.0,0.0,0.0,0.0,0.0,0.0,0.0,mongenerator-diesel_670,,
353,0.0,0.0,0.0,0.0,0.0,0.0,0.0,mongenerator-diesel_670,,
354,0.0,0.0,0.0,0.0,0.0,0.0,0.0,mongenerator-diesel_670,,
355,0.0,0.0,0.0,0.0,0.0,0.0,0.0,mongenerator-diesel_670,,
356,0.0,0.0,0.0,0.0,0.0,0.0,0.0,mongenerator-diesel_670,,
357,0.0,0.0,0.0,0.0,0.0,0.0,0.0,mongenerator-diesel_670,,
358,0.0,0.0,0.0,0.0,0.0,0.0,0.0,mongenerator-diesel_670,,
359,0.0,0.0,0.0,0.0,0.0,0.0,0.0,mongenerator-diesel_670,,
360,0.0,0.0,0.0,0.0,0.0,0.0,0.0,mongenerator-diesel_670,,
361,0.0,0.0,0.0,0.0,0.0,0.0,0.0,mongenerator-diesel_670,,
362,0.0,0.0,0.0,0.0,0.0,0.0,0.0,mongenerator-diesel_670,,
363,0.0,0.0,0.0,0.0,0.0,0.0,0.0,mongenerator-diesel_670,,
364,0.0,0.0,0.0,0.0,0.0,0.0,0.0,mongenerator-diesel_670,,
365,0.0,0.0,0.0,0.0,0.0,0.0,0.0,mongenerator-diesel_670,,
366,0.0,0.0,0.0,0.0,0.0,0.0,0.0,mongenerator-diesel_670,,
367,0.0,0.0,0.0,0.0,0.0,0.0,0.0,mongenerator-diesel_670,,
368,0.0,0.0,0.0,0.0,0.0,0.0,0.0,mongenerator-diesel_670,,
369,0.0,0.0,0.0,0.0,0.0,0.0,0.0,mongenerator-diesel_670,,
370,0.0,0.0,0.0,0.0,0.0,0.0,0.0,mongenerator-diesel_670,,
371,0.0,0.0,0.0,0.0,0.0,0.0,0.0,mongenerator-diesel_670,,
372,0.0,0.0,0.0,0.0,0.0,0.0,0.0,mongenerator-diesel_670,,
373,0.0,0.0,0.0,0.0,0.0,0.0,0.0,mongenerator-diesel_670,,
374,0.0,0.0,0.0,0.0,0.0,0.0,0.0,mongenerator-diesel_670,,
375,0.0,0.0,0.0,0.0,0.0,0.0,0.0,mongenerator-diesel_670,,
376,0.0,0.0,0.0,0.0,0.0,0.0,0.0,mongenerator-diesel_670,,
377,0.0,0.0,0.0,0.0,0.0,0.0,0.0,mongenerator-diesel_670,,
378,0.0,0.0,0.0,0.0,0.0,0.0,0.0,mongenerator-diesel_670,,
379,0.0,0.0,0.0,0.0,0.0,0.0,0.0,mongenerator-diesel_670,,
380,0.0,0.0,0.0,0.0,0.0,0.0,0.0,mongenerator-diesel_670,,
381,0.0,0.0,0.0,0.0,0.0,0.0,0.0,mongenerator-diesel_670,,
382,0.0,0.0,0.0,0.0,0.0,0.0,0.0,mongenerator-diesel_670,,
383,0.0,0.0,0.0,0.0,0.0,0.0,0.0,mongenerator-diesel_670,,
384,0.0,0.0,0.0,0.0,0.0,0.0,0.0,mongenerator-diesel_670,,
385,0.0,0.0,0.0,0.0,0.0,0.0,0.0,mongenerator-diesel_670,,
386,0.0,0.0,0.0,0.0,0.0,0.0,0.0,mongenerator-diesel_670,,
387,0.0,0.0,0.0,0.0,0.0,0.0,0.0,mongenerator-diesel_670,,
388,0.0,0.0,0.0,0.0,0.0,0.0,0.0,mongenerator-diesel_670,,
389,0.0,0.0,0.0,0.0,0.0,0.0,0.0,mongenerator-diesel_670,,
390,0.0,0.0,0.0,0.0,0.0,0.0,0.0,mongenerator-diesel_670,,
391,0.0,0.0,0.0,0.0,0.0,0.0,0.0,mongenerator-diesel_670,,
392,0.0,0.0,0.0,0.0,0.0,0.0,0.0,mongenerator-diesel_670,,
393,0.0,0.0,0.0,0.0,0.0,0.0,0.0,mongenerator-diesel_670,,
394,0.0,0.0,0.0,0.0,0.0,0.0,0.0,mongenerator-diesel_670,,
395,0.0,0.0,0.0,0.0,0.0,0.0,0.0,mongenerator-diesel_670,,
396,0.0,0.0,0.0,0.0,0.0,0.0,0.0,mongenerator-diesel_670,,
397,0.0,0.0,0.0,0.0,0.0,0.0,0.0,mongenerator-diesel_670,,
398,0.0,0.0,0.0,0.0,0.0,0.0,0.0,mongenerator-diesel_670,,
399,0.0,0.0,0.0,0.0,0.0,0.0,0.0,mongenerator-diesel_670,,
400,0.0,0.0,0.0,0.0,0.0,0.0,0.0,mongenerator-diesel_670,,
401,0.0,0.0,0.0,0.0,0.0,0.0,0.0,mongenerator-diesel_670,,
402,0.0,0.0,0.0,0.0,0.0,0.0,0.0,mongenerator-diesel_670,,
403,0.0,0.0,0.0,0.0,0.0,0.0,0.0,mongenerator-diesel_670,,
404,0.0,0.0,0.0,0.0,0.0,0.0,0.0,mongenerator-diesel_670,,
405,0.0,0.0,0.0,0.0,0.0,0.0,0.0,mongenerator-diesel_670,,
406,0.0,0.0,0.0,0.0,0.0,0.0,0.0,mongenerator-diesel_670,,
407,0.0,0.0,0.0,0.0,0.0,0.0,0.0,mongenerator-diesel_670,,
408,0.0,0.0,0.0,0.0,0.0,0.0,0.0,mongenerator-diesel_670,,
409,0.0,0.0,0.0,0.0,0.0,0.0,0.0,mongenerator-diesel_670,,
410,0.0,0.0,0.0,0.0,0.0,0.0,0.0,mongenerator-diesel_670,,
411,0.0,0.0,0.0,0.0,0.0,0.0,0.0,mongenerator-diesel_670,,
412,0.0,0.0,0.0,0.0,0.0,0.0,0.0,mongenerator-diesel_670,,
413,0.0,0.0,0.0,0.0,0.0,0.0,0.0,mongenerator-diesel_670,,
414,0.0,0.0,0.0,0.0,0.0,0.0,0.0,mongenerator-diesel_670,,
415,0.0,0.0,0.0,0.0,0.0,0.0,0.0,mongenerator-diesel_670,,
416,0.0,0.0,0.0,0.0,0.0,0.0,0.0,mongenerator-diesel_670,,
417,0.0,0.0,0.0,0.0,0.0,0.0,0.0,mongenerator-diesel_670,,
418,0.0,0.0,0.0,0.0,0.0,0.0,0.0,mongenerator-diesel_670,,
419,0.0,0.0,0.0,0.0,0.0,0.0,0.0,mongenerator-diesel_670,,
420,0.0,0.0,0.0,0.0,0.0,0.0,0.0,mongenerator-diesel_670,,
421,0.0,0.0,0.0,0.0,0.0,0.0,0.0,mongenerator-diesel_670,,
422,0.0,0.0,0.0,0.0,0.0,0.0,0.0,mongenerator-diesel_670,,
423,0.0,0.0,0.0,0.0,0.0,0.0,0.0,mongenerator-diesel_670,,
424,0.0,0.0,0.0,0.0,0.0,0.0,0.0,mongenerator-diesel_670,,
425,0.0,0.0,0.0,0.0,0.0,0.0,0.0,mongenerator-diesel_670,,
426,0.0,0.0,0.0,0.0,0.0,0.0,0.0,mongenerator-diesel_670,,
427,0.0,0.0,0.0,0.0,0.0,0.0,0.0,mongenerator-diesel_670,,
428,0.0,0.0,0.0,0.0,0.0,0.0,0.0,mongenerator-diesel_670,,
429,0.0,0.0,0.0,0.0,0.0,0.0,0.0,mongenerator-diesel_670,,
430,0.0,0.0,0.0,0.0,0.0,0.0,0.0,mongenerator-diesel_670,,
431,0.0,0.0,0.0,0.0,0.0,0.0,0.0,mongenerator-diesel_670,,
432,0.0,0.0,0.0,0.0,0.0,0.0,0.0,mongenerator-diesel_670,,
433,0.0,0.0,0.0,0.0,0.0,0.0,0.0,mongenerator-diesel_670,,
434,0.0,0.0,0.0,0.0,0.0,0.0,0.0,mongenerator-diesel_670,,
435,0.0,0.0,0.0,0.0,0.0,0.0,0.0,mongenerator-diesel_670,,
436,0.0,0.0,0.0,0.0,0.0,0.0,0.0,mongenerator-diesel_670,,
437,0.0,0.0,0.0,0.0,0.0,0.0,0.0,mongenerator-diesel_670,,
438,0.0,0.0,0.0,0.0,0.0,0.0,0.0,mongenerator-diesel_670,,
439,0.0,0.0,0.0,0.0,0.0,0.0,0.0,mongenerator-diesel_670,,
440,0.0,0.0,0.0,0.0,0.0,0.0,0.0,mongenerator-diesel_670,,
441,0.0,0.0,0.0,0.0,0.0,0.0,0.0,mongenerator-diesel_670,,
442,0.0,0.0,0.0,0.0,0.0,0.0,0.0,mongenerator-diesel_670,,
443,0.0,0.0,0.0,0.0,0.0,0.0,0.0,mongenerator-diesel_670,,
444,0.0,0.0,0.0,0.0,0.0,0.0,0.0,mongenerator-diesel_670,,
445,0.0,0.0,0.0,0.0,0.0,0.0,0.0,mongenerator-diesel_670,,
446,0.0,0.0,0.0,0.0,0.0,0.0,0.0,mongenerator-diesel_670,,
447,0.0,0.0,0.0,0.0,0.0,0.0,0.0,mongenerator-diesel_670,,
448,0.0,0.0,0.0,0.0,0.0,0.0,0.0,mongenerator-diesel_670,,
449,0.0,0.0,0.0,0.0,0.0,0.0,0.0,mongenerator-diesel_670,,
450,0.0,0.0,0.0,0.0,0.0,0.0,0.0,mongenerator-diesel_670,,
451,0.0,0.0,0.0,0.0,0.0,0.0,0.0,mongenerator-diesel_670,,
452,0.0,0.0,0.0,0.0,0.0,0.0,0.0,mongenerator-diesel_670,,
453,0.0,0.0,0.0,0.0,0.0,0.0,0.0,mongenerator-diesel_670,,
454,0.0,0.0,0.0,0.0,0.0,0.0,0.0,mongenerator-diesel_670,,
455,0.0,0.0,0.0,0.0,0.0,0.0,0.0,mongenerator-diesel_670,,
456,0.0,0.0,0.0,0.0,0.0,0.0,0.0,mongenerator-diesel_670,,
457,0.0,0.0,0.0,0.0,0.0,0.0,0.0,mongenerator-diesel_670,,
458,0.0,0.0,0.0,0.0,0.0,0.0,0.0,mongenerator-diesel_670,,
459,0.0,0.0,0.0,0.0,0.0,0.0,0.0,mongenerator-diesel_670,,
460,0.0,0.0,0.0,0.0,0.0,0.0,0.0,mongenerator-diesel_670,,
461,0.0,0.0,0.0,0.0,0.0,0.0,0.0,mongenerator-diesel_670,,
462,0.0,0.0,0.0,0.0,0.0,0.0,0.0,mongenerator-diesel_670,,
463,0.0,0.0,0.0,0.0,0.0,0.0,0.0,mongenerator-diesel_670,,
464,0.0,0.0,0.0,0.0,0.0,0.0,0.0,mongenerator-diesel_670,,
465,0.0,0.0,0.0,0.0,0.0,0.0,0.0,mongenerator-diesel_670,,
466,0.0,0.0,0.0,0.0,0.0,0.0,0.0,mongenerator-diesel_670,,
467,0.0,0.0,0.0,0.0,0.0,0.0,0.0,mongenerator-diesel_670,,
468,0.0,0.0,0.0,0.0,0.0,0.0,0.0,mongenerator-diesel_670,,
469,0.0,0.0,0.0,0.0,0.0,0.0,0.0,mongenerator-diesel_670,,
470,0.0,0.0,0.0,0.0,0.0,0.0,0.0,mongenerator-diesel_670,,
471,0.0,0.0,0.0,0.0,0.0,0.0,0.0,mongenerator-diesel_670,,
472,0.0,0.0,0.0,0.0,0.0,0.0,0.0,mongenerator-diesel_670,,
473,0.0,0.0,0.0,0.0,0.0,0.0,0.0,mongenerator-diesel_670,,
474,0.0,0.0,0.0,0.0,0.0,0.0,0.0,mongenerator-diesel_670,,
475,0.0,0.0,0.0,0.0,0.0,0.0,0.0,mongenerator-diesel_670,,
476,0.0,0.0,0.0,0.0,0.0,0.0,0.0,mongenerator-diesel_670,,
477,0.0,0.0,0.0,0.0,0.0,0.0,0.0,mongenerator-diesel_670,,
478,0.0,0.0,0.0,0.0,0.0,0.0,0.0,mongenerator-diesel_670,,
479,0.0,0.0,0.0,0.0,0.0,0.0,0.0,mongenerator-diesel_670,,
480,0.0,0.0,0.0,0.0,0.0,0.0,0.0,mongenerator-diesel_670,,
1,0.0,0.0,0.0,0.0,0.0,0.0,0.0,mongenerator-solar_670,0.0,0.0
2,0.0,0.0,0.0,0.0,0.0,0.0,0.0,mongenerator-solar_670,0.0,0.0
3,0.0,0.0,0.0,0.0,0.0,0.0,0.0,mongenerator-solar_670,0.0,0.0
4,0.0,0.0,0.0,0.0,0.0,0.0,0.0,mongenerator-solar_670,0.0,0.0
5,0.0,0.0,0.0,0.0,0.0,0.0,0.0,mongenerator-solar_670,0.0,0.0
6,0.0,0.0,0.0,0.0,0.0,0.0,0.0,mongenerator-solar_670,0.0,0.0
7,0.0,0.0,0.0,0.0,0.0,0.0,0.0,mongenerator-solar_670,0.0,0.0
8,0.0,0.0,0.0,0.0,0.0,0.0,0.0,mongenerator-solar_670,0.0,0.0
9,0.0,-14.9126,0.000138309,-14.9126,1.88497e-05,-14.9126,8.12562e-05,mongenerator-solar_670,0.0,0.0
10,0.0,-45.2151,-0.000719816,-45.2149,-0.000382197,-45.2149,-0.00060371,mongenerator-solar_670,0.0,0.0
11,0.0,-63.8256,0.00013953,-63.8257,-0.000191875,-63.8258,-0.000767039,mongenerator-solar_670,0.0,0.0
12,0.0,-196.131,-0.00477424,-196.129,-0.004307,-196.129,-0.00583627,mongenerator-solar_670,0.0,0.0
13,0.0,-44.9745,0.00218329,-44.9757,0.00126675,-44.9758,0.00166875,mongenerator-solar_670,0.0,0.0
14,0.0,-105.105,-0.00177945,-105.104,-0.00122385,-105.104,-0.00165496,mongenerator-solar_670,0.0,0.0
15,0.0,-157.239,-0.00218937,-157.238,-0.00143367,-157.238,-0.00188861,mongenerator-solar_670,0.0,0.0
16,0.0,-169.29,-0.00986688,-169.287,-0.00655329,-169.288,-0.00577424,mongenerator-solar_670,0.0,0.0
17,0.0,-84.5826,0.00199035,-84.5836,0.00133184,-84.5835,0.0019374,mongenerator-solar_670,0.0,0.0
18,0.0,-5.6069,0.000104915,-5.60694,9.77279e-05,-5.6069,0.000138621,mongenerator-solar_670,0.0,0.0
19,0.0,0.0,0.0,0.0,0.0,0.0,0.0,mongenerator-solar_670,0.0,0.0
20,0.0,0.0,0.0,0.0,0.0,0.0,0.0,mongenerator-solar_670,0.0,0.0
21,0.0,0.0,0.0,0.0,0.0,0.0,0.0,mongenerator-solar_670,0.0,0.0
22,0.0,0.0,0.0,0.0,0.0,0.0,0.0,mongenerator-solar_670,0.0,0.0
23,0.0,0.0,0.0,0.0,0.0,0.0,0.0,mongenerator-solar_670,0.0,0.0
24,0.0,0.0,0.0,0.0,0.0,0.0,0.0,mongenerator-solar_670,0.0,0.0
25,0.0,0.0,0.0,0.0,0.0,0.0,0.0,mongenerator-solar_670,0.0,0.0
26,0.0,0.0,0.0,0.0,0.0,0.0,0.0,mongenerator-solar_670,0.0,0.0
27,0.0,0.0,0.0,0.0,0.0,0.0,0.0,mongenerator-solar_670,0.0,0.0
28,0.0,0.0,0.0,0.0,0.0,0.0,0.0,mongenerator-solar_670,0.0,0.0
29,0.0,0.0,0.0,0.0,0.0,0.0,0.0,mongenerator-solar_670,0.0,0.0
30,0.0,0.0,0.0,0.0,0.0,0.0,0.0,mongenerator-solar_670,0.0,0.0
31,0.0,0.0,0.0,0.0,0.0,0.0,0.0,mongenerator-solar_670,0.0,0.0
32,0.0,0.0,0.0,0.0,0.0,0.0,0.0,mongenerator-solar_670,0.0,0.0
33,0.0,-39.1299,0.000458549,-39.1302,2.82006e-05,-39.1303,4.50577e-05,mongenerator-solar_670,0.0,0.0
34,0.0,-99.3774,-5.8615e-05,-99.3775,-0.0003849,-99.3776,-0.000517429,mongenerator-solar_670,0.0,0.0
35,0.0,-139.105,-0.00119235,-139.105,-0.000587599,-139.105,-0.000989518,mongenerator-solar_670,0.0,0.0
36,0.0,-5.48768,5.87233e-07,-5.48767,2.61272e-06,-5.48767,-5.04426e-08,mongenerator-solar_670,0.0,0.0
37,0.0,-298.611,-0.0388452,-298.604,-0.0308775,-298.605,-0.0282159,mongenerator-solar_670,0.0,0.0
38,0.0,-106.773,0.000816624,-106.773,0.000425466,-106.773,0.000403106,mongenerator-solar_670,0.0,0.0
39,0.0,-387.722,-0.049273,-387.717,-0.0360201,-387.716,-0.0370129,mongenerator-solar_670,0.0,0.0
40,0.0,-266.634,0.0141039,-266.636,0.0101301,-266.637,0.0103653,mongenerator-solar_670,0.0,0.0
41,0.0,-140.769,0.00967884,-140.771,0.00665318,-140.771,0.00671325,mongenerator-solar_670,0.0,0.0
42,0.0,-12.0493,0.000165848,-12.0492,0.00033168,-12.0492,0.000144562,mongenerator-solar_670,0.0,0.0
43,0.0,0.0,0.0,0.0,0.0,0.0,0.0,mongenerator-solar_670,0.0,0.0
44,0.0,0.0,0.0,0.0,0.0,0.0,0.0,mongenerator-solar_670,0.0,0.0
45,0.0,0.0,0.0,0.0,0.0,0.0,0.0,mongenerator-solar_670,0.0,0.0
46,0.0,0.0,0.0,0.0,0.0,0.0,0.0,mongenerator-solar_670,0.0,0.0
47,0.0,0.0,0.0,0.0,0.0,0.0,0.0,mongenerator-solar_670,0.0,0.0
48,0.0,0.0,0.0,0.0,0.0,0.0,0.0,mongenerator-solar_670,0.0,0.0
49,0.0,0.0,0.0,0.0,0.0,0.0,0.0,mongenerator-solar_670,0.0,0.0
50,0.0,0.0,0.0,0.0,0.0,0.0,0.0,mongenerator-solar_670,0.0,0.0
51,0.0,0.0,0.0,0.0,0.0,0.0,0.0,mongenerator-solar_670,0.0,0.0
52,0.0,0.0,0.0,0.0,0.0,0.0,0.0,mongenerator-solar_670,0.0,0.0
53,0.0,0.0,0.0,0.0,0.0,0.0,0.0,mongenerator-solar_670,0.0,0.0
54,0.0,0.0,0.0,0.0,0.0,0.0,0.0,mongenerator-solar_670,0.0,0.0
55,0.0,0.0,0.0,0.0,0.0,0.0,0.0,mongenerator-solar_670,0.0,0.0
56,0.0,0.0,0.0,0.0,0.0,0.0,0.0,mongenerator-solar_670,0.0,0.0
57,0.0,-114.768,-0.00232551,-114.768,-0.00316356,-114.768,-0.00329699,mongenerator-solar_670,0.0,0.0
58,0.0,-267.592,-0.0127405,-267.59,-0.0111174,-267.59,-0.0117003,mongenerator-solar_670,0.0,0.0
59,0.0,-355.515,-0.016302,-355.514,-0.0107122,-355.513,-0.0132959,mongenerator-solar_670,0.0,0.0
60,0.0,-150.676,0.00116003,-150.676,0.000519967,-150.676,0.000469256,mongenerator-solar_670,0.0,0.0
61,0.0,-267.951,-0.018428,-267.948,-0.0127542,-267.948,-0.0114582,mongenerator-solar_670,0.0,0.0
62,0.0,-267.219,0.0386956,-267.228,0.0472059,-267.223,0.0396436,mongenerator-solar_670,0.0,0.0
63,0.0,-218.318,0.00475798,-218.319,0.00348662,-218.319,0.00348954,mongenerator-solar_670,0.0,0.0
64,0.0,-189.567,0.00292655,-189.568,0.0021588,-189.568,0.00219848,mongenerator-solar_670,0.0,0.0
65,0.0,-99.4928,0.00537932,-99.494,0.00373502,-99.4941,0.0035289,mongenerator-solar_670,0.0,0.0
66,0.0,-7.87363,0.00010883,-7.87359,0.000176477,-7.87356,6.13091e-05,mongenerator-solar_670,0.0,0.0
67,0.0,0.0,0.0,0.0,0.0,0.0,0.0,mongenerator-solar_670,0.0,0.0
68,0.0,0.0,0.0,0.0,0.0,0.0,0.0,mongenerator-solar_670,0.0,0.0
69,0.0,0.0,0.0,0.0,0.0,0.0,0.0,mongenerator-solar_670,0.0,0.0
70,0.0,0.0,0.0,0.0,0.0,0.0,0.0,mongenerator-solar_670,0.0,0.0
71,0.0,0.0,0.0,0.0,0.0,0.0,0.0,mongenerator-solar_670,0.0,0.0
72,0.0,0.0,0.0,0.0,0.0,0.0,0.0,mongenerator-solar_670,0.0,0.0
73,0.0,0.0,0.0,0.0,0.0,0.0,0.0,mongenerator-solar_670,0.0,0.0
74,0.0,0.0,0.0,0.0,0.0,0.0,0.0,mongenerator-solar_670,0.0,0.0
75,0.0,0.0,0.0,0.0,0.0,0.0,0.0,mongenerator-solar_670,0.0,0.0
76,0.0,0.0,0.0,0.0,0.0,0.0,0.0,mongenerator-solar_670,0.0,0.0
77,0.0,0.0,0.0,0.0,0.0,0.0,0.0,mongenerator-solar_670,0.0,0.0
78,0.0,0.0,0.0,0.0,0.0,0.0,0.0,mongenerator-solar_670,0.0,0.0
79,0.0,0.0,0.0,0.0,0.0,0.0,0.0,mongenerator-solar_670,0.0,0.0
80,0.0,0.0,0.0,0.0,0.0,0.0,0.0,mongenerator-solar_670,0.0,0.0
81,0.0,-174.658,-0.0074339,-174.656,-0.0073951,-174.657,-0.00864324,mongenerator-solar_670,0.0,0.0
82,0.0,-400.127,-0.0299111,-400.124,-0.026449,-400.125,-0.0281236,mongenerator-solar_670,0.0,0.0
83,0.0,-568.089,-0.0470902,-568.091,-0.0366265,-568.09,-0.0446811,mongenerator-solar_670,0.0,0.0
84,0.0,-664.474,-0.0175772,-664.475,-0.0247855,-664.475,-0.0257573,mongenerator-solar_670,0.0,0.0
85,0.0,-653.524,0.0193671,-653.566,-0.00634723,-653.553,-0.00212039,mongenerator-solar_670,0.0,0.0
86,0.0,-544.095,0.0099709,-544.092,0.0113748,-544.094,0.012051,mongenerator-solar_670,0.0,0.0
87,0.0,-513.698,0.00257189,-513.697,0.00260435,-513.697,0.00333371,mongenerator-solar_670,0.0,0.0
88,0.0,-468.015,0.00287579,-468.014,0.00309541,-468.015,0.00387693,mongenerator-solar_670,0.0,0.0
89,0.0,-255.071,0.00770398,-255.075,0.00593078,-255.078,0.0072707,mongenerator-solar_670,0.0,0.0
90,0.0,-50.1062,9.45703e-06,-50.106,1.50235e-05,-50.106,-2.34303e-06,mongenerator-solar_670,0.0,0.0
91,0.0,0.0,0.0,0.0,0.0,0.0,0.0,mongenerator-solar_670,0.0,0.0
92,0.0,0.0,0.0,0.0,0.0,0.0,0.0,mongenerator-solar_670,0.0,0.0
93,0.0,0.0,0.0,0.0,0.0,0.0,0.0,mongenerator-solar_670,0.0,0.0
94,0.0,0.0,0.0,0.0,0.0,0.0,0.0,mongenerator-solar_670,0.0,0.0
95,0.0,0.0,0.0,0.0,0.0,0.0,0.0,mongenerator-solar_670,0.0,0.0
96,0.0,0.0,0.0,0.0,0.0,0.0,0.0,mongenerator-solar_670,0.0,0.0
97,0.0,0.0,0.0,0.0,0.0,0.0,0.0,mongenerator-solar_670,0.0,0.0
98,0.0,0.0,0.0,0.0,0.0,0.0,0.0,mongenerator-solar_670,0.0,0.0
99,0.0,0.0,0.0,0.0,0.0,0.0,0.0,mongenerator-solar_670,0.0,0.0
100,0.0,0.0,0.0,0.0,0.0,0.0,0.0,mongenerator-solar_670,0.0,0.0
101,0.0,0.0,0.0,0.0,0.0,0.0,0.0,mongenerator-solar_670,0.0,0.0
102,0.0,0.0,0.0,0.0,0.0,0.0,0.0,mongenerator-solar_670,0.0,0.0
103,0.0,0.0,0.0,0.0,0.0,0.0,0.0,mongenerator-solar_670,0.0,0.0
104,0.0,0.0,0.0,0.0,0.0,0.0,0.0,mongenerator-solar_670,0.0,0.0
105,0.0,-189.928,-0.00714471,-189.927,-0.00732674,-189.928,-0.00839491,mongenerator-solar_670,0.0,0.0
106,0.0,-423.752,-0.0237259,-423.749,-0.0198747,-423.747,-0.0217108,mongenerator-solar_670,0.0,0.0
107,0.0,-596.257,-0.0367173,-596.259,-0.0258463,-596.255,-0.0302678,mongenerator-solar_670,0.0,0.0
108,0.0,-700.761,-0.0326882,-700.766,-0.0303403,-700.761,-0.0383272,mongenerator-solar_670,0.0,0.0
109,0.0,-696.555,-0.00754617,-696.556,-0.00726643,-696.554,-0.00399966,mongenerator-solar_670,0.0,0.0
110,0.0,-636.851,0.0228031,-636.849,0.0186589,-636.853,0.0203061,mongenerator-solar_670,0.0,0.0
111,0.0,-553.57,0.0174787,-553.569,0.0131649,-553.572,0.0155701,mongenerator-solar_670,0.0,0.0
112,0.0,-475.174,0.0128479,-475.175,0.00915941,-475.177,0.0102518,mongenerator-solar_670,0.0,0.0
113,0.0,-257.449,0.00158891,-257.45,0.000509174,-257.45,0.000597362,mongenerator-solar_670,0.0,0.0
114,0.0,-48.9126,-6.01698e-06,-48.9139,-0.00199155,-48.9095,-0.00310598,mongenerator-solar_670,0.0,0.0
115,0.0,0.0,0.0,0.0,0.0,0.0,0.0,mongenerator-solar_670,0.0,0.0
116,0.0,0.0,0.0,0.0,0.0,0.0,0.0,mongenerator-solar_670,0.0,0.0
117,0.0,0.0,0.0,0.0,0.0,0.0,0.0,mongenerator-solar_670,0.0,0.0
118,0.0,0.0,0.0,0.0,0.0,0.0,0.0,mongenerator-solar_670,0.0,0.0
119,0.0,0.0,0.0,0.0,0.0,0.0,0.0,mongenerator-solar_670,0.0,0.0
120,0.0,0.0,0.0,0.0,0.0,0.0,0.0,mongenerator-solar_670,0.0,0.0
121,0.0,0.0,0.0,0.0,0.0,0.0,0.0,mongenerator-solar_670,0.0,0.0
122,0.0,0.0,0.0,0.0,0.0,0.0,0.0,mongenerator-solar_670,0.0,0.0
123,0.0,0.0,0.0,0.0,0.0,0.0,0.0,mongenerator-solar_670,0.0,0.0
124,0.0,0.0,0.0,0.0,0.0,0.0,0.0,mongenerator-solar_670,0.0,0.0
125,0.0,0.0,0.0,0.0,0.0,0.0,0.0,mongenerator-solar_670,0.0,0.0
126,0.0,0.0,0.0,0.0,0.0,0.0,0.0,mongenerator-solar_670,0.0,0.0
127,0.0,0.0,0.0,0.0,0.0,0.0,0.0,mongenerator-solar_670,0.0,0.0
128,0.0,0.0,0.0,0.0,0.0,0.0,0.0,mongenerator-solar_670,0.0,0.0
129,0.0,-150.081,-0.00212915,-150.08,-0.00285273,-150.081,-0.00422585,mongenerator-solar_670,0.0,0.0
130,0.0,-355.398,-0.0194222,-355.394,-0.0156478,-355.392,-0.0209937,mongenerator-solar_670,0.0,0.0
131,0.0,-557.127,-0.0450178,-557.126,-0.0300191,-557.117,-0.0378658,mongenerator-solar_670,0.0,0.0
132,0.0,-499.269,0.0186747,-499.272,0.00942812,-499.275,0.0128355,mongenerator-solar_670,0.0,0.0
133,0.0,-564.408,-0.0180284,-564.407,-0.0144349,-564.404,-0.0137452,mongenerator-solar_670,0.0,0.0
134,0.0,-582.177,0.0239005,-582.215,0.03689,-582.184,0.0252579,mongenerator-solar_670,0.0,0.0
135,0.0,-584.455,-0.0435932,-584.446,-0.0207541,-584.44,-0.027728,mongenerator-solar_670,0.0,0.0
136,0.0,-443.439,0.0218364,-443.442,0.0141249,-443.446,0.0167763,mongenerator-solar_670,0.0,0.0
137,0.0,-240.022,0.0199054,-240.029,0.0110204,-240.03,0.0143282,mongenerator-solar_670,0.0,0.0
138,0.0,-44.8568,0.000457221,-44.8564,0.00173468,-44.8559,0.000939909,mongenerator-solar_670,0.0,0.0
139,0.0,0.0,0.0,0.0,0.0,0.0,0.0,mongenerator-solar_670,0.0,0.0
140,0.0,0.0,0.0,0.0,0.0,0.0,0.0,mongenerator-solar_670,0.0,0.0
141,0.0,0.0,0.0,0.0,0.0,0.0,0.0,mongenerator-solar_670,0.0,0.0
142,0.0,0.0,0.0,0.0,0.0,0.0,0.0,mongenerator-solar_670,0.0,0.0
143,0.0,0.0,0.0,0.0,0.0,0.0,0.0,mongenerator-solar_670,0.0,0.0
144,0.0,0.0,0.0,0.0,0.0,0.0,0.0,mongenerator-solar_670,0.0,0.0
145,0.0,0.0,0.0,0.0,0.0,0.0,0.0,mongenerator-solar_670,0.0,0.0
146,0.0,0.0,0.0,0.0,0.0,0.0,0.0,mongenerator-solar_670,0.0,0.0
147,0.0,0.0,0.0,0.0,0.0,0.0,0.0,mongenerator-solar_670,0.0,0.0
148,0.0,0.0,0.0,0.0,0.0,0.0,0.0,mongenerator-solar_670,0.0,0.0
149,0.0,0.0,0.0,0.0,0.0,0.0,0.0,mongenerator-solar_670,0.0,0.0
150,0.0,0.0,0.0,0.0,0.0,0.0,0.0,mongenerator-solar_670,0.0,0.0
151,0.0,0.0,0.0,0.0,0.0,0.0,0.0,mongenerator-solar_670,0.0,0.0
152,0.0,0.0,0.0,0.0,0.0,0.0,0.0,mongenerator-solar_670,0.0,0.0
153,0.0,-152.345,-0.0112191,-152.343,-0.0120717,-152.345,-0.0136223,mongenerator-solar_670,0.0,0.0
154,0.0,-151.272,0.0078254,-151.273,0.00429748,-151.273,0.00337978,mongenerator-solar_670,0.0,0.0
155,0.0,-540.54,0.00795601,-540.557,-0.0048717,-540.53,0.0105043,mongenerator-solar_670,0.0,0.0
156,0.0,-569.427,0.000559162,-569.431,-0.0029197,-569.429,-0.00132342,mongenerator-solar_670,0.0,0.0
157,0.0,-525.951,0.00141956,-525.951,0.00114223,-525.947,0.00398498,mongenerator-solar_670,0.0,0.0
158,0.0,-394.281,0.00462989,-394.28,0.00476338,-394.284,0.00355942,mongenerator-solar_670,0.0,0.0
159,0.0,-384.142,-0.00714519,-384.139,-0.00221316,-384.154,-0.0128332,mongenerator-solar_670,0.0,0.0
160,0.0,-229.056,0.0024551,-229.058,0.00148747,-229.059,0.00143524,mongenerator-solar_670,0.0,0.0
161,0.0,-120.971,0.00177694,-120.972,0.000828654,-120.973,0.0010273,mongenerator-solar_670,0.0,0.0
162,0.0,-12.8847,-4.08633e-05,-12.8846,0.00015563,-12.8847,0.000191633,mongenerator-solar_670,0.0,0.0
163,0.0,0.0,0.0,0.0,0.0,0.0,0.0,mongenerator-solar_670,0.0,0.0
164,0.0,0.0,0.0,0.0,0.0,0.0,0.0,mongenerator-solar_670,0.0,0.0
165,0.0,0.0,0.0,0.0,0.0,0.0,0.0,mongenerator-solar_670,0.0,0.0
166,0.0,0.0,0.0,0.0,0.0,0.0,0.0,mongenerator-solar_670,0.0,0.0
167,0.0,0.0,0.0,0.0,0.0,0.0,0.0,mongenerator-solar_670,0.0,0.0
168,0.0,0.0,0.0,0.0,0.0,0.0,0.0,mongenerator-solar_670,0.0,0.0
169,0.0,0.0,0.0,0.0,0.0,0.0,0.0,mongenerator-solar_670,0.0,0.0
170,0.0,0.0,0.0,0.0,0.0,0.0,0.0,mongenerator-solar_670,0.0,0.0
171,0.0,0.0,0.0,0.0,0.0,0.0,0.0,mongenerator-solar_670,0.0,0.0
172,0.0,0.0,0.0,0.0,0.0,0.0,0.0,mongenerator-solar_670,0.0,0.0
173,0.0,0.0,0.0,0.0,0.0,0.0,0.0,mongenerator-solar_670,0.0,0.0
174,0.0,0.0,0.0,0.0,0.0,0.0,0.0,mongenerator-solar_670,0.0,0.0
175,0.0,0.0,0.0,0.0,0.0,0.0,0.0,mongenerator-solar_670,0.0,0.0
176,0.0,0.0,0.0,0.0,0.0,0.0,0.0,mongenerator-solar_670,0.0,0.0
177,0.0,-155.09,-0.00108551,-155.089,-0.000844857,-155.088,-0.000220659,mongenerator-solar_670,0.0,0.0
178,0.0,-361.607,-0.00753176,-361.608,-0.00657892,-361.602,-0.00371427,mongenerator-solar_670,0.0,0.0
179,0.0,-95.4415,0.00297859,-95.444,0.00148293,-95.4456,0.00159991,mongenerator-solar_670,0.0,0.0
180,0.0,-125.743,0.00691137,-125.743,0.00888322,-125.748,0.00956652,mongenerator-solar_670,0.0,0.0
181,0.0,-281.431,-0.0025557,-281.431,-0.00346383,-281.427,-0.00222934,mongenerator-solar_670,0.0,0.0
182,0.0,-326.03,0.0195416,-326.019,0.033878,-326.038,0.0252034,mongenerator-solar_670,0.0,0.0
183,0.0,-267.113,0.00113593,-267.113,0.00168711,-267.116,0.00141048,mongenerator-solar_670,0.0,0.0
184,0.0,-173.105,0.00147316,-173.106,0.00109843,-173.108,0.00107333,mongenerator-solar_670,0.0,0.0
185,0.0,-91.8618,0.000853264,-91.8625,0.000591281,-91.8635,0.000683805,mongenerator-solar_670,0.0,0.0
186,0.0,-10.6177,7.50123e-05,-10.6178,8.38084e-05,-10.6179,9.49982e-05,mongenerator-solar_670,0.0,0.0
187,0.0,0.0,0.0,0.0,0.0,0.0,0.0,mongenerator-solar_670,0.0,0.0
188,0.0,0.0,0.0,0.0,0.0,0.0,0.0,mongenerator-solar_670,0.0,0.0
189,0.0,0.0,0.0,0.0,0.0,0.0,0.0,mongenerator-solar_670,0.0,0.0
190,0.0,0.0,0.0,0.0,0.0,0.0,0.0,mongenerator-solar_670,0.0,0.0
191,0.0,0.0,0.0,0.0,0.0,0.0,0.0,mongenerator-solar_670,0.0,0.0
192,0.0,0.0,0.0,0.0,0.0,0.0,0.0,mongenerator-solar_670,0.0,0.0
193,0.0,0.0,0.0,0.0,0.0,0.0,0.0,mongenerator-solar_670,0.0,0.0
194,0.0,0.0,0.0,0.0,0.0,0.0,0.0,mongenerator-solar_670,0.0,0.0
195,0.0,0.0,0.0,0.0,0.0,0.0,0.0,mongenerator-solar_670,0.0,0.0
196,0.0,0.0,0.0,0.0,0.0,0.0,0.0,mongenerator-solar_670,0.0,0.0
197,0.0,0.0,0.0,0.0,0.0,0.0,0.0,mongenerator-solar_670,0.0,0.0
198,0.0,0.0,0.0,0.0,0.0,0.0,0.0,mongenerator-solar_670,0.0,0.0
199,0.0,0.0,0.0,0.0,0.0,0.0,0.0,mongenerator-solar_670,0.0,0.0
200,0.0,0.0,0.0,0.0,0.0,0.0,0.0,mongenerator-solar_670,0.0,0.0
201,0.0,-159.389,-0.00191593,-159.39,-0.00388261,-159.389,-0.00366797,mongenerator-solar_670,0.0,0.0
202,0.0,-365.89,0.00262608,-365.893,0.000441815,-365.893,0.000458372,mongenerator-solar_670,0.0,0.0
203,0.0,-196.128,0.00146534,-196.129,0.00145685,-196.128,0.00115783,mongenerator-solar_670,0.0,0.0
204,0.0,-417.192,0.00102789,-417.193,-0.000111647,-417.191,0.00230169,mongenerator-solar_670,0.0,0.0
205,0.0,-326.759,0.000964338,-326.766,0.00631066,-326.787,-0.032878,mongenerator-solar_670,0.0,0.0
206,0.0,-152.584,0.000851487,-152.584,0.00128722,-152.585,0.00123645,mongenerator-solar_670,0.0,0.0
207,0.0,-195.654,-0.00128887,-195.653,-0.00125385,-195.653,-0.000915487,mongenerator-solar_670,0.0,0.0
208,0.0,-163.694,-0.0162704,-163.693,-0.0206078,-163.692,-0.0108571,mongenerator-solar_670,0.0,0.0
209,0.0,-84.8219,0.00101118,-84.8228,0.00139197,-84.8232,0.00132735,mongenerator-solar_670,0.0,0.0
210,0.0,-40.0852,9.51454e-05,-40.0844,-0.000126243,-40.0854,0.000428621,mongenerator-solar_670,0.0,0.0
211,0.0,0.0,0.0,0.0,0.0,0.0,0.0,mongenerator-solar_670,0.0,0.0
212,0.0,0.0,0.0,0.0,0.0,0.0,0.0,mongenerator-solar_670,0.0,0.0
213,0.0,0.0,0.0,0.0,0.0,0.0,0.0,mongenerator-solar_670,0.0,0.0
214,0.0,0.0,0.0,0.0,0.0,0.0,0.0,mongenerator-solar_670,0.0,0.0
215,0.0,0.0,0.0,0.0,0.0,0.0,0.0,mongenerator-solar_670,0.0,0.0
216,0.0,0.0,0.0,0.0,0.0,0.0,0.0,mongenerator-solar_670,0.0,0.0
217,0.0,0.0,0.0,0.0,0.0,0.0,0.0,mongenerator-solar_670,0.0,0.0
218,0.0,0.0,0.0,0.0,0.0,0.0,0.0,mongenerator-solar_670,0.0,0.0
219,0.0,0.0,0.0,0.0,0.0,0.0,0.0,mongenerator-solar_670,0.0,0.0
220,0.0,0.0,0.0,0.0,0.0,0.0,0.0,mongenerator-solar_670,0.0,0.0
221,0.0,0.0,0.0,0.0,0.0,0.0,0.0,mongenerator-solar_670,0.0,0.0
222,0.0,0.0,0.0,0.0,0.0,0.0,0.0,mongenerator-solar_670,0.0,0.0
223,0.0,0.0,0.0,0.0,0.0,0.0,0.0,mongenerator-solar_670,0.0,0.0
224,0.0,0.0,0.0,0.0,0.0,0.0,0.0,mongenerator-solar_670,0.0,0.0
225,0.0,-73.8468,0.000163787,-73.8476,-0.000267199,-73.8466,-0.000476164,mongenerator-solar_670,0.0,0.0
226,0.0,-182.532,-0.00144767,-182.532,-0.00282844,-182.531,-0.00238265,mongenerator-solar_670,0.0,0.0
227,0.0,-294.085,-0.00608936,-294.084,-0.00745367,-294.084,-0.00731808,mongenerator-solar_670,0.0,0.0
228,0.0,-504.037,0.00524696,-504.036,0.00641091,-504.036,0.00718519,mongenerator-solar_670,0.0,0.0
229,0.0,-292.52,0.00374635,-292.521,0.00399177,-292.521,0.00392691,mongenerator-solar_670,0.0,0.0
230,0.0,-381.999,-0.00402798,-382.013,-0.0230704,-381.997,-0.00309056,mongenerator-solar_670,0.0,0.0
231,0.0,-387.967,-0.00328361,-387.969,-0.00593892,-387.968,-0.00810589,mongenerator-solar_670,0.0,0.0
232,0.0,-313.05,-0.000710288,-313.043,0.000391382,-313.039,0.00862358,mongenerator-solar_670,0.0,0.0
233,0.0,-174.654,0.000954993,-174.655,0.00154834,-174.656,0.00170322,mongenerator-solar_670,0.0,0.0
234,0.0,-30.6604,0.000588044,-30.6601,0.000587874,-30.6616,0.00113947,mongenerator-solar_670,0.0,0.0
235,0.0,0.0,0.0,0.0,0.0,0.0,0.0,mongenerator-solar_670,0.0,0.0
236,0.0,0.0,0.0,0.0,0.0,0.0,0.0,mongenerator-solar_670,0.0,0.0
237,0.0,0.0,0.0,0.0,0.0,0.0,0.0,mongenerator-solar_670,0.0,0.0
238,0.0,0.0,0.0,0.0,0.0,0.0,0.0,mongenerator-solar_670,0.0,0.0
239,0.0,0.0,0.0,0.0,0.0,0.0,0.0,mongenerator-solar_670,0.0,0.0
240,0.0,0.0,0.0,0.0,0.0,0.0,0.0,mongenerator-solar_670,0.0,0.0
241,0.0,0.0,0.0,0.0,0.0,0.0,0.0,mongenerator-solar_670,0.0,0.0
242,0.0,0.0,0.0,0.0,0.0,0.0,0.0,mongenerator-solar_670,0.0,0.0
243,0.0,0.0,0.0,0.0,0.0,0.0,0.0,mongenerator-solar_670,0.0,0.0
244,0.0,0.0,0.0,0.0,0.0,0.0,0.0,mongenerator-solar_670,0.0,0.0
245,0.0,0.0,0.0,0.0,0.0,0.0,0.0,mongenerator-solar_670,0.0,0.0
246,0.0,0.0,0.0,0.0,0.0,0.0,0.0,mongenerator-solar_670,0.0,0.0
247,0.0,0.0,0.0,0.0,0.0,0.0,0.0,mongenerator-solar_670,0.0,0.0
248,0.0,0.0,0.0,0.0,0.0,0.0,0.0,mongenerator-solar_670,0.0,0.0
249,0.0,-192.313,-0.000678389,-192.315,-0.0024485,-192.314,-0.00290451,mongenerator-solar_670,0.0,0.0
250,0.0,-425.66,0.002731,-425.664,7.80181e-05,-425.665,-0.00129162,mongenerator-solar_670,0.0,0.0
251,0.0,-595.794,-0.00657953,-595.799,-0.00815442,-595.807,-0.014362,mongenerator-solar_670,0.0,0.0
252,0.0,-691.046,-0.012042,-691.054,-0.0184145,-691.047,-0.0136749,mongenerator-solar_670,0.0,0.0
253,0.0,-692.673,-0.00294523,-692.665,-0.000163472,-692.65,0.0115167,mongenerator-solar_670,0.0,0.0
254,0.0,-601.813,0.015794,-601.804,0.0245838,-601.803,0.0269868,mongenerator-solar_670,0.0,0.0
255,0.0,-579.512,0.00381781,-579.508,0.00718383,-579.506,0.0105181,mongenerator-solar_670,0.0,0.0
256,0.0,-490.204,-0.0038138,-490.207,-0.00650559,-490.21,-0.0106807,mongenerator-solar_670,0.0,0.0
257,0.0,-290.978,-0.00656532,-290.977,-0.00729062,-290.981,-0.0149951,mongenerator-solar_670,0.0,0.0
258,0.0,-71.6993,0.00131847,-71.6984,0.00110417,-71.7008,0.00222629,mongenerator-solar_670,0.0,0.0
259,0.0,0.0,0.0,0.0,0.0,0.0,0.0,mongenerator-solar_670,0.0,0.0
260,0.0,0.0,0.0,0.0,0.0,0.0,0.0,mongenerator-solar_670,0.0,0.0
261,0.0,0.0,0.0,0.0,0.0,0.0,0.0,mongenerator-solar_670,0.0,0.0
262,0.0,0.0,0.0,0.0,0.0,0.0,0.0,mongenerator-solar_670,0.0,0.0
263,0.0,0.0,0.0,0.0,0.0,0.0,0.0,mongenerator-solar_670,0.0,0.0
264,0.0,0.0,0.0,0.0,0.0,0.0,0.0,mongenerator-solar_670,0.0,0.0
265,0.0,0.0,0.0,0.0,0.0,0.0,0.0,mongenerator-solar_670,0.0,0.0
266,0.0,0.0,0.0,0.0,0.0,0.0,0.0,mongenerator-solar_670,0.0,0.0
267,0.0,0.0,0.0,0.0,0.0,0.0,0.0,mongenerator-solar_670,0.0,0.0
268,0.0,0.0,0.0,0.0,0.0,0.0,0.0,mongenerator-solar_670,0.0,0.0
269,0.0,0.0,0.0,0.0,0.0,0.0,0.0,mongenerator-solar_670,0.0,0.0
270,0.0,0.0,0.0,0.0,0.0,0.0,0.0,mongenerator-solar_670,0.0,0.0
271,0.0,0.0,0.0,0.0,0.0,0.0,0.0,mongenerator-solar_670,0.0,0.0
272,0.0,0.0,0.0,0.0,0.0,0.0,0.0,mongenerator-solar_670,0.0,0.0
273,0.0,-177.64,-0.00104114,-177.641,-0.00265933,-177.64,-0.00308283,mongenerator-solar_670,0.0,0.0
274,0.0,-403.471,0.00197577,-403.474,1.53954e-05,-403.475,-0.00130712,mongenerator-solar_670,0.0,0.0
275,0.0,-566.205,-0.00522414,-566.207,-0.00492839,-566.215,-0.0103271,mongenerator-solar_670,0.0,0.0
276,0.0,-671.787,-0.0130406,-671.8,-0.0215025,-671.797,-0.0196425,mongenerator-solar_670,0.0,0.0
277,0.0,-648.235,-0.0023798,-648.21,0.0302339,-648.243,0.00516324,mongenerator-solar_670,0.0,0.0
278,0.0,-552.178,0.00949252,-552.176,0.0112044,-552.177,0.00976004,mongenerator-solar_670,0.0,0.0
279,0.0,-496.047,0.00340813,-496.047,0.00356711,-496.046,0.003662,mongenerator-solar_670,0.0,0.0
280,0.0,-477.916,-0.00162264,-477.92,-0.00380709,-477.924,-0.00606996,mongenerator-solar_670,0.0,0.0
281,0.0,-284.175,-0.00637633,-284.187,-0.0160631,-284.195,-0.0291858,mongenerator-solar_670,0.0,0.0
282,0.0,-70.6255,0.000493253,-70.6245,0.000494981,-70.6262,0.0011613,mongenerator-solar_670,0.0,0.0
283,0.0,0.0,0.0,0.0,0.0,0.0,0.0,mongenerator-solar_670,0.0,0.0
284,0.0,0.0,0.0,0.0,0.0,0.0,0.0,mongenerator-solar_670,0.0,0.0
285,0.0,0.0,0.0,0.0,0.0,0.0,0.0,mongenerator-solar_670,0.0,0.0
286,0.0,0.0,0.0,0.0,0.0,0.0,0.0,mongenerator-solar_670,0.0,0.0
287,0.0,0.0,0.0,0.0,0.0,0.0,0.0,mongenerator-solar_670,0.0,0.0
288,0.0,0.0,0.0,0.0,0.0,0.0,0.0,mongenerator-solar_670,0.0,0.0
289,0.0,0.0,0.0,0.0,0.0,0.0,0.0,mongenerator-solar_670,0.0,0.0
290,0.0,0.0,0.0,0.0,0.0,0.0,0.0,mongenerator-solar_670,0.0,0.0
291,0.0,0.0,0.0,0.0,0.0,0.0,0.0,mongenerator-solar_670,0.0,0.0
292,0.0,0.0,0.0,0.0,0.0,0.0,0.0,mongenerator-solar_670,0.0,0.0
293,0.0,0.0,0.0,0.0,0.0,0.0,0.0,mongenerator-solar_670,0.0,0.0
294,0.0,0.0,0.0,0.0,0.0,0.0,0.0,mongenerator-solar_670,0.0,0.0
295,0.0,0.0,0.0,0.0,0.0,0.0,0.0,mongenerator-solar_670,0.0,0.0
296,0.0,0.0,0.0,0.0,0.0,0.0,0.0,mongenerator-solar_670,0.0,0.0
297,0.0,-173.823,-0.00111452,-173.824,-0.003038,-173.822,-0.00315817,mongenerator-solar_670,0.0,0.0
298,0.0,-398.937,0.00261709,-398.941,-0.000674815,-398.942,-0.00190078,mongenerator-solar_670,0.0,0.0
299,0.0,-561.789,-0.00553691,-561.794,-0.00707197,-561.801,-0.0124204,mongenerator-solar_670,0.0,0.0
300,0.0,-518.232,0.00666206,-518.238,0.00249439,-518.236,0.00336417,mongenerator-solar_670,0.0,0.0
301,0.0,-575.278,-0.00855525,-575.281,-0.00957494,-575.279,-0.00842886,mongenerator-solar_670,0.0,0.0
302,0.0,-523.127,0.00512027,-523.126,0.00597019,-523.128,0.00473739,mongenerator-solar_670,0.0,0.0
303,0.0,-472.098,-0.028016,-472.106,-0.044251,-472.111,-0.0369726,mongenerator-solar_670,0.0,0.0
304,0.0,-376.63,-0.000933035,-376.631,-0.00211819,-376.633,-0.00261098,mongenerator-solar_670,0.0,0.0
305,0.0,-223.452,-0.00439635,-223.461,-0.011764,-223.464,-0.0216605,mongenerator-solar_670,0.0,0.0
306,0.0,-54.0428,0.00047769,-54.0422,0.000439844,-54.0434,0.00090923,mongenerator-solar_670,0.0,0.0
307,0.0,0.0,0.0,0.0,0.0,0.0,0.0,mongenerator-solar_670,0.0,0.0
308,0.0,0.0,0.0,0.0,0.0,0.0,0.0,mongenerator-solar_670,0.0,0.0
309,0.0,0.0,0.0,0.0,0.0,0.0,0.0,mongenerator-solar_670,0.0,0.0
310,0.0,0.0,0.0,0.0,0.0,0.0,0.0,mongenerator-solar_670,0.0,0.0
311,0.0,0.0,0.0,0.0,0.0,0.0,0.0,mongenerator-solar_670,0.0,0.0
312,0.0,0.0,0.0,0.0,0.0,0.0,0.0,mongenerator-solar_670,0.0,0.0
313,0.0,0.0,0.0,0.0,0.0,0.0,0.0,mongenerator-solar_670,0.0,0.0
314,0.0,0.0,0.0,0.0,0.0,0.0,0.0,mongenerator-solar_670,0.0,0.0
315,0.0,0.0,0.0,0.0,0.0,0.0,0.0,mongenerator-solar_670,0.0,0.0
316,0.0,0.0,0.0,0.0,0.0,0.0,0.0,mongenerator-solar_670,0.0,0.0
317,0.0,0.0,0.0,0.0,0.0,0.0,0.0,mongenerator-solar_670,0.0,0.0
318,0.0,0.0,0.0,0.0,0.0,0.0,0.0,mongenerator-solar_670,0.0,0.0
319,0.0,0.0,0.0,0.0,0.0,0.0,0.0,mongenerator-solar_670,0.0,0.0
320,0.0,0.0,0.0,0.0,0.0,0.0,0.0,mongenerator-solar_670,0.0,0.0
321,0.0,-72.4149,-0.000228996,-72.4144,-0.000354784,-72.4145,-0.000177904,mongenerator-solar_670,0.0,0.0
322,0.0,-171.553,5.98104e-05,-171.553,-0.00040231,-171.553,-0.000457932,mongenerator-solar_670,0.0,0.0
323,0.0,-310.896,-0.00156319,-310.898,-0.00313317,-310.895,-0.00274773,mongenerator-solar_670,0.0,0.0
324,0.0,-396.319,-0.00183853,-396.319,-0.00301947,-396.317,-0.0014831,mongenerator-solar_670,0.0,0.0
325,0.0,-454.062,-0.00374188,-454.063,-0.00545253,-454.057,-0.00137995,mongenerator-solar_670,0.0,0.0
326,0.0,-416.714,0.0021967,-416.714,0.00227964,-416.716,0.0019214,mongenerator-solar_670,0.0,0.0
327,0.0,-246.475,0.00475112,-246.478,0.00351609,-246.482,0.00346667,mongenerator-solar_670,0.0,0.0
328,0.0,-200.664,-0.00692412,-200.664,-0.00810856,-200.662,-0.00961066,mongenerator-solar_670,0.0,0.0
329,0.0,-113.216,0.00137351,-113.218,0.000722316,-113.218,0.000879671,mongenerator-solar_670,0.0,0.0
330,0.0,-18.4922,0.000142529,-18.4921,0.000210964,-18.4923,0.000258916,mongenerator-solar_670,0.0,0.0
331,0.0,0.0,0.0,0.0,0.0,0.0,0.0,mongenerator-solar_670,0.0,0.0
332,0.0,0.0,0.0,0.0,0.0,0.0,0.0,mongenerator-solar_670,0.0,0.0
333,0.0,0.0,0.0,0.0,0.0,0.0,0.0,mongenerator-solar_670,0.0,0.0
334,0.0,0.0,0.0,0.0,0.0,0.0,0.0,mongenerator-solar_670,0.0,0.0
335,0.0,0.0,0.0,0.0,0.0,0.0,0.0,mongenerator-solar_670,0.0,0.0
336,0.0,0.0,0.0,0.0,0.0,0.0,0.0,mongenerator-solar_670,0.0,0.0
337,0.0,0.0,0.0,0.0,0.0,0.0,0.0,mongenerator-solar_670,0.0,0.0
338,0.0,0.0,0.0,0.0,0.0,0.0,0.0,mongenerator-solar_670,0.0,0.0
339,0.0,0.0,0.0,0.0,0.0,0.0,0.0,mongenerator-solar_670,0.0,0.0
340,0.0,0.0,0.0,0.0,0.0,0.0,0.0,mongenerator-solar_670,0.0,0.0
341,0.0,0.0,0.0,0.0,0.0,0.0,0.0,mongenerator-solar_670,0.0,0.0
342,0.0,0.0,0.0,0.0,0.0,0.0,0.0,mongenerator-solar_670,0.0,0.0
343,0.0,0.0,0.0,0.0,0.0,0.0,0.0,mongenerator-solar_670,0.0,0.0
344,0.0,0.0,0.0,0.0,0.0,0.0,0.0,mongenerator-solar_670,0.0,0.0
345,0.0,-38.1759,0.000100556,-38.1758,5.20201e-05,-38.1763,0.000152997,mongenerator-solar_670,0.0,0.0
346,0.0,-102.479,-0.000487498,-102.478,-0.000111565,-102.479,-0.000137937,mongenerator-solar_670,0.0,0.0
347,0.0,-476.009,0.000685797,-476.007,0.00206426,-476.009,0.00118752,mongenerator-solar_670,0.0,0.0
348,0.0,-523.795,-0.000326353,-523.799,-0.00375139,-523.796,-0.00229838,mongenerator-solar_670,0.0,0.0
349,0.0,-528.992,0.00373026,-528.995,0.00132902,-528.994,0.00174279,mongenerator-solar_670,0.0,0.0
350,0.0,-391.374,0.00597999,-391.373,0.00730198,-391.38,0.00599441,mongenerator-solar_670,0.0,0.0
351,0.0,-396.612,-0.00064725,-396.623,-0.00665591,-396.619,-0.0109326,mongenerator-solar_670,0.0,0.0
352,0.0,-397.849,-0.00572976,-397.855,-0.0080835,-397.859,-0.019004,mongenerator-solar_670,0.0,0.0
353,0.0,-276.419,0.00300232,-276.42,0.00370509,-276.425,0.0033466,mongenerator-solar_670,0.0,0.0
354,0.0,-69.9118,0.00167947,-69.9133,0.00162418,-69.9161,0.00136275,mongenerator-solar_670,0.0,0.0
355,0.0,0.0,0.0,0.0,0.0,0.0,0.0,mongenerator-solar_670,0.0,0.0
356,0.0,0.0,0.0,0.0,0.0,0.0,0.0,mongenerator-solar_670,0.0,0.0
357,0.0,0.0,0.0,0.0,0.0,0.0,0.0,mongenerator-solar_670,0.0,0.0
358,0.0,0.0,0.0,0.0,0.0,0.0,0.0,mongenerator-solar_670,0.0,0.0
359,0.0,0.0,0.0,0.0,0.0,0.0,0.0,mongenerator-solar_670,0.0,0.0
360,0.0,0.0,0.0,0.0,0.0,0.0,0.0,mongenerator-solar_670,0.0,0.0
361,0.0,0.0,0.0,0.0,0.0,0.0,0.0,mongenerator-solar_670,0.0,0.0
362,0.0,0.0,0.0,0.0,0.0,0.0,0.0,mongenerator-solar_670,0.0,0.0
363,0.0,0.0,0.0,0.0,0.0,0.0,0.0,mongenerator-solar_670,0.0,0.0
364,0.0,0.0,0.0,0.0,0.0,0.0,0.0,mongenerator-solar_670,0.0,0.0
365,0.0,0.0,0.0,0.0,0.0,0.0,0.0,mongenerator-solar_670,0.0,0.0
366,0.0,0.0,0.0,0.0,0.0,0.0,0.0,mongenerator-solar_670,0.0,0.0
367,0.0,0.0,0.0,0.0,0.0,0.0,0.0,mongenerator-solar_670,0.0,0.0
368,0.0,0.0,0.0,0.0,0.0,0.0,0.0,mongenerator-solar_670,0.0,0.0
369,0.0,-158.073,-0.00110421,-158.072,-0.000897225,-158.071,-0.000254369,mongenerator-solar_670,0.0,0.0
370,0.0,-367.334,-0.00773277,-367.335,-0.00655757,-367.329,-0.0040288,mongenerator-solar_670,0.0,0.0
371,0.0,-509.272,-0.00393549,-509.283,-0.0116728,-509.277,-0.00987143,mongenerator-solar_670,0.0,0.0
372,0.0,-438.183,0.00612476,-438.181,0.0065594,-438.185,0.00608741,mongenerator-solar_670,0.0,0.0
373,0.0,-515.026,-0.00300467,-515.031,-0.00741009,-515.024,-0.00380157,mongenerator-solar_670,0.0,0.0
374,0.0,-424.731,0.00496216,-424.73,0.00601704,-424.734,0.00527415,mongenerator-solar_670,0.0,0.0
375,0.0,-391.449,0.00109763,-391.448,0.00180438,-391.45,0.000880941,mongenerator-solar_670,0.0,0.0
376,0.0,-185.156,0.00378556,-185.159,0.00308253,-185.163,0.00301864,mongenerator-solar_670,0.0,0.0
377,0.0,-103.673,0.00106733,-103.674,0.000837795,-103.675,0.001023,mongenerator-solar_670,0.0,0.0
378,0.0,-18.7302,0.00010792,-18.7303,0.000151879,-18.7305,0.000135501,mongenerator-solar_670,0.0,0.0
379,0.0,0.0,0.0,0.0,0.0,0.0,0.0,mongenerator-solar_670,0.0,0.0
380,0.0,0.0,0.0,0.0,0.0,0.0,0.0,mongenerator-solar_670,0.0,0.0
381,0.0,0.0,0.0,0.0,0.0,0.0,0.0,mongenerator-solar_670,0.0,0.0
382,0.0,0.0,0.0,0.0,0.0,0.0,0.0,mongenerator-solar_670,0.0,0.0
383,0.0,0.0,0.0,0.0,0.0,0.0,0.0,mongenerator-solar_670,0.0,0.0
384,0.0,0.0,0.0,0.0,0.0,0.0,0.0,mongenerator-solar_670,0.0,0.0
385,0.0,0.0,0.0,0.0,0.0,0.0,0.0,mongenerator-solar_670,0.0,0.0
386,0.0,0.0,0.0,0.0,0.0,0.0,0.0,mongenerator-solar_670,0.0,0.0
387,0.0,0.0,0.0,0.0,0.0,0.0,0.0,mongenerator-solar_670,0.0,0.0
388,0.0,0.0,0.0,0.0,0.0,0.0,0.0,mongenerator-solar_670,0.0,0.0
389,0.0,0.0,0.0,0.0,0.0,0.0,0.0,mongenerator-solar_670,0.0,0.0
390,0.0,0.0,0.0,0.0,0.0,0.0,0.0,mongenerator-solar_670,0.0,0.0
391,0.0,0.0,0.0,0.0,0.0,0.0,0.0,mongenerator-solar_670,0.0,0.0
392,0.0,0.0,0.0,0.0,0.0,0.0,0.0,mongenerator-solar_670,0.0,0.0
393,0.0,-163.437,-0.00277187,-163.436,-0.00247175,-163.434,-0.00395501,mongenerator-solar_670,0.0,0.0
394,0.0,-393.094,-0.00916501,-393.091,-0.0110233,-393.09,-0.00954888,mongenerator-solar_670,0.0,0.0
395,0.0,-573.856,-0.0195506,-573.857,-0.0220139,-573.858,-0.0223108,mongenerator-solar_670,0.0,0.0
396,0.0,-699.367,-0.0203565,-699.372,-0.0270419,-699.359,-0.0173455,mongenerator-solar_670,0.0,0.0
397,0.0,-698.703,-0.00411561,-698.703,-0.00491104,-698.693,0.00202986,mongenerator-solar_670,0.0,0.0
398,0.0,-633.684,0.0130386,-633.681,0.0170575,-633.686,0.0142251,mongenerator-solar_670,0.0,0.0
399,0.0,-547.802,0.00818209,-547.803,0.00975719,-547.805,0.00768952,mongenerator-solar_670,0.0,0.0
400,0.0,-494.256,0.00398694,-494.258,0.00356434,-494.26,0.00115055,mongenerator-solar_670,0.0,0.0
401,0.0,-289.43,0.0100915,-289.438,0.0093588,-289.44,0.00917595,mongenerator-solar_670,0.0,0.0
402,0.0,-75.398,0.00022232,-75.3975,-0.000157494,-75.3978,-9.08923e-05,mongenerator-solar_670,0.0,0.0
403,0.0,0.0,0.0,0.0,0.0,0.0,0.0,mongenerator-solar_670,0.0,0.0
404,0.0,0.0,0.0,0.0,0.0,0.0,0.0,mongenerator-solar_670,0.0,0.0
405,0.0,0.0,0.0,0.0,0.0,0.0,0.0,mongenerator-solar_670,0.0,0.0
406,0.0,0.0,0.0,0.0,0.0,0.0,0.0,mongenerator-solar_670,0.0,0.0
407,0.0,0.0,0.0,0.0,0.0,0.0,0.0,mongenerator-solar_670,0.0,0.0
408,0.0,0.0,0.0,0.0,0.0,0.0,0.0,mongenerator-solar_670,0.0,0.0
409,0.0,0.0,0.0,0.0,0.0,0.0,0.0,mongenerator-solar_670,0.0,0.0
410,0.0,0.0,0.0,0.0,0.0,0.0,0.0,mongenerator-solar_670,0.0,0.0
411,0.0,0.0,0.0,0.0,0.0,0.0,0.0,mongenerator-solar_670,0.0,0.0
412,0.0,0.0,0.0,0.0,0.0,0.0,0.0,mongenerator-solar_670,0.0,0.0
413,0.0,0.0,0.0,0.0,0.0,0.0,0.0,mongenerator-solar_670,0.0,0.0
414,0.0,0.0,0.0,0.0,0.0,0.0,0.0,mongenerator-solar_670,0.0,0.0
415,0.0,0.0,0.0,0.0,0.0,0.0,0.0,mongenerator-solar_670,0.0,0.0
416,0.0,0.0,0.0,0.0,0.0,0.0,0.0,mongenerator-solar_670,0.0,0.0
417,0.0,-178.476,-0.00633761,-178.474,-0.00600737,-178.474,-0.0107804,mongenerator-solar_670,0.0,0.0
418,0.0,-402.042,-0.0207907,-402.039,-0.017613,-402.036,-0.022184,mongenerator-solar_670,0.0,0.0
419,0.0,-581.7,-0.0401464,-581.701,-0.0275305,-581.692,-0.0368447,mongenerator-solar_670,0.0,0.0
420,0.0,-688.975,-0.00660439,-688.96,-0.00302044,-688.923,0.0234343,mongenerator-solar_670,0.0,0.0
421,0.0,-689.557,-0.00470011,-689.559,-0.00587855,-689.552,-0.00201686,mongenerator-solar_670,0.0,0.0
422,0.0,-634.667,0.0099058,-634.658,0.0140484,-634.661,0.0146785,mongenerator-solar_670,0.0,0.0
423,0.0,-546.892,0.00702752,-546.892,0.00684262,-546.895,0.00539166,mongenerator-solar_670,0.0,0.0
424,0.0,-501.417,0.00292629,-501.417,0.0027176,-501.419,0.00216921,mongenerator-solar_670,0.0,0.0
425,0.0,-294.556,0.00880162,-294.561,0.00585864,-294.564,0.00669736,mongenerator-solar_670,0.0,0.0
426,0.0,-77.7831,-2.84741e-05,-77.7863,-0.0066513,-77.7814,-0.00515381,mongenerator-solar_670,0.0,0.0
427,0.0,0.0,0.0,0.0,0.0,0.0,0.0,mongenerator-solar_670,0.0,0.0
428,0.0,0.0,0.0,0.0,0.0,0.0,0.0,mongenerator-solar_670,0.0,0.0
429,0.0,0.0,0.0,0.0,0.0,0.0,0.0,mongenerator-solar_670,0.0,0.0
430,0.0,0.0,0.0,0.0,0.0,0.0,0.0,mongenerator-solar_670,0.0,0.0
431,0.0,0.0,0.0,0.0,0.0,0.0,0.0,mongenerator-solar_670,0.0,0.0
432,0.0,0.0,0.0,0.0,0.0,0.0,0.0,mongenerator-solar_670,0.0,0.0
433,0.0,0.0,0.0,0.0,0.0,0.0,0.0,mongenerator-solar_670,0.0,0.0
434,0.0,0.0,0.0,0.0,0.0,0.0,0.0,mongenerator-solar_670,0.0,0.0
435,0.0,0.0,0.0,0.0,0.0,0.0,0.0,mongenerator-solar_670,0.0,0.0
436,0.0,0.0,0.0,0.0,0.0,0.0,0.0,mongenerator-solar_670,0.0,0.0
437,0.0,0.0,0.0,0.0,0.0,0.0,0.0,mongenerator-solar_670,0.0,0.0
438,0.0,0.0,0.0,0.0,0.0,0.0,0.0,mongenerator-solar_670,0.0,0.0
439,0.0,0.0,0.0,0.0,0.0,0.0,0.0,mongenerator-solar_670,0.0,0.0
440,0.0,0.0,0.0,0.0,0.0,0.0,0.0,mongenerator-solar_670,0.0,0.0
441,0.0,-188.26,-0.00883679,-188.257,-0.00751123,-188.256,-0.0140401,mongenerator-solar_670,0.0,0.0
442,0.0,-422.081,-0.0276482,-422.077,-0.0228022,-422.071,-0.0300393,mongenerator-solar_670,0.0,0.0
443,0.0,-591.958,-0.0409298,-591.959,-0.0288217,-591.949,-0.0385216,mongenerator-solar_670,0.0,0.0
444,0.0,-693.132,-0.0159236,-693.133,-0.0172875,-693.127,-0.0106667,mongenerator-solar_670,0.0,0.0
445,0.0,-706.247,-0.00566329,-706.247,-0.00657775,-706.244,-7.04077e-07,mongenerator-solar_670,0.0,0.0
446,0.0,-633.036,0.0249154,-633.034,0.0199916,-633.04,0.0216269,mongenerator-solar_670,0.0,0.0
447,0.0,-558.384,0.0120971,-558.385,0.0092623,-558.387,0.00883927,mongenerator-solar_670,0.0,0.0
448,0.0,-502.97,0.00816348,-502.971,0.00608047,-502.973,0.0059784,mongenerator-solar_670,0.0,0.0
449,0.0,-309.456,0.0229645,-309.463,0.012409,-309.465,0.017265,mongenerator-solar_670,0.0,0.0
450,0.0,-84.8228,0.00201139,-84.8211,0.0037865,-84.8206,0.00217191,mongenerator-solar_670,0.0,0.0
451,0.0,0.0,0.0,0.0,0.0,0.0,0.0,mongenerator-solar_670,0.0,0.0
452,0.0,0.0,0.0,0.0,0.0,0.0,0.0,mongenerator-solar_670,0.0,0.0
453,0.0,0.0,0.0,0.0,0.0,0.0,0.0,mongenerator-solar_670,0.0,0.0
454,0.0,0.0,0.0,0.0,0.0,0.0,0.0,mongenerator-solar_670,0.0,0.0
455,0.0,0.0,0.0,0.0,0.0,0.0,0.0,mongenerator-solar_670,0.0,0.0
456,0.0,0.0,0.0,0.0,0.0,0.0,0.0,mongenerator-solar_670,0.0,0.0
457,0.0,0.0,0.0,0.0,0.0,0.0,0.0,mongenerator-solar_670,0.0,0.0
458,0.0,0.0,0.0,0.0,0.0,0.0,0.0,mongenerator-solar_670,0.0,0.0
459,0.0,0.0,0.0,0.0,0.0,0.0,0.0,mongenerator-solar_670,0.0,0.0
460,0.0,0.0,0.0,0.0,0.0,0.0,0.0,mongenerator-solar_670,0.0,0.0
461,0.0,0.0,0.0,0.0,0.0,0.0,0.0,mongenerator-solar_670,0.0,0.0
462,0.0,0.0,0.0,0.0,0.0,0.0,0.0,mongenerator-solar_670,0.0,0.0
463,0.0,0.0,0.0,0.0,0.0,0.0,0.0,mongenerator-solar_670,0.0,0.0
464,0.0,0.0,0.0,0.0,0.0,0.0,0.0,mongenerator-solar_670,0.0,0.0
465,0.0,-184.799,-0.0060854,-184.797,-0.00531241,-184.797,-0.00916193,mongenerator-solar_670,0.0,0.0
466,0.0,-412.183,-0.0180911,-412.181,-0.015262,-412.178,-0.0172553,mongenerator-solar_670,0.0,0.0
467,0.0,-576.338,-0.0300848,-576.338,-0.0199903,-576.332,-0.0243154,mongenerator-solar_670,0.0,0.0
468,0.0,-674.881,-0.019272,-674.884,-0.0186435,-674.878,-0.0211849,mongenerator-solar_670,0.0,0.0
469,0.0,-711.746,-0.0139767,-711.748,-0.0135422,-711.743,-0.0106361,mongenerator-solar_670,0.0,0.0
470,0.0,-690.39,0.0136699,-690.388,0.0119028,-690.393,0.0115261,mongenerator-solar_670,0.0,0.0
471,0.0,-615.47,0.0119486,-615.47,0.00959243,-615.474,0.00880545,mongenerator-solar_670,0.0,0.0
472,0.0,-485.312,0.0200308,-485.315,0.0128966,-485.319,0.0158733,mongenerator-solar_670,0.0,0.0
473,0.0,-294.064,0.0212096,-294.071,0.0108005,-294.073,0.0152902,mongenerator-solar_670,0.0,0.0
474,0.0,-79.0958,0.000462554,-79.0952,0.00273946,-79.0942,0.00118133,mongenerator-solar_670,0.0,0.0
475,0.0,0.0,0.0,0.0,0.0,0.0,0.0,mongenerator-solar_670,0.0,0.0
476,0.0,0.0,0.0,0.0,0.0,0.0,0.0,mongenerator-solar_670,0.0,0.0
477,0.0,0.0,0.0,0.0,0.0,0.0,0.0,mongenerator-solar_670,0.0,0.0
478,0.0,0.0,0.0,0.0,0.0,0.0,0.0,mongenerator-solar_670,0.0,0.0
479,0.0,0.0,0.0,0.0,0.0,0.0,0.0,mongenerator-solar_670,0.0,0.0
480,0.0,0.0,0.0,0.0,0.0,0.0,0.0,mongenerator-solar_670,0.0,0.0
