hour,t(sec),P1(kW),Q1(kvar),P2(kW),Q2(kvar),P3(kW),Name,Q3(kvar),P4(kW),Q4(kvar)
1,0.0,0.0,0.0,,0.0,,mongenerator-battery_633,,,
2,0.0,0.0,0.0,,0.0,,mongenerator-battery_633,,,
3,0.0,0.0,0.0,,0.0,,mongenerator-battery_633,,,
4,0.0,0.0,0.0,,0.0,,mongenerator-battery_633,,,
5,0.0,0.0,0.0,,0.0,,mongenerator-battery_633,,,
6,0.0,0.0,0.0,,0.0,,mongenerator-battery_633,,,
7,0.0,0.0,0.0,,0.0,,mongenerator-battery_633,,,
8,0.0,0.0,0.0,,0.0,,mongenerator-battery_633,,,
9,0.0,0.0,0.0,,0.0,,mongenerator-battery_633,,,
10,0.0,0.0,0.0,,0.0,,mongenerator-battery_633,,,
11,0.0,0.0,0.0,,0.0,,mongenerator-battery_633,,,
12,0.0,0.0,0.0,,0.0,,mongenerator-battery_633,,,
13,0.0,0.0,0.0,,0.0,,mongenerator-battery_633,,,
14,0.0,0.0,0.0,,0.0,,mongenerator-battery_633,,,
15,0.0,0.0,0.0,,0.0,,mongenerator-battery_633,,,
16,0.0,0.0,0.0,,0.0,,mongenerator-battery_633,,,
17,0.0,0.0,0.0,,0.0,,mongenerator-battery_633,,,
18,0.0,0.0,0.0,,0.0,,mongenerator-battery_633,,,
19,0.0,0.0,0.0,,0.0,,mongenerator-battery_633,,,
20,0.0,0.0,0.0,,0.0,,mongenerator-battery_633,,,
21,0.0,0.0,0.0,,0.0,,mongenerator-battery_633,,,
22,0.0,0.0,0.0,,0.0,,mongenerator-battery_633,,,
23,0.0,0.0,0.0,,0.0,,mongenerator-battery_633,,,
24,0.0,0.0,0.0,,0.0,,mongenerator-battery_633,,,
25,0.0,0.0,0.0,,0.0,,mongenerator-battery_633,,,
26,0.0,0.0,0.0,,0.0,,mongenerator-battery_633,,,
27,0.0,0.0,0.0,,0.0,,mongenerator-battery_633,,,
28,0.0,0.0,0.0,,0.0,,mongenerator-battery_633,,,
29,0.0,0.0,0.0,,0.0,,mongenerator-battery_633,,,
30,0.0,0.0,0.0,,0.0,,mongenerator-battery_633,,,
31,0.0,0.0,0.0,,0.0,,mongenerator-battery_633,,,
32,0.0,0.0,0.0,,0.0,,mongenerator-battery_633,,,
33,0.0,0.0,0.0,,0.0,,mongenerator-battery_633,,,
34,0.0,0.0,0.0,,0.0,,mongenerator-battery_633,,,
35,0.0,0.0,0.0,,0.0,,mongenerator-battery_633,,,
36,0.0,0.0,0.0,,0.0,,mongenerator-battery_633,,,
37,0.0,0.0,0.0,,0.0,,mongenerator-battery_633,,,
38,0.0,0.0,0.0,,0.0,,mongenerator-battery_633,,,
39,0.0,0.0,0.0,,0.0,,mongenerator-battery_633,,,
40,0.0,0.0,0.0,,0.0,,mongenerator-battery_633,,,
41,0.0,0.0,0.0,,0.0,,mongenerator-battery_633,,,
42,0.0,0.0,0.0,,0.0,,mongenerator-battery_633,,,
43,0.0,0.0,0.0,,0.0,,mongenerator-battery_633,,,
44,0.0,0.0,0.0,,0.0,,mongenerator-battery_633,,,
45,0.0,0.0,0.0,,0.0,,mongenerator-battery_633,,,
46,0.0,0.0,0.0,,0.0,,mongenerator-battery_633,,,
47,0.0,0.0,0.0,,0.0,,mongenerator-battery_633,,,
48,0.0,0.0,0.0,,0.0,,mongenerator-battery_633,,,
49,0.0,0.0,0.0,,0.0,,mongenerator-battery_633,,,
50,0.0,0.0,0.0,,0.0,,mongenerator-battery_633,,,
51,0.0,0.0,0.0,,0.0,,mongenerator-battery_633,,,
52,0.0,0.0,0.0,,0.0,,mongenerator-battery_633,,,
53,0.0,0.0,0.0,,0.0,,mongenerator-battery_633,,,
54,0.0,0.0,0.0,,0.0,,mongenerator-battery_633,,,
55,0.0,0.0,0.0,,0.0,,mongenerator-battery_633,,,
56,0.0,0.0,0.0,,0.0,,mongenerator-battery_633,,,
57,0.0,0.0,0.0,,0.0,,mongenerator-battery_633,,,
58,0.0,0.0,0.0,,0.0,,mongenerator-battery_633,,,
59,0.0,0.0,0.0,,0.0,,mongenerator-battery_633,,,
60,0.0,0.0,0.0,,0.0,,mongenerator-battery_633,,,
61,0.0,0.0,0.0,,0.0,,mongenerator-battery_633,,,
62,0.0,0.0,0.0,,0.0,,mongenerator-battery_633,,,
63,0.0,0.0,0.0,,0.0,,mongenerator-battery_633,,,
64,0.0,0.0,0.0,,0.0,,mongenerator-battery_633,,,
65,0.0,0.0,0.0,,0.0,,mongenerator-battery_633,,,
66,0.0,0.0,0.0,,0.0,,mongenerator-battery_633,,,
67,0.0,0.0,0.0,,0.0,,mongenerator-battery_633,,,
68,0.0,0.0,0.0,,0.0,,mongenerator-battery_633,,,
69,0.0,0.0,0.0,,0.0,,mongenerator-battery_633,,,
70,0.0,0.0,0.0,,0.0,,mongenerator-battery_633,,,
71,0.0,0.0,0.0,,0.0,,mongenerator-battery_633,,,
72,0.0,0.0,0.0,,0.0,,mongenerator-battery_633,,,
73,0.0,0.0,0.0,,0.0,,mongenerator-battery_633,,,
74,0.0,0.0,0.0,,0.0,,mongenerator-battery_633,,,
75,0.0,0.0,0.0,,0.0,,mongenerator-battery_633,,,
76,0.0,0.0,0.0,,0.0,,mongenerator-battery_633,,,
77,0.0,0.0,0.0,,0.0,,mongenerator-battery_633,,,
78,0.0,0.0,0.0,,0.0,,mongenerator-battery_633,,,
79,0.0,0.0,0.0,,0.0,,mongenerator-battery_633,,,
80,0.0,0.0,0.0,,0.0,,mongenerator-battery_633,,,
81,0.0,0.0,0.0,,0.0,,mongenerator-battery_633,,,
82,0.0,0.0,0.0,,0.0,,mongenerator-battery_633,,,
83,0.0,0.0,0.0,,0.0,,mongenerator-battery_633,,,
84,0.0,0.0,0.0,,0.0,,mongenerator-battery_633,,,
85,0.0,0.0,0.0,,0.0,,mongenerator-battery_633,,,
86,0.0,0.0,0.0,,0.0,,mongenerator-battery_633,,,
87,0.0,0.0,0.0,,0.0,,mongenerator-battery_633,,,
88,0.0,0.0,0.0,,0.0,,mongenerator-battery_633,,,
89,0.0,0.0,0.0,,0.0,,mongenerator-battery_633,,,
90,0.0,0.0,0.0,,0.0,,mongenerator-battery_633,,,
91,0.0,0.0,0.0,,0.0,,mongenerator-battery_633,,,
92,0.0,0.0,0.0,,0.0,,mongenerator-battery_633,,,
93,0.0,0.0,0.0,,0.0,,mongenerator-battery_633,,,
94,0.0,0.0,0.0,,0.0,,mongenerator-battery_633,,,
95,0.0,0.0,0.0,,0.0,,mongenerator-battery_633,,,
96,0.0,0.0,0.0,,0.0,,mongenerator-battery_633,,,
1,0.0,,0.0,0.0,0.0,,mongenerator-battery_645,,,
2,0.0,,0.0,0.0,0.0,,mongenerator-battery_645,,,
3,0.0,,0.0,0.0,0.0,,mongenerator-battery_645,,,
4,0.0,,0.0,0.0,0.0,,mongenerator-battery_645,,,
5,0.0,,0.0,0.0,0.0,,mongenerator-battery_645,,,
6,0.0,,0.0,0.0,0.0,,mongenerator-battery_645,,,
7,0.0,,0.0,0.0,0.0,,mongenerator-battery_645,,,
8,0.0,,0.0,0.0,0.0,,mongenerator-battery_645,,,
9,0.0,,0.0,0.0,0.0,,mongenerator-battery_645,,,
10,0.0,,0.0,0.0,0.0,,mongenerator-battery_645,,,
11,0.0,,0.0,0.0,0.0,,mongenerator-battery_645,,,
12,0.0,,0.0,0.0,0.0,,mongenerator-battery_645,,,
13,0.0,,0.0,0.0,0.0,,mongenerator-battery_645,,,
14,0.0,,0.0,0.0,0.0,,mongenerator-battery_645,,,
15,0.0,,0.0,0.0,0.0,,mongenerator-battery_645,,,
16,0.0,,0.0,0.0,0.0,,mongenerator-battery_645,,,
17,0.0,,0.0,0.0,0.0,,mongenerator-battery_645,,,
18,0.0,,0.0,0.0,0.0,,mongenerator-battery_645,,,
19,0.0,,0.0,0.0,0.0,,mongenerator-battery_645,,,
20,0.0,,0.0,0.0,0.0,,mongenerator-battery_645,,,
21,0.0,,0.0,0.0,0.0,,mongenerator-battery_645,,,
22,0.0,,0.0,0.0,0.0,,mongenerator-battery_645,,,
23,0.0,,0.0,0.0,0.0,,mongenerator-battery_645,,,
24,0.0,,0.0,0.0,0.0,,mongenerator-battery_645,,,
25,0.0,,0.0,0.0,0.0,,mongenerator-battery_645,,,
26,0.0,,0.0,0.0,0.0,,mongenerator-battery_645,,,
27,0.0,,0.0,0.0,0.0,,mongenerator-battery_645,,,
28,0.0,,0.0,0.0,0.0,,mongenerator-battery_645,,,
29,0.0,,0.0,0.0,0.0,,mongenerator-battery_645,,,
30,0.0,,0.0,0.0,0.0,,mongenerator-battery_645,,,
31,0.0,,0.0,0.0,0.0,,mongenerator-battery_645,,,
32,0.0,,0.0,0.0,0.0,,mongenerator-battery_645,,,
33,0.0,,0.0,0.0,0.0,,mongenerator-battery_645,,,
34,0.0,,0.0,0.0,0.0,,mongenerator-battery_645,,,
35,0.0,,0.0,0.0,0.0,,mongenerator-battery_645,,,
36,0.0,,0.0,0.0,0.0,,mongenerator-battery_645,,,
37,0.0,,0.0,0.0,0.0,,mongenerator-battery_645,,,
38,0.0,,0.0,0.0,0.0,,mongenerator-battery_645,,,
39,0.0,,0.0,0.0,0.0,,mongenerator-battery_645,,,
40,0.0,,0.0,0.0,0.0,,mongenerator-battery_645,,,
41,0.0,,0.0,0.0,0.0,,mongenerator-battery_645,,,
42,0.0,,0.0,0.0,0.0,,mongenerator-battery_645,,,
43,0.0,,0.0,0.0,0.0,,mongenerator-battery_645,,,
44,0.0,,0.0,0.0,0.0,,mongenerator-battery_645,,,
45,0.0,,0.0,0.0,0.0,,mongenerator-battery_645,,,
46,0.0,,0.0,0.0,0.0,,mongenerator-battery_645,,,
47,0.0,,0.0,0.0,0.0,,mongenerator-battery_645,,,
48,0.0,,0.0,0.0,0.0,,mongenerator-battery_645,,,
49,0.0,,0.0,0.0,0.0,,mongenerator-battery_645,,,
50,0.0,,0.0,0.0,0.0,,mongenerator-battery_645,,,
51,0.0,,0.0,0.0,0.0,,mongenerator-battery_645,,,
52,0.0,,0.0,0.0,0.0,,mongenerator-battery_645,,,
53,0.0,,0.0,0.0,0.0,,mongenerator-battery_645,,,
54,0.0,,0.0,0.0,0.0,,mongenerator-battery_645,,,
55,0.0,,0.0,0.0,0.0,,mongenerator-battery_645,,,
56,0.0,,0.0,0.0,0.0,,mongenerator-battery_645,,,
57,0.0,,0.0,0.0,0.0,,mongenerator-battery_645,,,
58,0.0,,0.0,0.0,0.0,,mongenerator-battery_645,,,
59,0.0,,0.0,0.0,0.0,,mongenerator-battery_645,,,
60,0.0,,0.0,0.0,0.0,,mongenerator-battery_645,,,
61,0.0,,0.0,0.0,0.0,,mongenerator-battery_645,,,
62,0.0,,0.0,0.0,0.0,,mongenerator-battery_645,,,
63,0.0,,0.0,0.0,0.0,,mongenerator-battery_645,,,
64,0.0,,0.0,0.0,0.0,,mongenerator-battery_645,,,
65,0.0,,0.0,0.0,0.0,,mongenerator-battery_645,,,
66,0.0,,0.0,0.0,0.0,,mongenerator-battery_645,,,
67,0.0,,0.0,0.0,0.0,,mongenerator-battery_645,,,
68,0.0,,0.0,0.0,0.0,,mongenerator-battery_645,,,
69,0.0,,0.0,0.0,0.0,,mongenerator-battery_645,,,
70,0.0,,0.0,0.0,0.0,,mongenerator-battery_645,,,
71,0.0,,0.0,0.0,0.0,,mongenerator-battery_645,,,
72,0.0,,0.0,0.0,0.0,,mongenerator-battery_645,,,
73,0.0,,0.0,0.0,0.0,,mongenerator-battery_645,,,
74,0.0,,0.0,0.0,0.0,,mongenerator-battery_645,,,
75,0.0,,0.0,0.0,0.0,,mongenerator-battery_645,,,
76,0.0,,0.0,0.0,0.0,,mongenerator-battery_645,,,
77,0.0,,0.0,0.0,0.0,,mongenerator-battery_645,,,
78,0.0,,0.0,0.0,0.0,,mongenerator-battery_645,,,
79,0.0,,0.0,0.0,0.0,,mongenerator-battery_645,,,
80,0.0,,0.0,0.0,0.0,,mongenerator-battery_645,,,
81,0.0,,0.0,0.0,0.0,,mongenerator-battery_645,,,
82,0.0,,0.0,0.0,0.0,,mongenerator-battery_645,,,
83,0.0,,0.0,0.0,0.0,,mongenerator-battery_645,,,
84,0.0,,0.0,0.0,0.0,,mongenerator-battery_645,,,
85,0.0,,0.0,0.0,0.0,,mongenerator-battery_645,,,
86,0.0,,0.0,0.0,0.0,,mongenerator-battery_645,,,
87,0.0,,0.0,0.0,0.0,,mongenerator-battery_645,,,
88,0.0,,0.0,0.0,0.0,,mongenerator-battery_645,,,
89,0.0,,0.0,0.0,0.0,,mongenerator-battery_645,,,
90,0.0,,0.0,0.0,0.0,,mongenerator-battery_645,,,
91,0.0,,0.0,0.0,0.0,,mongenerator-battery_645,,,
92,0.0,,0.0,0.0,0.0,,mongenerator-battery_645,,,
93,0.0,,0.0,0.0,0.0,,mongenerator-battery_645,,,
94,0.0,,0.0,0.0,0.0,,mongenerator-battery_645,,,
95,0.0,,0.0,0.0,0.0,,mongenerator-battery_645,,,
96,0.0,,0.0,0.0,0.0,,mongenerator-battery_645,,,
1,0.0,0.0,0.0,0.0,0.0,0.0,mongenerator-battery_670,0.0,0.0,0.0
2,0.0,0.0,0.0,0.0,0.0,0.0,mongenerator-battery_670,0.0,0.0,0.0
3,0.0,0.0,0.0,0.0,0.0,0.0,mongenerator-battery_670,0.0,0.0,0.0
4,0.0,0.0,0.0,0.0,0.0,0.0,mongenerator-battery_670,0.0,0.0,0.0
5,0.0,0.0,0.0,0.0,0.0,0.0,mongenerator-battery_670,0.0,0.0,0.0
6,0.0,0.0,0.0,0.0,0.0,0.0,mongenerator-battery_670,0.0,0.0,0.0
7,0.0,0.0,0.0,0.0,0.0,0.0,mongenerator-battery_670,0.0,0.0,0.0
8,0.0,0.0,0.0,0.0,0.0,0.0,mongenerator-battery_670,0.0,0.0,0.0
9,0.0,-321.545,0.00997996,-319.894,0.00487014,-296.883,mongenerator-battery_670,-1.5926e-05,0.0,0.0
10,0.0,320.966,-0.0169295,312.125,-0.00222859,287.625,mongenerator-battery_670,-0.0177976,0.0,0.0
11,0.0,481.467,-0.00605763,469.747,0.00012766,427.905,mongenerator-battery_670,-0.00169311,0.0,0.0
12,0.0,0.0,0.0,0.0,0.0,0.0,mongenerator-battery_670,0.0,0.0,0.0
13,0.0,0.0,0.0,0.0,0.0,0.0,mongenerator-battery_670,0.0,0.0,0.0
14,0.0,0.0,0.0,0.0,0.0,0.0,mongenerator-battery_670,0.0,0.0,0.0
15,0.0,0.0,0.0,0.0,0.0,0.0,mongenerator-battery_670,0.0,0.0,0.0
16,0.0,0.0,0.0,0.0,0.0,0.0,mongenerator-battery_670,0.0,0.0,0.0
17,0.0,0.0,0.0,0.0,0.0,0.0,mongenerator-battery_670,0.0,0.0,0.0
18,0.0,0.0,0.0,0.0,0.0,0.0,mongenerator-battery_670,0.0,0.0,0.0
19,0.0,0.0,0.0,0.0,0.0,0.0,mongenerator-battery_670,0.0,0.0,0.0
20,0.0,0.0,0.0,0.0,0.0,0.0,mongenerator-battery_670,0.0,0.0,0.0
21,0.0,0.0,0.0,0.0,0.0,0.0,mongenerator-battery_670,0.0,0.0,0.0
22,0.0,0.0,0.0,0.0,0.0,0.0,mongenerator-battery_670,0.0,0.0,0.0
23,0.0,0.0,0.0,0.0,0.0,0.0,mongenerator-battery_670,0.0,0.0,0.0
24,0.0,0.0,0.0,0.0,0.0,0.0,mongenerator-battery_670,0.0,0.0,0.0
25,0.0,0.0,0.0,0.0,0.0,0.0,mongenerator-battery_670,0.0,0.0,0.0
26,0.0,0.0,0.0,0.0,0.0,0.0,mongenerator-battery_670,0.0,0.0,0.0
27,0.0,0.0,0.0,0.0,0.0,0.0,mongenerator-battery_670,0.0,0.0,0.0
28,0.0,0.0,0.0,0.0,0.0,0.0,mongenerator-battery_670,0.0,0.0,0.0
29,0.0,0.0,0.0,0.0,0.0,0.0,mongenerator-battery_670,0.0,0.0,0.0
30,0.0,0.0,0.0,0.0,0.0,0.0,mongenerator-battery_670,0.0,0.0,0.0
31,0.0,0.0,0.0,0.0,0.0,0.0,mongenerator-battery_670,0.0,0.0,0.0
32,0.0,0.0,0.0,0.0,0.0,0.0,mongenerator-battery_670,0.0,0.0,0.0
33,0.0,0.0,0.0,0.0,0.0,0.0,mongenerator-battery_670,0.0,0.0,0.0
34,0.0,0.0,0.0,0.0,0.0,0.0,mongenerator-battery_670,0.0,0.0,0.0
35,0.0,-5.05876,-7.46496e-06,-5.05874,-7.37465e-06,-5.05866,mongenerator-battery_670,-7.25408e-06,0.0,0.0
36,0.0,-216.654,3.20711e-05,-216.653,3.09732e-05,-216.65,mongenerator-battery_670,2.95264e-05,0.0,0.0
37,0.0,11.9537,2.26024e-06,11.9536,2.33827e-06,11.9534,mongenerator-battery_670,2.44138e-06,0.0,0.0
38,0.0,234.766,-2.05544e-06,234.764,-2.11521e-06,234.761,mongenerator-battery_670,-2.15558e-06,0.0,0.0
39,0.0,0.0,0.0,0.0,0.0,0.0,mongenerator-battery_670,0.0,0.0,0.0
40,0.0,0.0,0.0,0.0,0.0,0.0,mongenerator-battery_670,0.0,0.0,0.0
41,0.0,0.0,0.0,0.0,0.0,0.0,mongenerator-battery_670,0.0,0.0,0.0
42,0.0,-88.8746,-1.71488e-11,-88.8738,-1.57233e-11,-88.8716,mongenerator-battery_670,-1.36133e-11,0.0,0.0
43,0.0,0.0,0.0,0.0,0.0,0.0,mongenerator-battery_670,0.0,0.0,0.0
44,0.0,0.0,0.0,0.0,0.0,0.0,mongenerator-battery_670,0.0,0.0,0.0
45,0.0,0.0,0.0,0.0,0.0,0.0,mongenerator-battery_670,0.0,0.0,0.0
46,0.0,0.0,0.0,0.0,0.0,0.0,mongenerator-battery_670,0.0,0.0,0.0
47,0.0,0.0,0.0,0.0,0.0,0.0,mongenerator-battery_670,0.0,0.0,0.0
48,0.0,0.0,0.0,0.0,0.0,0.0,mongenerator-battery_670,0.0,0.0,0.0
49,0.0,0.0,0.0,0.0,0.0,0.0,mongenerator-battery_670,0.0,0.0,0.0
50,0.0,0.0,0.0,0.0,0.0,0.0,mongenerator-battery_670,0.0,0.0,0.0
51,0.0,0.0,0.0,0.0,0.0,0.0,mongenerator-battery_670,0.0,0.0,0.0
52,0.0,0.0,0.0,0.0,0.0,0.0,mongenerator-battery_670,0.0,0.0,0.0
53,0.0,0.0,0.0,0.0,0.0,0.0,mongenerator-battery_670,0.0,0.0,0.0
54,0.0,0.0,0.0,0.0,0.0,0.0,mongenerator-battery_670,0.0,0.0,0.0
55,0.0,0.0,0.0,0.0,0.0,0.0,mongenerator-battery_670,0.0,0.0,0.0
56,0.0,0.0,0.0,0.0,0.0,0.0,mongenerator-battery_670,0.0,0.0,0.0
57,0.0,-139.673,-5.61211e-05,-139.672,-5.46848e-05,-139.669,mongenerator-battery_670,-5.30914e-05,0.0,0.0
58,0.0,-376.593,-0.000252412,-376.591,-0.000257959,-376.584,mongenerator-battery_670,-0.000266107,0.0,0.0
59,0.0,0.0,0.0,0.0,0.0,0.0,mongenerator-battery_670,0.0,0.0,0.0
60,0.0,180.428,1.09893e-06,180.427,1.67721e-06,180.424,mongenerator-battery_670,2.44646e-06,0.0,0.0
61,0.0,315.673,1.4131e-06,315.671,1.15282e-06,315.665,mongenerator-battery_670,8.17482e-07,0.0,0.0
62,0.0,0.0,0.0,0.0,0.0,0.0,mongenerator-battery_670,0.0,0.0,0.0
63,0.0,0.0,0.0,0.0,0.0,0.0,mongenerator-battery_670,0.0,0.0,0.0
64,0.0,0.0,0.0,0.0,0.0,0.0,mongenerator-battery_670,0.0,0.0,0.0
65,0.0,0.0,0.0,0.0,0.0,0.0,mongenerator-battery_670,0.0,0.0,0.0
66,0.0,-60.9846,2.9581e-08,-60.9841,2.74753e-08,-60.9825,mongenerator-battery_670,2.5133e-08,0.0,0.0
67,0.0,0.0,0.0,0.0,0.0,0.0,mongenerator-battery_670,0.0,0.0,0.0
68,0.0,0.0,0.0,0.0,0.0,0.0,mongenerator-battery_670,0.0,0.0,0.0
69,0.0,0.0,0.0,0.0,0.0,0.0,mongenerator-battery_670,0.0,0.0,0.0
70,0.0,0.0,0.0,0.0,0.0,0.0,mongenerator-battery_670,0.0,0.0,0.0
71,0.0,0.0,0.0,0.0,0.0,0.0,mongenerator-battery_670,0.0,0.0,0.0
72,0.0,0.0,0.0,0.0,0.0,0.0,mongenerator-battery_670,0.0,0.0,0.0
73,0.0,0.0,0.0,0.0,0.0,0.0,mongenerator-battery_670,0.0,0.0,0.0
74,0.0,0.0,0.0,0.0,0.0,0.0,mongenerator-battery_670,0.0,0.0,0.0
75,0.0,0.0,0.0,0.0,0.0,0.0,mongenerator-battery_670,0.0,0.0,0.0
76,0.0,0.0,0.0,0.0,0.0,0.0,mongenerator-battery_670,0.0,0.0,0.0
77,0.0,0.0,0.0,0.0,0.0,0.0,mongenerator-battery_670,0.0,0.0,0.0
78,0.0,0.0,0.0,0.0,0.0,0.0,mongenerator-battery_670,0.0,0.0,0.0
79,0.0,0.0,0.0,0.0,0.0,0.0,mongenerator-battery_670,0.0,0.0,0.0
80,0.0,0.0,0.0,0.0,0.0,0.0,mongenerator-battery_670,0.0,0.0,0.0
81,0.0,0.0,0.0,0.0,0.0,0.0,mongenerator-battery_670,0.0,0.0,0.0
82,0.0,0.0,0.0,0.0,0.0,0.0,mongenerator-battery_670,0.0,0.0,0.0
83,0.0,0.0,0.0,0.0,0.0,0.0,mongenerator-battery_670,0.0,0.0,0.0
84,0.0,0.0,0.0,0.0,0.0,0.0,mongenerator-battery_670,0.0,0.0,0.0
85,0.0,0.0,0.0,0.0,0.0,0.0,mongenerator-battery_670,0.0,0.0,0.0
86,0.0,0.0,0.0,0.0,0.0,0.0,mongenerator-battery_670,0.0,0.0,0.0
87,0.0,67.3292,3.49629e-08,64.3807,1.51929e-07,57.5118,mongenerator-battery_670,-0.000190814,0.0,0.0
88,0.0,0.0,0.0,0.0,0.0,0.0,mongenerator-battery_670,0.0,0.0,0.0
89,0.0,0.0,0.0,0.0,0.0,0.0,mongenerator-battery_670,0.0,0.0,0.0
90,0.0,-145.197,-0.0012916,-143.85,0.000197139,-128.869,mongenerator-battery_670,-1.11989e-05,0.0,0.0
91,0.0,0.0,0.0,0.0,0.0,0.0,mongenerator-battery_670,0.0,0.0,0.0
92,0.0,0.0,0.0,0.0,0.0,0.0,mongenerator-battery_670,0.0,0.0,0.0
93,0.0,0.0,0.0,0.0,0.0,0.0,mongenerator-battery_670,0.0,0.0,0.0
94,0.0,0.0,0.0,0.0,0.0,0.0,mongenerator-battery_670,0.0,0.0,0.0
95,0.0,0.0,0.0,0.0,0.0,0.0,mongenerator-battery_670,0.0,0.0,0.0
96,0.0,0.0,0.0,0.0,0.0,0.0,mongenerator-battery_670,0.0,0.0,0.0
1,0.0,,0.0,,0.0,0.0,mongenerator-fossil_684_existing,,,
2,0.0,,0.0,,0.0,0.0,mongenerator-fossil_684_existing,,,
3,0.0,,0.0,,0.0,0.0,mongenerator-fossil_684_existing,,,
4,0.0,,0.0,,0.0,0.0,mongenerator-fossil_684_existing,,,
5,0.0,,0.0,,0.0,0.0,mongenerator-fossil_684_existing,,,
6,0.0,,0.0,,0.0,0.0,mongenerator-fossil_684_existing,,,
7,0.0,,0.0,,0.0,0.0,mongenerator-fossil_684_existing,,,
8,0.0,,0.0,,0.0,0.0,mongenerator-fossil_684_existing,,,
9,0.0,,0.0,,0.0,0.0,mongenerator-fossil_684_existing,,,
10,0.0,,0.0,,0.0,0.0,mongenerator-fossil_684_existing,,,
11,0.0,,0.0,,0.0,0.0,mongenerator-fossil_684_existing,,,
12,0.0,,0.0,,0.0,0.0,mongenerator-fossil_684_existing,,,
13,0.0,,0.0,,0.0,0.0,mongenerator-fossil_684_existing,,,
14,0.0,,0.0,,0.0,0.0,mongenerator-fossil_684_existing,,,
15,0.0,,0.0,,0.0,0.0,mongenerator-fossil_684_existing,,,
16,0.0,,0.0,,0.0,0.0,mongenerator-fossil_684_existing,,,
17,0.0,,0.0,,0.0,0.0,mongenerator-fossil_684_existing,,,
18,0.0,,0.0,,0.0,0.0,mongenerator-fossil_684_existing,,,
19,0.0,,0.0,,0.0,0.0,mongenerator-fossil_684_existing,,,
20,0.0,,0.0,,0.0,0.0,mongenerator-fossil_684_existing,,,
21,0.0,,0.0,,0.0,0.0,mongenerator-fossil_684_existing,,,
22,0.0,,0.0,,0.0,0.0,mongenerator-fossil_684_existing,,,
23,0.0,,0.0,,0.0,0.0,mongenerator-fossil_684_existing,,,
24,0.0,,0.0,,0.0,0.0,mongenerator-fossil_684_existing,,,
25,0.0,,0.0,,0.0,0.0,mongenerator-fossil_684_existing,,,
26,0.0,,0.0,,0.0,0.0,mongenerator-fossil_684_existing,,,
27,0.0,,0.0,,0.0,0.0,mongenerator-fossil_684_existing,,,
28,0.0,,0.0,,0.0,0.0,mongenerator-fossil_684_existing,,,
29,0.0,,0.0,,0.0,0.0,mongenerator-fossil_684_existing,,,
30,0.0,,0.0,,0.0,0.0,mongenerator-fossil_684_existing,,,
31,0.0,,0.0,,0.0,0.0,mongenerator-fossil_684_existing,,,
32,0.0,,0.0,,0.0,0.0,mongenerator-fossil_684_existing,,,
33,0.0,,0.0,,0.0,0.0,mongenerator-fossil_684_existing,,,
34,0.0,,0.0,,0.0,0.0,mongenerator-fossil_684_existing,,,
35,0.0,,0.0,,0.0,0.0,mongenerator-fossil_684_existing,,,
36,0.0,,0.0,,0.0,0.0,mongenerator-fossil_684_existing,,,
37,0.0,,0.0,,0.0,0.0,mongenerator-fossil_684_existing,,,
38,0.0,,0.0,,0.0,0.0,mongenerator-fossil_684_existing,,,
39,0.0,,0.0,,0.0,0.0,mongenerator-fossil_684_existing,,,
40,0.0,,0.0,,0.0,0.0,mongenerator-fossil_684_existing,,,
41,0.0,,0.0,,0.0,0.0,mongenerator-fossil_684_existing,,,
42,0.0,,0.0,,0.0,0.0,mongenerator-fossil_684_existing,,,
43,0.0,,0.0,,0.0,0.0,mongenerator-fossil_684_existing,,,
44,0.0,,0.0,,0.0,0.0,mongenerator-fossil_684_existing,,,
45,0.0,,0.0,,0.0,0.0,mongenerator-fossil_684_existing,,,
46,0.0,,0.0,,0.0,0.0,mongenerator-fossil_684_existing,,,
47,0.0,,0.0,,0.0,0.0,mongenerator-fossil_684_existing,,,
48,0.0,,0.0,,0.0,0.0,mongenerator-fossil_684_existing,,,
49,0.0,,0.0,,0.0,0.0,mongenerator-fossil_684_existing,,,
50,0.0,,0.0,,0.0,0.0,mongenerator-fossil_684_existing,,,
51,0.0,,0.0,,0.0,0.0,mongenerator-fossil_684_existing,,,
52,0.0,,0.0,,0.0,0.0,mongenerator-fossil_684_existing,,,
53,0.0,,0.0,,0.0,0.0,mongenerator-fossil_684_existing,,,
54,0.0,,0.0,,0.0,0.0,mongenerator-fossil_684_existing,,,
55,0.0,,0.0,,0.0,0.0,mongenerator-fossil_684_existing,,,
56,0.0,,0.0,,0.0,0.0,mongenerator-fossil_684_existing,,,
57,0.0,,0.0,,0.0,0.0,mongenerator-fossil_684_existing,,,
58,0.0,,0.0,,0.0,0.0,mongenerator-fossil_684_existing,,,
59,0.0,,0.0,,0.0,0.0,mongenerator-fossil_684_existing,,,
60,0.0,,0.0,,0.0,0.0,mongenerator-fossil_684_existing,,,
61,0.0,,0.0,,0.0,0.0,mongenerator-fossil_684_existing,,,
62,0.0,,0.0,,0.0,0.0,mongenerator-fossil_684_existing,,,
63,0.0,,0.0,,0.0,0.0,mongenerator-fossil_684_existing,,,
64,0.0,,0.0,,0.0,0.0,mongenerator-fossil_684_existing,,,
65,0.0,,0.0,,0.0,0.0,mongenerator-fossil_684_existing,,,
66,0.0,,0.0,,0.0,0.0,mongenerator-fossil_684_existing,,,
67,0.0,,0.0,,0.0,0.0,mongenerator-fossil_684_existing,,,
68,0.0,,0.0,,0.0,0.0,mongenerator-fossil_684_existing,,,
69,0.0,,0.0,,0.0,0.0,mongenerator-fossil_684_existing,,,
70,0.0,,0.0,,0.0,0.0,mongenerator-fossil_684_existing,,,
71,0.0,,0.0,,0.0,0.0,mongenerator-fossil_684_existing,,,
72,0.0,,0.0,,0.0,0.0,mongenerator-fossil_684_existing,,,
73,0.0,,0.0,,0.0,0.0,mongenerator-fossil_684_existing,,,
74,0.0,,0.0,,0.0,0.0,mongenerator-fossil_684_existing,,,
75,0.0,,0.0,,0.0,0.0,mongenerator-fossil_684_existing,,,
76,0.0,,0.0,,0.0,0.0,mongenerator-fossil_684_existing,,,
77,0.0,,0.0,,0.0,0.0,mongenerator-fossil_684_existing,,,
78,0.0,,0.0,,0.0,0.0,mongenerator-fossil_684_existing,,,
79,0.0,,0.0,,0.0,0.0,mongenerator-fossil_684_existing,,,
80,0.0,,0.0,,0.0,0.0,mongenerator-fossil_684_existing,,,
81,0.0,,0.0,,0.0,0.0,mongenerator-fossil_684_existing,,,
82,0.0,,0.0,,0.0,0.0,mongenerator-fossil_684_existing,,,
83,0.0,,0.0,,0.0,0.0,mongenerator-fossil_684_existing,,,
84,0.0,,0.0,,0.0,0.0,mongenerator-fossil_684_existing,,,
85,0.0,,0.0,,0.0,0.0,mongenerator-fossil_684_existing,,,
86,0.0,,0.0,,0.0,0.0,mongenerator-fossil_684_existing,,,
87,0.0,,0.0,,0.0,0.0,mongenerator-fossil_684_existing,,,
88,0.0,,0.0,,0.0,0.0,mongenerator-fossil_684_existing,,,
89,0.0,,0.0,,0.0,0.0,mongenerator-fossil_684_existing,,,
90,0.0,,0.0,,0.0,0.0,mongenerator-fossil_684_existing,,,
91,0.0,,0.0,,0.0,0.0,mongenerator-fossil_684_existing,,,
92,0.0,,0.0,,0.0,0.0,mongenerator-fossil_684_existing,,,
93,0.0,,0.0,,0.0,0.0,mongenerator-fossil_684_existing,,,
94,0.0,,0.0,,0.0,0.0,mongenerator-fossil_684_existing,,,
95,0.0,,0.0,,0.0,0.0,mongenerator-fossil_684_existing,,,
96,0.0,,0.0,,0.0,0.0,mongenerator-fossil_684_existing,,,
1,0.0,0.0,0.0,,0.0,,mongenerator-solar_633,,,
2,0.0,0.0,0.0,,0.0,,mongenerator-solar_633,,,
3,0.0,0.0,0.0,,0.0,,mongenerator-solar_633,,,
4,0.0,0.0,0.0,,0.0,,mongenerator-solar_633,,,
5,0.0,0.0,0.0,,0.0,,mongenerator-solar_633,,,
6,0.0,0.0,0.0,,0.0,,mongenerator-solar_633,,,
7,0.0,0.0,0.0,,0.0,,mongenerator-solar_633,,,
8,0.0,0.0,0.0,,0.0,,mongenerator-solar_633,,,
9,0.0,-175.205,0.00509621,,0.0,,mongenerator-solar_633,,,
10,0.0,-407.856,0.025532,,0.0,,mongenerator-solar_633,,,
11,0.0,-572.104,0.0063931,,0.0,,mongenerator-solar_633,,,
12,0.0,-720.676,3.43239e-05,,0.0,,mongenerator-solar_633,,,
13,0.0,-758.864,0.0196168,,0.0,,mongenerator-solar_633,,,
14,0.0,-721.667,0.00495749,,0.0,,mongenerator-solar_633,,,
15,0.0,-615.479,0.0399588,,0.0,,mongenerator-solar_633,,,
16,0.0,-450.149,-0.00444564,,0.0,,mongenerator-solar_633,,,
17,0.0,-243.858,-0.00268863,,0.0,,mongenerator-solar_633,,,
18,0.0,-16.2895,-0.000190626,,0.0,,mongenerator-solar_633,,,
19,0.0,0.0,0.0,,0.0,,mongenerator-solar_633,,,
20,0.0,0.0,0.0,,0.0,,mongenerator-solar_633,,,
21,0.0,0.0,0.0,,0.0,,mongenerator-solar_633,,,
22,0.0,0.0,0.0,,0.0,,mongenerator-solar_633,,,
23,0.0,0.0,0.0,,0.0,,mongenerator-solar_633,,,
24,0.0,0.0,0.0,,0.0,,mongenerator-solar_633,,,
25,0.0,0.0,0.0,,0.0,,mongenerator-solar_633,,,
26,0.0,0.0,0.0,,0.0,,mongenerator-solar_633,,,
27,0.0,0.0,0.0,,0.0,,mongenerator-solar_633,,,
28,0.0,0.0,0.0,,0.0,,mongenerator-solar_633,,,
29,0.0,0.0,0.0,,0.0,,mongenerator-solar_633,,,
30,0.0,0.0,0.0,,0.0,,mongenerator-solar_633,,,
31,0.0,0.0,0.0,,0.0,,mongenerator-solar_633,,,
32,0.0,0.0,0.0,,0.0,,mongenerator-solar_633,,,
33,0.0,-64.726,1.72395e-05,,0.0,,mongenerator-solar_633,,,
34,0.0,-216.759,-3.82123e-05,,0.0,,mongenerator-solar_633,,,
35,0.0,-371.659,2.70744e-05,,0.0,,mongenerator-solar_633,,,
36,0.0,-458.594,-1.44991e-05,,0.0,,mongenerator-solar_633,,,
37,0.0,-531.929,9.7122e-06,,0.0,,mongenerator-solar_633,,,
38,0.0,-625.684,-7.79577e-06,,0.0,,mongenerator-solar_633,,,
39,0.0,-380.427,0.000167594,,0.0,,mongenerator-solar_633,,,
40,0.0,-413.204,-2.95674e-05,,0.0,,mongenerator-solar_633,,,
41,0.0,-209.744,0.0,,0.0,,mongenerator-solar_633,,,
42,0.0,-7.42092,-1.43108e-08,,0.0,,mongenerator-solar_633,,,
43,0.0,0.0,0.0,,0.0,,mongenerator-solar_633,,,
44,0.0,0.0,0.0,,0.0,,mongenerator-solar_633,,,
45,0.0,0.0,0.0,,0.0,,mongenerator-solar_633,,,
46,0.0,0.0,0.0,,0.0,,mongenerator-solar_633,,,
47,0.0,0.0,0.0,,0.0,,mongenerator-solar_633,,,
48,0.0,0.0,0.0,,0.0,,mongenerator-solar_633,,,
49,0.0,0.0,0.0,,0.0,,mongenerator-solar_633,,,
50,0.0,0.0,0.0,,0.0,,mongenerator-solar_633,,,
51,0.0,0.0,0.0,,0.0,,mongenerator-solar_633,,,
52,0.0,0.0,0.0,,0.0,,mongenerator-solar_633,,,
53,0.0,0.0,0.0,,0.0,,mongenerator-solar_633,,,
54,0.0,0.0,0.0,,0.0,,mongenerator-solar_633,,,
55,0.0,0.0,0.0,,0.0,,mongenerator-solar_633,,,
56,0.0,0.0,0.0,,0.0,,mongenerator-solar_633,,,
57,0.0,-82.153,6.08184e-05,,0.0,,mongenerator-solar_633,,,
58,0.0,-360.042,-0.000281191,,0.0,,mongenerator-solar_633,,,
59,0.0,-511.752,1.3961e-05,,0.0,,mongenerator-solar_633,,,
60,0.0,-602.327,-1.74295e-05,,0.0,,mongenerator-solar_633,,,
61,0.0,-638.907,1.99373e-05,,0.0,,mongenerator-solar_633,,,
62,0.0,-615.898,-1.28189e-05,,0.0,,mongenerator-solar_633,,,
63,0.0,-309.069,2.61486e-06,,0.0,,mongenerator-solar_633,,,
64,0.0,-347.689,1.28975e-05,,0.0,,mongenerator-solar_633,,,
65,0.0,-169.171,2.33371e-06,,0.0,,mongenerator-solar_633,,,
66,0.0,-6.7362,-6.59968e-07,,0.0,,mongenerator-solar_633,,,
67,0.0,0.0,0.0,,0.0,,mongenerator-solar_633,,,
68,0.0,0.0,0.0,,0.0,,mongenerator-solar_633,,,
69,0.0,0.0,0.0,,0.0,,mongenerator-solar_633,,,
70,0.0,0.0,0.0,,0.0,,mongenerator-solar_633,,,
71,0.0,0.0,0.0,,0.0,,mongenerator-solar_633,,,
72,0.0,0.0,0.0,,0.0,,mongenerator-solar_633,,,
73,0.0,0.0,0.0,,0.0,,mongenerator-solar_633,,,
74,0.0,0.0,0.0,,0.0,,mongenerator-solar_633,,,
75,0.0,0.0,0.0,,0.0,,mongenerator-solar_633,,,
76,0.0,0.0,0.0,,0.0,,mongenerator-solar_633,,,
77,0.0,0.0,0.0,,0.0,,mongenerator-solar_633,,,
78,0.0,0.0,0.0,,0.0,,mongenerator-solar_633,,,
79,0.0,0.0,0.0,,0.0,,mongenerator-solar_633,,,
80,0.0,0.0,0.0,,0.0,,mongenerator-solar_633,,,
81,0.0,-122.142,-0.000454981,,0.0,,mongenerator-solar_633,,,
82,0.0,-360.361,-0.00342213,,0.0,,mongenerator-solar_633,,,
83,0.0,-538.745,0.00759823,,0.0,,mongenerator-solar_633,,,
84,0.0,-450.891,0.0285796,,0.0,,mongenerator-solar_633,,,
85,0.0,-367.718,-0.0124129,,0.0,,mongenerator-solar_633,,,
86,0.0,-240.633,-0.0255635,,0.0,,mongenerator-solar_633,,,
87,0.0,-589.605,9.06499e-07,,0.0,,mongenerator-solar_633,,,
88,0.0,-261.434,-4.74805e-05,,0.0,,mongenerator-solar_633,,,
89,0.0,-142.157,5.19486e-05,,0.0,,mongenerator-solar_633,,,
90,0.0,-5.4588,-6.71938e-05,,0.0,,mongenerator-solar_633,,,
91,0.0,0.0,0.0,,0.0,,mongenerator-solar_633,,,
92,0.0,0.0,0.0,,0.0,,mongenerator-solar_633,,,
93,0.0,0.0,0.0,,0.0,,mongenerator-solar_633,,,
94,0.0,0.0,0.0,,0.0,,mongenerator-solar_633,,,
95,0.0,0.0,0.0,,0.0,,mongenerator-solar_633,,,
96,0.0,0.0,0.0,,0.0,,mongenerator-solar_633,,,
1,0.0,0.0,0.0,,0.0,,mongenerator-solar_634_existing,,,
2,0.0,0.0,0.0,,0.0,,mongenerator-solar_634_existing,,,
3,0.0,0.0,0.0,,0.0,,mongenerator-solar_634_existing,,,
4,0.0,0.0,0.0,,0.0,,mongenerator-solar_634_existing,,,
5,0.0,0.0,0.0,,0.0,,mongenerator-solar_634_existing,,,
6,0.0,0.0,0.0,,0.0,,mongenerator-solar_634_existing,,,
7,0.0,0.0,0.0,,0.0,,mongenerator-solar_634_existing,,,
8,0.0,0.0,0.0,,0.0,,mongenerator-solar_634_existing,,,
9,0.0,-63.0156,0.00212903,,0.0,,mongenerator-solar_634_existing,,,
10,0.0,-146.692,0.0122933,,0.0,,mongenerator-solar_634_existing,,,
11,0.0,-206.553,0.00245358,,0.0,,mongenerator-solar_634_existing,,,
12,0.0,-260.549,1.2878e-05,,0.0,,mongenerator-solar_634_existing,,,
13,0.0,-274.112,0.00742133,,0.0,,mongenerator-solar_634_existing,,,
14,0.0,-260.415,0.00189369,,0.0,,mongenerator-solar_634_existing,,,
15,0.0,-221.557,0.0153259,,0.0,,mongenerator-solar_634_existing,,,
16,0.0,-161.905,-0.00213228,,0.0,,mongenerator-solar_634_existing,,,
17,0.0,-87.7082,-0.000722457,,0.0,,mongenerator-solar_634_existing,,,
18,0.0,-5.85888,-0.000151337,,0.0,,mongenerator-solar_634_existing,,,
19,0.0,0.0,0.0,,0.0,,mongenerator-solar_634_existing,,,
20,0.0,0.0,0.0,,0.0,,mongenerator-solar_634_existing,,,
21,0.0,0.0,0.0,,0.0,,mongenerator-solar_634_existing,,,
22,0.0,0.0,0.0,,0.0,,mongenerator-solar_634_existing,,,
23,0.0,0.0,0.0,,0.0,,mongenerator-solar_634_existing,,,
24,0.0,0.0,0.0,,0.0,,mongenerator-solar_634_existing,,,
25,0.0,0.0,0.0,,0.0,,mongenerator-solar_634_existing,,,
26,0.0,0.0,0.0,,0.0,,mongenerator-solar_634_existing,,,
27,0.0,0.0,0.0,,0.0,,mongenerator-solar_634_existing,,,
28,0.0,0.0,0.0,,0.0,,mongenerator-solar_634_existing,,,
29,0.0,0.0,0.0,,0.0,,mongenerator-solar_634_existing,,,
30,0.0,0.0,0.0,,0.0,,mongenerator-solar_634_existing,,,
31,0.0,0.0,0.0,,0.0,,mongenerator-solar_634_existing,,,
32,0.0,0.0,0.0,,0.0,,mongenerator-solar_634_existing,,,
33,0.0,-23.2783,0.001162,,0.0,,mongenerator-solar_634_existing,,,
34,0.0,-77.9645,-0.00259917,,0.0,,mongenerator-solar_634_existing,,,
35,0.0,-133.673,0.00329401,,0.0,,mongenerator-solar_634_existing,,,
36,0.0,-164.943,-0.00143699,,0.0,,mongenerator-solar_634_existing,,,
37,0.0,-191.317,0.00217228,,0.0,,mongenerator-solar_634_existing,,,
38,0.0,-225.036,-0.00193502,,0.0,,mongenerator-solar_634_existing,,,
39,0.0,-136.821,0.0128356,,0.0,,mongenerator-solar_634_existing,,,
40,0.0,-148.618,-0.00226003,,0.0,,mongenerator-solar_634_existing,,,
41,0.0,-75.4386,0.0,,0.0,,mongenerator-solar_634_existing,,,
42,0.0,-2.66908,-1.0057e-06,,0.0,,mongenerator-solar_634_existing,,,
43,0.0,0.0,0.0,,0.0,,mongenerator-solar_634_existing,,,
44,0.0,0.0,0.0,,0.0,,mongenerator-solar_634_existing,,,
45,0.0,0.0,0.0,,0.0,,mongenerator-solar_634_existing,,,
46,0.0,0.0,0.0,,0.0,,mongenerator-solar_634_existing,,,
47,0.0,0.0,0.0,,0.0,,mongenerator-solar_634_existing,,,
48,0.0,0.0,0.0,,0.0,,mongenerator-solar_634_existing,,,
49,0.0,0.0,0.0,,0.0,,mongenerator-solar_634_existing,,,
50,0.0,0.0,0.0,,0.0,,mongenerator-solar_634_existing,,,
51,0.0,0.0,0.0,,0.0,,mongenerator-solar_634_existing,,,
52,0.0,0.0,0.0,,0.0,,mongenerator-solar_634_existing,,,
53,0.0,0.0,0.0,,0.0,,mongenerator-solar_634_existing,,,
54,0.0,0.0,0.0,,0.0,,mongenerator-solar_634_existing,,,
55,0.0,0.0,0.0,,0.0,,mongenerator-solar_634_existing,,,
56,0.0,0.0,0.0,,0.0,,mongenerator-solar_634_existing,,,
57,0.0,-29.5455,0.00426306,,0.0,,mongenerator-solar_634_existing,,,
58,0.0,-129.495,-0.0203265,,0.0,,mongenerator-solar_634_existing,,,
59,0.0,-184.062,-0.000480655,,0.0,,mongenerator-solar_634_existing,,,
60,0.0,-216.639,-0.000253683,,0.0,,mongenerator-solar_634_existing,,,
61,0.0,-229.793,0.000615406,,0.0,,mongenerator-solar_634_existing,,,
62,0.0,-221.52,-0.000585956,,0.0,,mongenerator-solar_634_existing,,,
63,0.0,-111.162,0.000197621,,0.0,,mongenerator-solar_634_existing,,,
64,0.0,-125.056,0.000767673,,0.0,,mongenerator-solar_634_existing,,,
65,0.0,-60.8457,0.000169898,,0.0,,mongenerator-solar_634_existing,,,
66,0.0,-2.42283,-4.63266e-05,,0.0,,mongenerator-solar_634_existing,,,
67,0.0,0.0,0.0,,0.0,,mongenerator-solar_634_existing,,,
68,0.0,0.0,0.0,,0.0,,mongenerator-solar_634_existing,,,
69,0.0,0.0,0.0,,0.0,,mongenerator-solar_634_existing,,,
70,0.0,0.0,0.0,,0.0,,mongenerator-solar_634_existing,,,
71,0.0,0.0,0.0,,0.0,,mongenerator-solar_634_existing,,,
72,0.0,0.0,0.0,,0.0,,mongenerator-solar_634_existing,,,
73,0.0,0.0,0.0,,0.0,,mongenerator-solar_634_existing,,,
74,0.0,0.0,0.0,,0.0,,mongenerator-solar_634_existing,,,
75,0.0,0.0,0.0,,0.0,,mongenerator-solar_634_existing,,,
76,0.0,0.0,0.0,,0.0,,mongenerator-solar_634_existing,,,
77,0.0,0.0,0.0,,0.0,,mongenerator-solar_634_existing,,,
78,0.0,0.0,0.0,,0.0,,mongenerator-solar_634_existing,,,
79,0.0,0.0,0.0,,0.0,,mongenerator-solar_634_existing,,,
80,0.0,0.0,0.0,,0.0,,mongenerator-solar_634_existing,,,
81,0.0,-43.9308,-0.00014611,,0.0,,mongenerator-solar_634_existing,,,
82,0.0,-129.611,-0.0015478,,0.0,,mongenerator-solar_634_existing,,,
83,0.0,-193.343,0.00283086,,0.0,,mongenerator-solar_634_existing,,,
84,0.0,-162.17,0.0129475,,0.0,,mongenerator-solar_634_existing,,,
85,0.0,-132.257,-0.00533067,,0.0,,mongenerator-solar_634_existing,,,
86,0.0,-86.5477,-0.00891138,,0.0,,mongenerator-solar_634_existing,,,
87,0.0,-211.432,3.87225e-07,,0.0,,mongenerator-solar_634_existing,,,
88,0.0,-94.0299,-1.94431e-05,,0.0,,mongenerator-solar_634_existing,,,
89,0.0,-51.1294,2.14984e-05,,0.0,,mongenerator-solar_634_existing,,,
90,0.0,-1.96339,-6.99467e-05,,0.0,,mongenerator-solar_634_existing,,,
91,0.0,0.0,0.0,,0.0,,mongenerator-solar_634_existing,,,
92,0.0,0.0,0.0,,0.0,,mongenerator-solar_634_existing,,,
93,0.0,0.0,0.0,,0.0,,mongenerator-solar_634_existing,,,
94,0.0,0.0,0.0,,0.0,,mongenerator-solar_634_existing,,,
95,0.0,0.0,0.0,,0.0,,mongenerator-solar_634_existing,,,
96,0.0,0.0,0.0,,0.0,,mongenerator-solar_634_existing,,,
1,0.0,,0.0,0.0,0.0,,mongenerator-solar_645,,,
2,0.0,,0.0,0.0,0.0,,mongenerator-solar_645,,,
3,0.0,,0.0,0.0,0.0,,mongenerator-solar_645,,,
4,0.0,,0.0,0.0,0.0,,mongenerator-solar_645,,,
5,0.0,,0.0,0.0,0.0,,mongenerator-solar_645,,,
6,0.0,,0.0,0.0,0.0,,mongenerator-solar_645,,,
7,0.0,,0.0,0.0,0.0,,mongenerator-solar_645,,,
8,0.0,,0.0,0.0,0.0,,mongenerator-solar_645,,,
9,0.0,,0.00114801,-91.6119,0.0,,mongenerator-solar_645,,,
10,0.0,,0.0016349,-213.268,0.0,,mongenerator-solar_645,,,
11,0.0,,-6.67672e-05,-293.722,0.0,,mongenerator-solar_645,,,
12,0.0,,0.00587623,-356.208,0.0,,mongenerator-solar_645,,,
13,0.0,,-0.000128644,-379.538,0.0,,mongenerator-solar_645,,,
14,0.0,,0.00108193,-361.94,0.0,,mongenerator-solar_645,,,
15,0.0,,0.00881699,-311.105,0.0,,mongenerator-solar_645,,,
16,0.0,,0.000112551,-235.364,0.0,,mongenerator-solar_645,,,
17,0.0,,2.73452e-05,-127.508,0.0,,mongenerator-solar_645,,,
18,0.0,,2.87568e-06,-8.517,0.0,,mongenerator-solar_645,,,
19,0.0,,0.0,0.0,0.0,,mongenerator-solar_645,,,
20,0.0,,0.0,0.0,0.0,,mongenerator-solar_645,,,
21,0.0,,0.0,0.0,0.0,,mongenerator-solar_645,,,
22,0.0,,0.0,0.0,0.0,,mongenerator-solar_645,,,
23,0.0,,0.0,0.0,0.0,,mongenerator-solar_645,,,
24,0.0,,0.0,0.0,0.0,,mongenerator-solar_645,,,
25,0.0,,0.0,0.0,0.0,,mongenerator-solar_645,,,
26,0.0,,0.0,0.0,0.0,,mongenerator-solar_645,,,
27,0.0,,0.0,0.0,0.0,,mongenerator-solar_645,,,
28,0.0,,0.0,0.0,0.0,,mongenerator-solar_645,,,
29,0.0,,0.0,0.0,0.0,,mongenerator-solar_645,,,
30,0.0,,0.0,0.0,0.0,,mongenerator-solar_645,,,
31,0.0,,0.0,0.0,0.0,,mongenerator-solar_645,,,
32,0.0,,0.0,0.0,0.0,,mongenerator-solar_645,,,
33,0.0,,5.0959700000000005e-18,2.63735e-14,0.0,,mongenerator-solar_645,,,
34,0.0,,8.7939e-17,1.3844e-14,0.0,,mongenerator-solar_645,,,
35,0.0,,-4.76132e-16,-1.34273e-13,0.0,,mongenerator-solar_645,,,
36,0.0,,-1.74637e-14,-4.00232e-12,0.0,,mongenerator-solar_645,,,
37,0.0,,-8.42329e-13,2.33523e-10,0.0,,mongenerator-solar_645,,,
38,0.0,,-1.71039e-11,4.6554e-09,0.0,,mongenerator-solar_645,,,
39,0.0,,-1.44043e-10,-2.60603e-08,0.0,,mongenerator-solar_645,,,
40,0.0,,-3.08453e-09,-5.62848e-07,0.0,,mongenerator-solar_645,,,
41,0.0,,90.3691,16463.1,0.0,,mongenerator-solar_645,,,
42,0.0,,-4.66008e-15,-2.4221e-12,0.0,,mongenerator-solar_645,,,
43,0.0,,0.0,0.0,0.0,,mongenerator-solar_645,,,
44,0.0,,0.0,0.0,0.0,,mongenerator-solar_645,,,
45,0.0,,0.0,0.0,0.0,,mongenerator-solar_645,,,
46,0.0,,0.0,0.0,0.0,,mongenerator-solar_645,,,
47,0.0,,0.0,0.0,0.0,,mongenerator-solar_645,,,
48,0.0,,0.0,0.0,0.0,,mongenerator-solar_645,,,
49,0.0,,0.0,0.0,0.0,,mongenerator-solar_645,,,
50,0.0,,0.0,0.0,0.0,,mongenerator-solar_645,,,
51,0.0,,0.0,0.0,0.0,,mongenerator-solar_645,,,
52,0.0,,0.0,0.0,0.0,,mongenerator-solar_645,,,
53,0.0,,0.0,0.0,0.0,,mongenerator-solar_645,,,
54,0.0,,0.0,0.0,0.0,,mongenerator-solar_645,,,
55,0.0,,0.0,0.0,0.0,,mongenerator-solar_645,,,
56,0.0,,0.0,0.0,0.0,,mongenerator-solar_645,,,
57,0.0,,4.96956e-23,-8.89995e-18,0.0,,mongenerator-solar_645,,,
58,0.0,,-9.88346e-20,-2.16977e-16,0.0,,mongenerator-solar_645,,,
59,0.0,,-4.60819e-17,7.24768e-15,0.0,,mongenerator-solar_645,,,
60,0.0,,-7.37907e-18,2.04907e-14,0.0,,mongenerator-solar_645,,,
61,0.0,,-2.6076e-17,4.16722e-14,0.0,,mongenerator-solar_645,,,
62,0.0,,4.05874e-18,3.47024e-14,0.0,,mongenerator-solar_645,,,
63,0.0,,1.21143e-16,-1.01558e-13,0.0,,mongenerator-solar_645,,,
64,0.0,,2.81161e-16,-2.20418e-13,0.0,,mongenerator-solar_645,,,
65,0.0,,2.08383e-14,-1.03644e-11,0.0,,mongenerator-solar_645,,,
66,0.0,,-1.07079e-21,-8.89789e-19,0.0,,mongenerator-solar_645,,,
67,0.0,,0.0,0.0,0.0,,mongenerator-solar_645,,,
68,0.0,,0.0,0.0,0.0,,mongenerator-solar_645,,,
69,0.0,,0.0,0.0,0.0,,mongenerator-solar_645,,,
70,0.0,,0.0,0.0,0.0,,mongenerator-solar_645,,,
71,0.0,,0.0,0.0,0.0,,mongenerator-solar_645,,,
72,0.0,,0.0,0.0,0.0,,mongenerator-solar_645,,,
73,0.0,,0.0,0.0,0.0,,mongenerator-solar_645,,,
74,0.0,,0.0,0.0,0.0,,mongenerator-solar_645,,,
75,0.0,,0.0,0.0,0.0,,mongenerator-solar_645,,,
76,0.0,,0.0,0.0,0.0,,mongenerator-solar_645,,,
77,0.0,,0.0,0.0,0.0,,mongenerator-solar_645,,,
78,0.0,,0.0,0.0,0.0,,mongenerator-solar_645,,,
79,0.0,,0.0,0.0,0.0,,mongenerator-solar_645,,,
80,0.0,,0.0,0.0,0.0,,mongenerator-solar_645,,,
81,0.0,,-0.000156756,-63.8659,0.0,,mongenerator-solar_645,,,
82,0.0,,-8.77591e-05,-188.424,0.0,,mongenerator-solar_645,,,
83,0.0,,0.00921066,-272.722,0.0,,mongenerator-solar_645,,,
84,0.0,,0.00222168,-235.77,0.0,,mongenerator-solar_645,,,
85,0.0,,-0.00109619,-192.27,0.0,,mongenerator-solar_645,,,
86,0.0,,-0.00242993,-125.822,0.0,,mongenerator-solar_645,,,
87,0.0,,-2.42737e-06,-294.831,0.0,,mongenerator-solar_645,,,
88,0.0,,-2.31356e-05,-136.698,0.0,,mongenerator-solar_645,,,
89,0.0,,-9.98575e-06,-74.331,0.0,,mongenerator-solar_645,,,
90,0.0,,2.90182e-06,-2.854,0.0,,mongenerator-solar_645,,,
91,0.0,,0.0,0.0,0.0,,mongenerator-solar_645,,,
92,0.0,,0.0,0.0,0.0,,mongenerator-solar_645,,,
93,0.0,,0.0,0.0,0.0,,mongenerator-solar_645,,,
94,0.0,,0.0,0.0,0.0,,mongenerator-solar_645,,,
95,0.0,,0.0,0.0,0.0,,mongenerator-solar_645,,,
96,0.0,,0.0,0.0,0.0,,mongenerator-solar_645,,,
1,0.0,0.0,0.0,0.0,0.0,0.0,mongenerator-solar_670,0.0,0.0,0.0
2,0.0,0.0,0.0,0.0,0.0,0.0,mongenerator-solar_670,0.0,0.0,0.0
3,0.0,0.0,0.0,0.0,0.0,0.0,mongenerator-solar_670,0.0,0.0,0.0
4,0.0,0.0,0.0,0.0,0.0,0.0,mongenerator-solar_670,0.0,0.0,0.0
5,0.0,0.0,0.0,0.0,0.0,0.0,mongenerator-solar_670,0.0,0.0,0.0
6,0.0,0.0,0.0,0.0,0.0,0.0,mongenerator-solar_670,0.0,0.0,0.0
7,0.0,0.0,0.0,0.0,0.0,0.0,mongenerator-solar_670,0.0,0.0,0.0
8,0.0,0.0,0.0,0.0,0.0,0.0,mongenerator-solar_670,0.0,0.0,0.0
9,0.0,-424.946,0.0131893,-422.764,0.00643626,-392.353,mongenerator-solar_670,-2.10474e-05,0.0,0.0
10,0.0,-1027.23,0.0541818,-998.936,0.00713246,-920.524,mongenerator-solar_670,0.0569601,0.0,0.0
11,0.0,-1498.83,0.0188577,-1462.34,-0.000397412,-1332.09,mongenerator-solar_670,0.00527071,0.0,0.0
12,0.0,-1933.54,9.66213e-05,-1853.0,0.0382405,-1690.67,mongenerator-solar_670,0.0214658,0.0,0.0
13,0.0,-2042.54,0.0614843,-1981.55,-0.000846057,-1807.54,mongenerator-solar_670,-8.20667e-05,0.0,0.0
14,0.0,-1938.65,0.0150586,-1884.64,0.00678453,-1721.45,mongenerator-solar_670,0.00139489,0.0,0.0
15,0.0,-1643.4,0.121203,-1606.85,0.0552626,-1470.24,mongenerator-solar_670,0.0139485,0.0,0.0
16,0.0,-1180.04,-0.00966359,-1166.91,0.0011406,-1070.94,mongenerator-solar_670,0.00220276,0.0,0.0
17,0.0,-570.574,-0.00630514,-566.483,0.000154754,-526.984,mongenerator-solar_670,-0.0272892,0.0,0.0
18,0.0,-34.0733,-0.000380972,-34.0632,1.54364e-05,-31.8257,mongenerator-solar_670,-2.69139e-05,0.0,0.0
19,0.0,0.0,0.0,0.0,0.0,0.0,mongenerator-solar_670,0.0,0.0,0.0
20,0.0,0.0,0.0,0.0,0.0,0.0,mongenerator-solar_670,0.0,0.0,0.0
21,0.0,0.0,0.0,0.0,0.0,0.0,mongenerator-solar_670,0.0,0.0,0.0
22,0.0,0.0,0.0,0.0,0.0,0.0,mongenerator-solar_670,0.0,0.0,0.0
23,0.0,0.0,0.0,0.0,0.0,0.0,mongenerator-solar_670,0.0,0.0,0.0
24,0.0,0.0,0.0,0.0,0.0,0.0,mongenerator-solar_670,0.0,0.0,0.0
25,0.0,0.0,0.0,0.0,0.0,0.0,mongenerator-solar_670,0.0,0.0,0.0
26,0.0,0.0,0.0,0.0,0.0,0.0,mongenerator-solar_670,0.0,0.0,0.0
27,0.0,0.0,0.0,0.0,0.0,0.0,mongenerator-solar_670,0.0,0.0,0.0
28,0.0,0.0,0.0,0.0,0.0,0.0,mongenerator-solar_670,0.0,0.0,0.0
29,0.0,0.0,0.0,0.0,0.0,0.0,mongenerator-solar_670,0.0,0.0,0.0
30,0.0,0.0,0.0,0.0,0.0,0.0,mongenerator-solar_670,0.0,0.0,0.0
31,0.0,0.0,0.0,0.0,0.0,0.0,mongenerator-solar_670,0.0,0.0,0.0
32,0.0,0.0,0.0,0.0,0.0,0.0,mongenerator-solar_670,0.0,0.0,0.0
33,0.0,-134.939,-4.42721e-06,-134.938,-4.68215e-06,-134.935,mongenerator-solar_670,-4.99898e-06,0.0,0.0
34,0.0,-452.049,-0.000114538,-452.046,-0.00011668,-452.039,mongenerator-solar_670,-0.00011986,0.0,0.0
35,0.0,-775.367,-0.00114417,-775.363,-0.00113033,-775.352,mongenerator-solar_670,-0.00111185,0.0,0.0
36,0.0,-957.131,0.000141683,-957.126,0.000136833,-957.112,mongenerator-solar_670,0.000130441,0.0,0.0
37,0.0,-1110.1,-0.000209901,-1110.09,-0.000217148,-1110.08,mongenerator-solar_670,-0.000226723,0.0,0.0
38,0.0,-1305.72,1.1432e-05,-1305.72,1.17644e-05,-1305.7,mongenerator-solar_670,1.1989e-05,0.0,0.0
39,0.0,-793.669,-6.24097e-05,-793.665,-5.98123e-05,-793.654,mongenerator-solar_670,-5.6349e-05,0.0,0.0
40,0.0,-862.112,9.69613e-06,-862.107,8.96575e-06,-862.095,mongenerator-solar_670,7.98146e-06,0.0,0.0
41,0.0,-437.413,0.0,-437.41,2.91038e-14,-437.401,mongenerator-solar_670,-2.91038e-14,0.0,0.0
42,0.0,-15.471,-2.98521e-12,-15.4709,-2.73758e-12,-15.4705,mongenerator-solar_670,-2.37105e-12,0.0,0.0
43,0.0,0.0,0.0,0.0,0.0,0.0,mongenerator-solar_670,0.0,0.0,0.0
44,0.0,0.0,0.0,0.0,0.0,0.0,mongenerator-solar_670,0.0,0.0,0.0
45,0.0,0.0,0.0,0.0,0.0,0.0,mongenerator-solar_670,0.0,0.0,0.0
46,0.0,0.0,0.0,0.0,0.0,0.0,mongenerator-solar_670,0.0,0.0,0.0
47,0.0,0.0,0.0,0.0,0.0,0.0,mongenerator-solar_670,0.0,0.0,0.0
48,0.0,0.0,0.0,0.0,0.0,0.0,mongenerator-solar_670,0.0,0.0,0.0
49,0.0,0.0,0.0,0.0,0.0,0.0,mongenerator-solar_670,0.0,0.0,0.0
50,0.0,0.0,0.0,0.0,0.0,0.0,mongenerator-solar_670,0.0,0.0,0.0
51,0.0,0.0,0.0,0.0,0.0,0.0,mongenerator-solar_670,0.0,0.0,0.0
52,0.0,0.0,0.0,0.0,0.0,0.0,mongenerator-solar_670,0.0,0.0,0.0
53,0.0,0.0,0.0,0.0,0.0,0.0,mongenerator-solar_670,0.0,0.0,0.0
54,0.0,0.0,0.0,0.0,0.0,0.0,mongenerator-solar_670,0.0,0.0,0.0
55,0.0,0.0,0.0,0.0,0.0,0.0,mongenerator-solar_670,0.0,0.0,0.0
56,0.0,0.0,0.0,0.0,0.0,0.0,mongenerator-solar_670,0.0,0.0,0.0
57,0.0,-171.304,-6.88304e-05,-171.302,-6.70688e-05,-171.299,mongenerator-solar_670,-6.51146e-05,0.0,0.0
58,0.0,-751.408,-0.000503632,-751.403,-0.0005147,-751.39,mongenerator-solar_670,-0.000530958,0.0,0.0
59,0.0,-1067.96,-2.42597e-05,-1067.95,-2.31767e-05,-1067.94,mongenerator-solar_670,-2.13784e-05,0.0,0.0
60,0.0,-1256.99,-7.65591e-06,-1256.98,-1.16846e-05,-1256.96,mongenerator-solar_670,-1.70437e-05,0.0,0.0
61,0.0,-1333.24,-5.96821e-06,-1333.23,-4.86892e-06,-1333.21,mongenerator-solar_670,-3.45263e-06,0.0,0.0
62,0.0,-1285.59,0.00015859,-1285.58,0.000153294,-1285.56,mongenerator-solar_670,0.000146168,0.0,0.0
63,0.0,-644.692,-9.97669e-07,-644.688,-9.7611e-07,-644.676,mongenerator-solar_670,-9.53162e-07,0.0,0.0
64,0.0,-725.314,8.33064e-05,-725.309,8.19791e-05,-725.295,mongenerator-solar_670,7.95469e-05,0.0,0.0
65,0.0,-352.768,-5.56625e-07,-352.765,-5.50429e-07,-352.756,mongenerator-solar_670,-5.41922e-07,0.0,0.0
66,0.0,-14.0423,6.81132e-09,-14.0422,6.32646e-09,-14.0418,mongenerator-solar_670,5.78714e-09,0.0,0.0
67,0.0,0.0,0.0,0.0,0.0,0.0,mongenerator-solar_670,0.0,0.0,0.0
68,0.0,0.0,0.0,0.0,0.0,0.0,mongenerator-solar_670,0.0,0.0,0.0
69,0.0,0.0,0.0,0.0,0.0,0.0,mongenerator-solar_670,0.0,0.0,0.0
70,0.0,0.0,0.0,0.0,0.0,0.0,mongenerator-solar_670,0.0,0.0,0.0
71,0.0,0.0,0.0,0.0,0.0,0.0,mongenerator-solar_670,0.0,0.0,0.0
72,0.0,0.0,0.0,0.0,0.0,0.0,mongenerator-solar_670,0.0,0.0,0.0
73,0.0,0.0,0.0,0.0,0.0,0.0,mongenerator-solar_670,0.0,0.0,0.0
74,0.0,0.0,0.0,0.0,0.0,0.0,mongenerator-solar_670,0.0,0.0,0.0
75,0.0,0.0,0.0,0.0,0.0,0.0,mongenerator-solar_670,0.0,0.0,0.0
76,0.0,0.0,0.0,0.0,0.0,0.0,mongenerator-solar_670,0.0,0.0,0.0
77,0.0,0.0,0.0,0.0,0.0,0.0,mongenerator-solar_670,0.0,0.0,0.0
78,0.0,0.0,0.0,0.0,0.0,0.0,mongenerator-solar_670,0.0,0.0,0.0
79,0.0,0.0,0.0,0.0,0.0,0.0,mongenerator-solar_670,0.0,0.0,0.0
80,0.0,0.0,0.0,0.0,0.0,0.0,mongenerator-solar_670,0.0,0.0,0.0
81,0.0,-271.905,-0.00115613,-264.877,-0.000858385,-239.674,mongenerator-solar_670,-0.0138662,0.0,0.0
82,0.0,-905.531,-0.00814125,-878.192,-0.000489383,-798.556,mongenerator-solar_670,0.0184411,0.0,0.0
83,0.0,-1427.87,0.0234147,-1367.09,0.0514233,-1247.52,mongenerator-solar_670,0.00659148,0.0,0.0
84,0.0,-1179.02,0.0710675,-1139.4,0.0114358,-1038.67,mongenerator-solar_670,-0.00145225,0.0,0.0
85,0.0,-916.359,-0.0318693,-891.406,-0.0060788,-809.667,mongenerator-solar_670,0.00614278,0.0,0.0
86,0.0,-553.128,-0.066858,-543.458,-0.0130666,-488.043,mongenerator-solar_670,0.00892336,0.0,0.0
87,0.0,-1565.13,-8.12748e-07,-1496.59,-3.53173e-06,-1336.92,mongenerator-solar_670,0.00443566,0.0,0.0
88,0.0,-608.724,-0.00015012,-596.957,-0.000133425,-533.29,mongenerator-solar_670,-0.0173085,0.0,0.0
89,0.0,-309.479,0.000149416,-306.859,-5.46037e-05,-276.465,mongenerator-solar_670,-0.00594466,0.0,0.0
90,0.0,-11.4073,-0.000101474,-11.3015,1.5488e-05,-10.1245,mongenerator-solar_670,-8.79833e-07,0.0,0.0
91,0.0,0.0,0.0,0.0,0.0,0.0,mongenerator-solar_670,0.0,0.0,0.0
92,0.0,0.0,0.0,0.0,0.0,0.0,mongenerator-solar_670,0.0,0.0,0.0
93,0.0,0.0,0.0,0.0,0.0,0.0,mongenerator-solar_670,0.0,0.0,0.0
94,0.0,0.0,0.0,0.0,0.0,0.0,mongenerator-solar_670,0.0,0.0,0.0
95,0.0,0.0,0.0,0.0,0.0,0.0,mongenerator-solar_670,0.0,0.0,0.0
96,0.0,0.0,0.0,0.0,0.0,0.0,mongenerator-solar_670,0.0,0.0,0.0
1,0.0,0.0,0.0,0.0,0.0,0.0,mongenerator-solar_675_existing,0.0,0.0,0.0
2,0.0,0.0,0.0,0.0,0.0,0.0,mongenerator-solar_675_existing,0.0,0.0,0.0
3,0.0,0.0,0.0,0.0,0.0,0.0,mongenerator-solar_675_existing,0.0,0.0,0.0
4,0.0,0.0,0.0,0.0,0.0,0.0,mongenerator-solar_675_existing,0.0,0.0,0.0
5,0.0,0.0,0.0,0.0,0.0,0.0,mongenerator-solar_675_existing,0.0,0.0,0.0
6,0.0,0.0,0.0,0.0,0.0,0.0,mongenerator-solar_675_existing,0.0,0.0,0.0
7,0.0,0.0,0.0,0.0,0.0,0.0,mongenerator-solar_675_existing,0.0,0.0,0.0
8,0.0,0.0,0.0,0.0,0.0,0.0,mongenerator-solar_675_existing,0.0,0.0,0.0
9,0.0,-113.967,0.00354433,-109.863,0.00170573,-102.555,mongenerator-solar_675_existing,-3.53205e-05,0.0,0.0
10,0.0,-276.721,0.0152801,-260.248,-0.00103904,-242.056,mongenerator-solar_675_existing,0.0223822,0.0,0.0
11,0.0,-404.739,0.00545943,-381.73,-0.000370475,-351.851,mongenerator-solar_675_existing,0.00151757,0.0,0.0
12,0.0,-523.128,3.6011e-05,-483.952,0.010756,-447.484,mongenerator-solar_675_existing,0.00563868,0.0,0.0
13,0.0,-553.026,0.017578,-517.734,-0.000961583,-478.829,mongenerator-solar_675_existing,0.00017427,0.0,0.0
14,0.0,-524.533,0.00428054,-492.372,0.00188182,-455.833,mongenerator-solar_675_existing,0.000291703,0.0,0.0
15,0.0,-443.885,0.0345336,-419.572,0.0152685,-388.634,mongenerator-solar_675_existing,0.00319735,0.0,0.0
16,0.0,-317.765,-0.00269913,-304.384,-7.93602e-05,-282.247,mongenerator-solar_675_existing,0.000965102,0.0,0.0
17,0.0,-153.052,-0.00190812,-147.399,0.00176327,-138.114,mongenerator-solar_675_existing,-0.0116026,0.0,0.0
18,0.0,-9.10233,-0.000126787,-8.83235,7.22576e-06,-8.28376,mongenerator-solar_675_existing,-1.9487e-06,0.0,0.0
19,0.0,0.0,0.0,0.0,0.0,0.0,mongenerator-solar_675_existing,0.0,0.0,0.0
20,0.0,0.0,0.0,0.0,0.0,0.0,mongenerator-solar_675_existing,0.0,0.0,0.0
21,0.0,0.0,0.0,0.0,0.0,0.0,mongenerator-solar_675_existing,0.0,0.0,0.0
22,0.0,0.0,0.0,0.0,0.0,0.0,mongenerator-solar_675_existing,0.0,0.0,0.0
23,0.0,0.0,0.0,0.0,0.0,0.0,mongenerator-solar_675_existing,0.0,0.0,0.0
24,0.0,0.0,0.0,0.0,0.0,0.0,mongenerator-solar_675_existing,0.0,0.0,0.0
25,0.0,0.0,0.0,0.0,0.0,0.0,mongenerator-solar_675_existing,0.0,0.0,0.0
26,0.0,0.0,0.0,0.0,0.0,0.0,mongenerator-solar_675_existing,0.0,0.0,0.0
27,0.0,0.0,0.0,0.0,0.0,0.0,mongenerator-solar_675_existing,0.0,0.0,0.0
28,0.0,0.0,0.0,0.0,0.0,0.0,mongenerator-solar_675_existing,0.0,0.0,0.0
29,0.0,0.0,0.0,0.0,0.0,0.0,mongenerator-solar_675_existing,0.0,0.0,0.0
30,0.0,0.0,0.0,0.0,0.0,0.0,mongenerator-solar_675_existing,0.0,0.0,0.0
31,0.0,0.0,0.0,0.0,0.0,0.0,mongenerator-solar_675_existing,0.0,0.0,0.0
32,0.0,0.0,0.0,0.0,0.0,0.0,mongenerator-solar_675_existing,0.0,0.0,0.0
33,0.0,0.0,0.0,0.0,0.0,0.0,mongenerator-solar_675_existing,0.0,0.0,0.0
34,0.0,0.0,0.0,0.0,0.0,0.0,mongenerator-solar_675_existing,0.0,0.0,0.0
35,0.0,0.0,0.0,0.0,0.0,0.0,mongenerator-solar_675_existing,0.0,0.0,0.0
36,0.0,0.0,0.0,0.0,0.0,0.0,mongenerator-solar_675_existing,0.0,0.0,0.0
37,0.0,0.0,0.0,0.0,0.0,0.0,mongenerator-solar_675_existing,0.0,0.0,0.0
38,0.0,0.0,0.0,0.0,0.0,0.0,mongenerator-solar_675_existing,0.0,0.0,0.0
39,0.0,0.0,0.0,0.0,0.0,0.0,mongenerator-solar_675_existing,0.0,0.0,0.0
40,0.0,0.0,0.0,0.0,0.0,0.0,mongenerator-solar_675_existing,0.0,0.0,0.0
41,0.0,0.0,0.0,0.0,0.0,0.0,mongenerator-solar_675_existing,0.0,0.0,0.0
42,0.0,0.0,0.0,0.0,0.0,0.0,mongenerator-solar_675_existing,0.0,0.0,0.0
43,0.0,0.0,0.0,0.0,0.0,0.0,mongenerator-solar_675_existing,0.0,0.0,0.0
44,0.0,0.0,0.0,0.0,0.0,0.0,mongenerator-solar_675_existing,0.0,0.0,0.0
45,0.0,0.0,0.0,0.0,0.0,0.0,mongenerator-solar_675_existing,0.0,0.0,0.0
46,0.0,0.0,0.0,0.0,0.0,0.0,mongenerator-solar_675_existing,0.0,0.0,0.0
47,0.0,0.0,0.0,0.0,0.0,0.0,mongenerator-solar_675_existing,0.0,0.0,0.0
48,0.0,0.0,0.0,0.0,0.0,0.0,mongenerator-solar_675_existing,0.0,0.0,0.0
49,0.0,0.0,0.0,0.0,0.0,0.0,mongenerator-solar_675_existing,0.0,0.0,0.0
50,0.0,0.0,0.0,0.0,0.0,0.0,mongenerator-solar_675_existing,0.0,0.0,0.0
51,0.0,0.0,0.0,0.0,0.0,0.0,mongenerator-solar_675_existing,0.0,0.0,0.0
52,0.0,0.0,0.0,0.0,0.0,0.0,mongenerator-solar_675_existing,0.0,0.0,0.0
53,0.0,0.0,0.0,0.0,0.0,0.0,mongenerator-solar_675_existing,0.0,0.0,0.0
54,0.0,0.0,0.0,0.0,0.0,0.0,mongenerator-solar_675_existing,0.0,0.0,0.0
55,0.0,0.0,0.0,0.0,0.0,0.0,mongenerator-solar_675_existing,0.0,0.0,0.0
56,0.0,0.0,0.0,0.0,0.0,0.0,mongenerator-solar_675_existing,0.0,0.0,0.0
57,0.0,0.0,0.0,0.0,0.0,0.0,mongenerator-solar_675_existing,0.0,0.0,0.0
58,0.0,0.0,0.0,0.0,0.0,0.0,mongenerator-solar_675_existing,0.0,0.0,0.0
59,0.0,0.0,0.0,0.0,0.0,0.0,mongenerator-solar_675_existing,0.0,0.0,0.0
60,0.0,0.0,0.0,0.0,0.0,0.0,mongenerator-solar_675_existing,0.0,0.0,0.0
61,0.0,0.0,0.0,0.0,0.0,0.0,mongenerator-solar_675_existing,0.0,0.0,0.0
62,0.0,0.0,0.0,0.0,0.0,0.0,mongenerator-solar_675_existing,0.0,0.0,0.0
63,0.0,0.0,0.0,0.0,0.0,0.0,mongenerator-solar_675_existing,0.0,0.0,0.0
64,0.0,0.0,0.0,0.0,0.0,0.0,mongenerator-solar_675_existing,0.0,0.0,0.0
65,0.0,0.0,0.0,0.0,0.0,0.0,mongenerator-solar_675_existing,0.0,0.0,0.0
66,0.0,0.0,0.0,0.0,0.0,0.0,mongenerator-solar_675_existing,0.0,0.0,0.0
67,0.0,0.0,0.0,0.0,0.0,0.0,mongenerator-solar_675_existing,0.0,0.0,0.0
68,0.0,0.0,0.0,0.0,0.0,0.0,mongenerator-solar_675_existing,0.0,0.0,0.0
69,0.0,0.0,0.0,0.0,0.0,0.0,mongenerator-solar_675_existing,0.0,0.0,0.0
70,0.0,0.0,0.0,0.0,0.0,0.0,mongenerator-solar_675_existing,0.0,0.0,0.0
71,0.0,0.0,0.0,0.0,0.0,0.0,mongenerator-solar_675_existing,0.0,0.0,0.0
72,0.0,0.0,0.0,0.0,0.0,0.0,mongenerator-solar_675_existing,0.0,0.0,0.0
73,0.0,0.0,0.0,0.0,0.0,0.0,mongenerator-solar_675_existing,0.0,0.0,0.0
74,0.0,0.0,0.0,0.0,0.0,0.0,mongenerator-solar_675_existing,0.0,0.0,0.0
75,0.0,0.0,0.0,0.0,0.0,0.0,mongenerator-solar_675_existing,0.0,0.0,0.0
76,0.0,0.0,0.0,0.0,0.0,0.0,mongenerator-solar_675_existing,0.0,0.0,0.0
77,0.0,0.0,0.0,0.0,0.0,0.0,mongenerator-solar_675_existing,0.0,0.0,0.0
78,0.0,0.0,0.0,0.0,0.0,0.0,mongenerator-solar_675_existing,0.0,0.0,0.0
79,0.0,0.0,0.0,0.0,0.0,0.0,mongenerator-solar_675_existing,0.0,0.0,0.0
80,0.0,0.0,0.0,0.0,0.0,0.0,mongenerator-solar_675_existing,0.0,0.0,0.0
81,0.0,-73.4076,-0.000506096,-68.4049,0.0005684,-61.831,mongenerator-solar_675_existing,-0.00557294,0.0,0.0
82,0.0,-245.092,-0.00203352,-227.642,-0.00125903,-207.764,mongenerator-solar_675_existing,0.00779485,0.0,0.0
83,0.0,-387.314,0.00662776,-355.046,0.0138887,-326.335,mongenerator-solar_675_existing,0.00152006,0.0,0.0
84,0.0,-319.438,0.019624,-295.703,0.00307813,-271.108,mongenerator-solar_675_existing,-0.000471883,0.0,0.0
85,0.0,-248.069,-0.00880773,-231.124,-0.00210598,-210.747,mongenerator-solar_675_existing,0.00306985,0.0,0.0
86,0.0,-149.755,-0.0190496,-140.548,-0.00373855,-126.205,mongenerator-solar_675_existing,0.00443232,0.0,0.0
87,0.0,-425.366,-2.53439e-06,-388.646,-7.18444e-06,-349.553,mongenerator-solar_675_existing,0.00116934,0.0,0.0
88,0.0,-164.962,-0.000293551,-154.385,0.00112512,-137.851,mongenerator-solar_675_existing,-0.0074689,0.0,0.0
89,0.0,-83.7807,-2.8196e-05,-79.1611,0.000405963,-71.1128,mongenerator-solar_675_existing,-0.00262196,0.0,0.0
90,0.0,-3.08039,-4.02652e-05,-2.91073,5.41926e-06,-2.5926,mongenerator-solar_675_existing,4.4821e-06,0.0,0.0
91,0.0,0.0,0.0,0.0,0.0,0.0,mongenerator-solar_675_existing,0.0,0.0,0.0
92,0.0,0.0,0.0,0.0,0.0,0.0,mongenerator-solar_675_existing,0.0,0.0,0.0
93,0.0,0.0,0.0,0.0,0.0,0.0,mongenerator-solar_675_existing,0.0,0.0,0.0
94,0.0,0.0,0.0,0.0,0.0,0.0,mongenerator-solar_675_existing,0.0,0.0,0.0
95,0.0,0.0,0.0,0.0,0.0,0.0,mongenerator-solar_675_existing,0.0,0.0,0.0
96,0.0,0.0,0.0,0.0,0.0,0.0,mongenerator-solar_675_existing,0.0,0.0,0.0
