hour,t(sec),P1(kW),Q1(kvar),P2(kW),Q2(kvar),P3(kW),Name,Q3(kvar),P4(kW),Q4(kvar),V1,VAngle1,V2,VAngle2,V3,VAngle3,I1,IAngle1,I2,IAngle2,I3,IAngle3
1,0.0,0.0,0.0,0.0,0.0,0.0,mongenerator-battery_670,0.0,0.0,0.0,,,,,,,,,,,,
2,0.0,0.0,0.0,0.0,0.0,0.0,mongenerator-battery_670,0.0,0.0,0.0,,,,,,,,,,,,
3,0.0,0.0,0.0,0.0,0.0,0.0,mongenerator-battery_670,0.0,0.0,0.0,,,,,,,,,,,,
4,0.0,0.0,0.0,0.0,0.0,0.0,mongenerator-battery_670,0.0,0.0,0.0,,,,,,,,,,,,
5,0.0,0.0,0.0,0.0,0.0,0.0,mongenerator-battery_670,0.0,0.0,0.0,,,,,,,,,,,,
6,0.0,0.0,0.0,0.0,0.0,0.0,mongenerator-battery_670,0.0,0.0,0.0,,,,,,,,,,,,
7,0.0,-95.7167,-0.000148165,-96.2847,-5.64777e-05,-89.5382,mongenerator-battery_670,0.00108702,0.0,0.0,,,,,,,,,,,,
8,0.0,-49.3879,0.000235552,-49.9199,8.92344e-05,-46.1591,mongenerator-battery_670,0.00108705,0.0,0.0,,,,,,,,,,,,
9,0.0,0.0,0.0,0.0,0.0,0.0,mongenerator-battery_670,0.0,0.0,0.0,,,,,,,,,,,,
10,0.0,401.686,-0.00418673,398.625,-0.000595483,376.114,mongenerator-battery_670,7.29252e-05,0.0,0.0,,,,,,,,,,,,
11,0.0,0.0,0.0,0.0,0.0,0.0,mongenerator-battery_670,0.0,0.0,0.0,,,,,,,,,,,,
12,0.0,0.0,0.0,0.0,0.0,0.0,mongenerator-battery_670,0.0,0.0,0.0,,,,,,,,,,,,
13,0.0,0.0,0.0,0.0,0.0,0.0,mongenerator-battery_670,0.0,0.0,0.0,,,,,,,,,,,,
14,0.0,0.0,0.0,0.0,0.0,0.0,mongenerator-battery_670,0.0,0.0,0.0,,,,,,,,,,,,
15,0.0,0.0,0.0,0.0,0.0,0.0,mongenerator-battery_670,0.0,0.0,0.0,,,,,,,,,,,,
16,0.0,0.0,0.0,0.0,0.0,0.0,mongenerator-battery_670,0.0,0.0,0.0,,,,,,,,,,,,
17,0.0,0.0,0.0,0.0,0.0,0.0,mongenerator-battery_670,0.0,0.0,0.0,,,,,,,,,,,,
18,0.0,0.0,0.0,0.0,0.0,0.0,mongenerator-battery_670,0.0,0.0,0.0,,,,,,,,,,,,
19,0.0,0.0,0.0,0.0,0.0,0.0,mongenerator-battery_670,0.0,0.0,0.0,,,,,,,,,,,,
20,0.0,0.0,0.0,0.0,0.0,0.0,mongenerator-battery_670,0.0,0.0,0.0,,,,,,,,,,,,
21,0.0,-151.488,-0.000148953,-150.828,-4.78006e-05,-141.591,mongenerator-battery_670,0.00245238,0.0,0.0,,,,,,,,,,,,
22,0.0,-107.462,0.000291885,-106.771,0.000346512,-100.477,mongenerator-battery_670,0.00101723,0.0,0.0,,,,,,,,,,,,
23,0.0,0.0,0.0,0.0,0.0,0.0,mongenerator-battery_670,0.0,0.0,0.0,,,,,,,,,,,,
24,0.0,28.0833,0.000218924,27.8218,0.000150484,26.6769,mongenerator-battery_670,0.00101266,0.0,0.0,,,,,,,,,,,,
25,0.0,57.5075,-1.0132e-09,57.5125,1.3391e-10,57.5051,mongenerator-battery_670,1.41106e-09,0.0,0.0,,,,,,,,,,,,
26,0.0,63.7861,1.27093e-05,63.791,1.67942e-07,63.7828,mongenerator-battery_670,2.65085e-06,0.0,0.0,,,,,,,,,,,,
27,0.0,66.8566,3.76359e-06,66.8615,2.99952e-07,66.8532,mongenerator-battery_670,5.49341e-06,0.0,0.0,,,,,,,,,,,,
28,0.0,0.0,0.0,0.0,0.0,0.0,mongenerator-battery_670,0.0,0.0,0.0,,,,,,,,,,,,
29,0.0,0.0,0.0,0.0,0.0,0.0,mongenerator-battery_670,0.0,0.0,0.0,,,,,,,,,,,,
30,0.0,0.0,0.0,0.0,0.0,0.0,mongenerator-battery_670,0.0,0.0,0.0,,,,,,,,,,,,
31,0.0,0.0,0.0,0.0,0.0,0.0,mongenerator-battery_670,0.0,0.0,0.0,,,,,,,,,,,,
32,0.0,0.0,0.0,0.0,0.0,0.0,mongenerator-battery_670,0.0,0.0,0.0,,,,,,,,,,,,
33,0.0,-319.371,-3.43445e-06,-319.374,-2.6992e-05,-319.235,mongenerator-battery_670,-0.000222892,0.0,0.0,,,,,,,,,,,,
34,0.0,0.0,0.0,0.0,0.0,0.0,mongenerator-battery_670,0.0,0.0,0.0,,,,,,,,,,,,
35,0.0,0.0,0.0,0.0,0.0,0.0,mongenerator-battery_670,0.0,0.0,0.0,,,,,,,,,,,,
36,0.0,0.0,0.0,0.0,0.0,0.0,mongenerator-battery_670,0.0,0.0,0.0,,,,,,,,,,,,
37,0.0,123.772,1.76344e-07,123.758,-2.88041e-06,123.7,mongenerator-battery_670,-3.44509e-05,0.0,0.0,,,,,,,,,,,,
38,0.0,283.217,0.000189984,283.174,5.06506e-05,283.038,mongenerator-battery_670,0.000227423,0.0,0.0,,,,,,,,,,,,
39,0.0,0.0,0.0,0.0,0.0,0.0,mongenerator-battery_670,0.0,0.0,0.0,,,,,,,,,,,,
40,0.0,0.0,0.0,0.0,0.0,0.0,mongenerator-battery_670,0.0,0.0,0.0,,,,,,,,,,,,
41,0.0,0.0,0.0,0.0,0.0,0.0,mongenerator-battery_670,0.0,0.0,0.0,,,,,,,,,,,,
42,0.0,0.0,0.0,0.0,0.0,0.0,mongenerator-battery_670,0.0,0.0,0.0,,,,,,,,,,,,
43,0.0,0.0,0.0,0.0,0.0,0.0,mongenerator-battery_670,0.0,0.0,0.0,,,,,,,,,,,,
44,0.0,0.0,0.0,0.0,0.0,0.0,mongenerator-battery_670,0.0,0.0,0.0,,,,,,,,,,,,
45,0.0,0.0,0.0,0.0,0.0,0.0,mongenerator-battery_670,0.0,0.0,0.0,,,,,,,,,,,,
46,0.0,-21.4884,-1.62859e-06,-21.4895,4.55568e-07,-21.4835,mongenerator-battery_670,1.42057e-06,0.0,0.0,,,,,,,,,,,,
47,0.0,-46.3386,-5.69012e-05,-46.3425,-4.94042e-05,-46.331,mongenerator-battery_670,-0.000172167,0.0,0.0,,,,,,,,,,,,
48,0.0,-19.72,1.71216e-05,-19.7221,-2.0733e-06,-19.7183,mongenerator-battery_670,-2.93277e-05,0.0,0.0,,,,,,,,,,,,
49,0.0,16.3647,3.16159e-06,16.3661,1.07894e-06,16.3631,mongenerator-battery_670,-5.35268e-05,0.0,0.0,,,,,,,,,,,,
50,0.0,25.4032,2.67862e-06,25.405,2.59854e-07,25.4006,mongenerator-battery_670,3.97067e-06,0.0,0.0,,,,,,,,,,,,
51,0.0,30.3001,-4.96022e-07,30.3023,2.94573e-07,30.2973,mongenerator-battery_670,6.82368e-06,0.0,0.0,,,,,,,,,,,,
52,0.0,25.3594,3.47052e-07,25.361,-4.62145e-07,25.357,mongenerator-battery_670,-3.30558e-07,0.0,0.0,,,,,,,,,,,,
53,0.0,0.0,0.0,0.0,0.0,0.0,mongenerator-battery_670,0.0,0.0,0.0,,,,,,,,,,,,
54,0.0,0.0,0.0,0.0,0.0,0.0,mongenerator-battery_670,0.0,0.0,0.0,,,,,,,,,,,,
55,0.0,0.0,0.0,0.0,0.0,0.0,mongenerator-battery_670,0.0,0.0,0.0,,,,,,,,,,,,
56,0.0,0.0,0.0,0.0,0.0,0.0,mongenerator-battery_670,0.0,0.0,0.0,,,,,,,,,,,,
57,0.0,-365.359,5.45637e-06,-365.366,-2.53317e-05,-365.185,mongenerator-battery_670,-0.000208325,0.0,0.0,,,,,,,,,,,,
58,0.0,0.0,0.0,0.0,0.0,0.0,mongenerator-battery_670,0.0,0.0,0.0,,,,,,,,,,,,
59,0.0,72.0301,-5.48804e-05,72.0206,-3.18135e-05,71.9872,mongenerator-battery_670,-0.000269691,0.0,0.0,,,,,,,,,,,,
60,0.0,307.152,0.000144041,307.106,6.6216e-05,306.967,mongenerator-battery_670,0.00049146,0.0,0.0,,,,,,,,,,,,
61,0.0,0.0,0.0,0.0,0.0,0.0,mongenerator-battery_670,0.0,0.0,0.0,,,,,,,,,,,,
62,0.0,0.0,0.0,0.0,0.0,0.0,mongenerator-battery_670,0.0,0.0,0.0,,,,,,,,,,,,
63,0.0,0.0,0.0,0.0,0.0,0.0,mongenerator-battery_670,0.0,0.0,0.0,,,,,,,,,,,,
64,0.0,0.0,0.0,0.0,0.0,0.0,mongenerator-battery_670,0.0,0.0,0.0,,,,,,,,,,,,
65,0.0,0.0,0.0,0.0,0.0,0.0,mongenerator-battery_670,0.0,0.0,0.0,,,,,,,,,,,,
66,0.0,0.0,0.0,0.0,0.0,0.0,mongenerator-battery_670,0.0,0.0,0.0,,,,,,,,,,,,
67,0.0,0.0,0.0,0.0,0.0,0.0,mongenerator-battery_670,0.0,0.0,0.0,,,,,,,,,,,,
68,0.0,0.0,0.0,0.0,0.0,0.0,mongenerator-battery_670,0.0,0.0,0.0,,,,,,,,,,,,
69,0.0,0.0,0.0,0.0,0.0,0.0,mongenerator-battery_670,0.0,0.0,0.0,,,,,,,,,,,,
70,0.0,-224.005,-3.03802e-05,-224.016,1.60877e-06,-223.954,mongenerator-battery_670,-1.47862e-05,0.0,0.0,,,,,,,,,,,,
71,0.0,0.0,0.0,0.0,0.0,0.0,mongenerator-battery_670,0.0,0.0,0.0,,,,,,,,,,,,
72,0.0,12.4183,1.47681e-05,12.4195,4.348e-06,12.4174,mongenerator-battery_670,-5.44632e-06,0.0,0.0,,,,,,,,,,,,
73,0.0,56.7066,0.000337629,56.6013,0.00023705,53.6428,mongenerator-battery_670,-0.000812292,0.0,0.0,,,,,,,,,,,,
74,0.0,64.2966,-0.00133817,64.1338,-0.00314298,60.8119,mongenerator-battery_670,-0.00249908,0.0,0.0,,,,,,,,,,,,
75,0.0,67.1956,-0.00158229,67.0347,-0.00108701,63.5981,mongenerator-battery_670,0.000667796,0.0,0.0,,,,,,,,,,,,
76,0.0,0.0,0.0,0.0,0.0,0.0,mongenerator-battery_670,0.0,0.0,0.0,,,,,,,,,,,,
77,0.0,0.0,0.0,0.0,0.0,0.0,mongenerator-battery_670,0.0,0.0,0.0,,,,,,,,,,,,
78,0.0,0.0,0.0,0.0,0.0,0.0,mongenerator-battery_670,0.0,0.0,0.0,,,,,,,,,,,,
79,0.0,0.0,0.0,0.0,0.0,0.0,mongenerator-battery_670,0.0,0.0,0.0,,,,,,,,,,,,
80,0.0,-94.1671,-6.59105e-05,-93.061,-0.0001397,-84.4339,mongenerator-battery_670,0.000870858,0.0,0.0,,,,,,,,,,,,
81,0.0,-299.761,-1.26366e-05,-294.441,-9.39445e-05,-271.013,mongenerator-battery_670,-0.00996502,0.0,0.0,,,,,,,,,,,,
82,0.0,152.725,-6.01169e-05,150.824,2.93556e-05,137.692,mongenerator-battery_670,-0.00480781,0.0,0.0,,,,,,,,,,,,
83,0.0,127.844,-0.000748542,125.514,-9.51236e-05,116.528,mongenerator-battery_670,-0.000229885,0.0,0.0,,,,,,,,,,,,
84,0.0,0.0,0.0,0.0,0.0,0.0,mongenerator-battery_670,0.0,0.0,0.0,,,,,,,,,,,,
85,0.0,0.0,0.0,0.0,0.0,0.0,mongenerator-battery_670,0.0,0.0,0.0,,,,,,,,,,,,
86,0.0,-1.31815,-1.77572e-07,-1.31365,-1.95221e-07,-1.20132,mongenerator-battery_670,-2.07906e-05,0.0,0.0,,,,,,,,,,,,
87,0.0,208.095,0.000110442,204.53,-0.000131644,188.616,mongenerator-battery_670,-0.00545636,0.0,0.0,,,,,,,,,,,,
88,0.0,0.0,0.0,0.0,0.0,0.0,mongenerator-battery_670,0.0,0.0,0.0,,,,,,,,,,,,
89,0.0,0.0,0.0,0.0,0.0,0.0,mongenerator-battery_670,0.0,0.0,0.0,,,,,,,,,,,,
90,0.0,0.0,0.0,0.0,0.0,0.0,mongenerator-battery_670,0.0,0.0,0.0,,,,,,,,,,,,
91,0.0,0.0,0.0,0.0,0.0,0.0,mongenerator-battery_670,0.0,0.0,0.0,,,,,,,,,,,,
92,0.0,0.0,0.0,0.0,0.0,0.0,mongenerator-battery_670,0.0,0.0,0.0,,,,,,,,,,,,
93,0.0,0.0,0.0,0.0,0.0,0.0,mongenerator-battery_670,0.0,0.0,0.0,,,,,,,,,,,,
94,0.0,0.0,0.0,0.0,0.0,0.0,mongenerator-battery_670,0.0,0.0,0.0,,,,,,,,,,,,
95,0.0,0.0,0.0,0.0,0.0,0.0,mongenerator-battery_670,0.0,0.0,0.0,,,,,,,,,,,,
96,0.0,-6.05893,-1.88488e-05,-6.0876,-7.49868e-06,-5.84766,mongenerator-battery_670,9.40667e-05,0.0,0.0,,,,,,,,,,,,
1,0.0,,0.0,,0.0,0.0,mongenerator-fossil_684_existing,,,,,,,,,,,,,,,
2,0.0,,0.0,,0.0,0.0,mongenerator-fossil_684_existing,,,,,,,,,,,,,,,
3,0.0,,0.0,,0.0,0.0,mongenerator-fossil_684_existing,,,,,,,,,,,,,,,
4,0.0,,0.0,,0.0,0.0,mongenerator-fossil_684_existing,,,,,,,,,,,,,,,
5,0.0,,0.0,,0.0,0.0,mongenerator-fossil_684_existing,,,,,,,,,,,,,,,
6,0.0,,0.0,,0.0,0.0,mongenerator-fossil_684_existing,,,,,,,,,,,,,,,
7,0.0,,0.0,,0.0,0.0,mongenerator-fossil_684_existing,,,,,,,,,,,,,,,
8,0.0,,0.0,,0.0,0.0,mongenerator-fossil_684_existing,,,,,,,,,,,,,,,
9,0.0,,0.0,,0.0,0.0,mongenerator-fossil_684_existing,,,,,,,,,,,,,,,
10,0.0,,0.0,,0.0,0.0,mongenerator-fossil_684_existing,,,,,,,,,,,,,,,
11,0.0,,0.0,,0.0,0.0,mongenerator-fossil_684_existing,,,,,,,,,,,,,,,
12,0.0,,0.0,,0.0,0.0,mongenerator-fossil_684_existing,,,,,,,,,,,,,,,
13,0.0,,0.0,,0.0,0.0,mongenerator-fossil_684_existing,,,,,,,,,,,,,,,
14,0.0,,0.0,,0.0,0.0,mongenerator-fossil_684_existing,,,,,,,,,,,,,,,
15,0.0,,0.0,,0.0,0.0,mongenerator-fossil_684_existing,,,,,,,,,,,,,,,
16,0.0,,0.0,,0.0,0.0,mongenerator-fossil_684_existing,,,,,,,,,,,,,,,
17,0.0,,0.0,,0.0,0.0,mongenerator-fossil_684_existing,,,,,,,,,,,,,,,
18,0.0,,-2.9357e-06,,0.0,-5.97651,mongenerator-fossil_684_existing,,,,,,,,,,,,,,,
19,0.0,,0.000146102,,0.0,-12.1362,mongenerator-fossil_684_existing,,,,,,,,,,,,,,,
20,0.0,,6.83622e-05,,0.0,-11.3774,mongenerator-fossil_684_existing,,,,,,,,,,,,,,,
21,0.0,,1.25367e-07,,0.0,-0.0034483,mongenerator-fossil_684_existing,,,,,,,,,,,,,,,
22,0.0,,0.0,,0.0,0.0,mongenerator-fossil_684_existing,,,,,,,,,,,,,,,
23,0.0,,0.0,,0.0,0.0,mongenerator-fossil_684_existing,,,,,,,,,,,,,,,
24,0.0,,0.0,,0.0,0.0,mongenerator-fossil_684_existing,,,,,,,,,,,,,,,
25,0.0,,0.0,,0.0,0.0,mongenerator-fossil_684_existing,,,,,,,,,,,,,,,
26,0.0,,0.0,,0.0,0.0,mongenerator-fossil_684_existing,,,,,,,,,,,,,,,
27,0.0,,0.0,,0.0,0.0,mongenerator-fossil_684_existing,,,,,,,,,,,,,,,
28,0.0,,0.0,,0.0,0.0,mongenerator-fossil_684_existing,,,,,,,,,,,,,,,
29,0.0,,0.000173186,,0.0,-2.04768,mongenerator-fossil_684_existing,,,,,,,,,,,,,,,
30,0.0,,0.000125908,,0.0,-5.22177,mongenerator-fossil_684_existing,,,,,,,,,,,,,,,
31,0.0,,0.00032614,,0.0,-28.5483,mongenerator-fossil_684_existing,,,,,,,,,,,,,,,
32,0.0,,0.000229346,,0.0,-32.912,mongenerator-fossil_684_existing,,,,,,,,,,,,,,,
33,0.0,,-0.000199046,,0.0,-7.53221,mongenerator-fossil_684_existing,,,,,,,,,,,,,,,
34,0.0,,0.0,,0.0,0.0,mongenerator-fossil_684_existing,,,,,,,,,,,,,,,
35,0.0,,0.0,,0.0,0.0,mongenerator-fossil_684_existing,,,,,,,,,,,,,,,
36,0.0,,0.0,,0.0,0.0,mongenerator-fossil_684_existing,,,,,,,,,,,,,,,
37,0.0,,0.0,,0.0,0.0,mongenerator-fossil_684_existing,,,,,,,,,,,,,,,
38,0.0,,0.0,,0.0,0.0,mongenerator-fossil_684_existing,,,,,,,,,,,,,,,
39,0.0,,0.0,,0.0,0.0,mongenerator-fossil_684_existing,,,,,,,,,,,,,,,
40,0.0,,0.0,,0.0,0.0,mongenerator-fossil_684_existing,,,,,,,,,,,,,,,
41,0.0,,5.09138e-05,,0.0,-7.00225,mongenerator-fossil_684_existing,,,,,,,,,,,,,,,
42,0.0,,0.000216621,,0.0,-41.9669,mongenerator-fossil_684_existing,,,,,,,,,,,,,,,
43,0.0,,-0.000272924,,0.0,-31.7254,mongenerator-fossil_684_existing,,,,,,,,,,,,,,,
44,0.0,,0.000127598,,0.0,-31.2567,mongenerator-fossil_684_existing,,,,,,,,,,,,,,,
45,0.0,,-8.19366e-05,,0.0,-23.3929,mongenerator-fossil_684_existing,,,,,,,,,,,,,,,
46,0.0,,4.39059e-05,,0.0,-15.8729,mongenerator-fossil_684_existing,,,,,,,,,,,,,,,
47,0.0,,0.0,,0.0,0.0,mongenerator-fossil_684_existing,,,,,,,,,,,,,,,
48,0.0,,0.0,,0.0,0.0,mongenerator-fossil_684_existing,,,,,,,,,,,,,,,
49,0.0,,0.0,,0.0,0.0,mongenerator-fossil_684_existing,,,,,,,,,,,,,,,
50,0.0,,0.0,,0.0,0.0,mongenerator-fossil_684_existing,,,,,,,,,,,,,,,
51,0.0,,0.0,,0.0,0.0,mongenerator-fossil_684_existing,,,,,,,,,,,,,,,
52,0.0,,0.0,,0.0,0.0,mongenerator-fossil_684_existing,,,,,,,,,,,,,,,
53,0.0,,0.000591513,,0.0,-5.67432,mongenerator-fossil_684_existing,,,,,,,,,,,,,,,
54,0.0,,0.000303931,,0.0,-8.47021,mongenerator-fossil_684_existing,,,,,,,,,,,,,,,
55,0.0,,0.000360292,,0.0,-31.5989,mongenerator-fossil_684_existing,,,,,,,,,,,,,,,
56,0.0,,0.000247643,,0.0,-35.1354,mongenerator-fossil_684_existing,,,,,,,,,,,,,,,
57,0.0,,-5.41801e-05,,0.0,-2.50435,mongenerator-fossil_684_existing,,,,,,,,,,,,,,,
58,0.0,,0.0,,0.0,0.0,mongenerator-fossil_684_existing,,,,,,,,,,,,,,,
59,0.0,,0.0,,0.0,0.0,mongenerator-fossil_684_existing,,,,,,,,,,,,,,,
60,0.0,,0.0,,0.0,0.0,mongenerator-fossil_684_existing,,,,,,,,,,,,,,,
61,0.0,,0.0,,0.0,0.0,mongenerator-fossil_684_existing,,,,,,,,,,,,,,,
62,0.0,,0.0,,0.0,0.0,mongenerator-fossil_684_existing,,,,,,,,,,,,,,,
63,0.0,,0.0,,0.0,0.0,mongenerator-fossil_684_existing,,,,,,,,,,,,,,,
64,0.0,,0.0,,0.0,0.0,mongenerator-fossil_684_existing,,,,,,,,,,,,,,,
65,0.0,,8.49463e-05,,0.0,-14.5239,mongenerator-fossil_684_existing,,,,,,,,,,,,,,,
66,0.0,,0.000156444,,0.0,-40.1861,mongenerator-fossil_684_existing,,,,,,,,,,,,,,,
67,0.0,,-0.000282813,,0.0,-28.7703,mongenerator-fossil_684_existing,,,,,,,,,,,,,,,
68,0.0,,1.96165e-06,,0.0,-28.0845,mongenerator-fossil_684_existing,,,,,,,,,,,,,,,
69,0.0,,-7.74268e-05,,0.0,-20.3561,mongenerator-fossil_684_existing,,,,,,,,,,,,,,,
70,0.0,,-6.41713e-07,,0.0,-0.300653,mongenerator-fossil_684_existing,,,,,,,,,,,,,,,
71,0.0,,0.0,,0.0,0.0,mongenerator-fossil_684_existing,,,,,,,,,,,,,,,
72,0.0,,0.0,,0.0,0.0,mongenerator-fossil_684_existing,,,,,,,,,,,,,,,
73,0.0,,0.0,,0.0,0.0,mongenerator-fossil_684_existing,,,,,,,,,,,,,,,
74,0.0,,0.0,,0.0,0.0,mongenerator-fossil_684_existing,,,,,,,,,,,,,,,
75,0.0,,0.0,,0.0,0.0,mongenerator-fossil_684_existing,,,,,,,,,,,,,,,
76,0.0,,0.0,,0.0,0.0,mongenerator-fossil_684_existing,,,,,,,,,,,,,,,
77,0.0,,4.21018e-05,,0.0,-2.22649,mongenerator-fossil_684_existing,,,,,,,,,,,,,,,
78,0.0,,0.000142182,,0.0,-4.16047,mongenerator-fossil_684_existing,,,,,,,,,,,,,,,
79,0.0,,5.77025e-06,,0.0,-25.9732,mongenerator-fossil_684_existing,,,,,,,,,,,,,,,
80,0.0,,0.000311862,,0.0,-25.7045,mongenerator-fossil_684_existing,,,,,,,,,,,,,,,
81,0.0,,0.0,,0.0,0.0,mongenerator-fossil_684_existing,,,,,,,,,,,,,,,
82,0.0,,0.0,,0.0,0.0,mongenerator-fossil_684_existing,,,,,,,,,,,,,,,
83,0.0,,0.0,,0.0,0.0,mongenerator-fossil_684_existing,,,,,,,,,,,,,,,
84,0.0,,0.0,,0.0,0.0,mongenerator-fossil_684_existing,,,,,,,,,,,,,,,
85,0.0,,0.0,,0.0,0.0,mongenerator-fossil_684_existing,,,,,,,,,,,,,,,
86,0.0,,0.0,,0.0,0.0,mongenerator-fossil_684_existing,,,,,,,,,,,,,,,
87,0.0,,0.0,,0.0,0.0,mongenerator-fossil_684_existing,,,,,,,,,,,,,,,
88,0.0,,0.0,,0.0,0.0,mongenerator-fossil_684_existing,,,,,,,,,,,,,,,
89,0.0,,-0.00120115,,0.0,-22.3664,mongenerator-fossil_684_existing,,,,,,,,,,,,,,,
90,0.0,,-0.000388038,,0.0,-45.5866,mongenerator-fossil_684_existing,,,,,,,,,,,,,,,
91,0.0,,0.000223101,,0.0,-34.1276,mongenerator-fossil_684_existing,,,,,,,,,,,,,,,
92,0.0,,-7.27891e-05,,0.0,-33.4461,mongenerator-fossil_684_existing,,,,,,,,,,,,,,,
93,0.0,,-0.000872946,,0.0,-25.3856,mongenerator-fossil_684_existing,,,,,,,,,,,,,,,
94,0.0,,-0.000424936,,0.0,-19.1872,mongenerator-fossil_684_existing,,,,,,,,,,,,,,,
95,0.0,,-0.000236227,,0.0,-5.32792,mongenerator-fossil_684_existing,,,,,,,,,,,,,,,
96,0.0,,0.00013255,,0.0,-2.89683,mongenerator-fossil_684_existing,,,,,,,,,,,,,,,
1,0.0,0.0,0.0,,0.0,,mongenerator-solar_634_existing,,,,,,,,,,,,,,,
2,0.0,0.0,0.0,,0.0,,mongenerator-solar_634_existing,,,,,,,,,,,,,,,
3,0.0,0.0,0.0,,0.0,,mongenerator-solar_634_existing,,,,,,,,,,,,,,,
4,0.0,0.0,0.0,,0.0,,mongenerator-solar_634_existing,,,,,,,,,,,,,,,
5,0.0,0.0,0.0,,0.0,,mongenerator-solar_634_existing,,,,,,,,,,,,,,,
6,0.0,0.0,0.0,,0.0,,mongenerator-solar_634_existing,,,,,,,,,,,,,,,
7,0.0,0.0,0.0,,0.0,,mongenerator-solar_634_existing,,,,,,,,,,,,,,,
8,0.0,0.0,0.0,,0.0,,mongenerator-solar_634_existing,,,,,,,,,,,,,,,
9,0.0,-63.0161,0.000524086,,0.0,,mongenerator-solar_634_existing,,,,,,,,,,,,,,,
10,0.0,-146.698,0.00301153,,0.0,,mongenerator-solar_634_existing,,,,,,,,,,,,,,,
11,0.0,-202.392,0.00211401,,0.0,,mongenerator-solar_634_existing,,,,,,,,,,,,,,,
12,0.0,-237.293,0.0034184,,0.0,,mongenerator-solar_634_existing,,,,,,,,,,,,,,,
13,0.0,-251.793,-0.000852599,,0.0,,mongenerator-solar_634_existing,,,,,,,,,,,,,,,
14,0.0,-239.951,0.00104345,,0.0,,mongenerator-solar_634_existing,,,,,,,,,,,,,,,
15,0.0,-208.501,0.00662166,,0.0,,mongenerator-solar_634_existing,,,,,,,,,,,,,,,
16,0.0,-161.897,-0.00502144,,0.0,,mongenerator-solar_634_existing,,,,,,,,,,,,,,,
17,0.0,-87.7082,-0.000489505,,0.0,,mongenerator-solar_634_existing,,,,,,,,,,,,,,,
18,0.0,-5.85895,-0.000162328,,0.0,,mongenerator-solar_634_existing,,,,,,,,,,,,,,,
19,0.0,0.0,0.0,,0.0,,mongenerator-solar_634_existing,,,,,,,,,,,,,,,
20,0.0,0.0,0.0,,0.0,,mongenerator-solar_634_existing,,,,,,,,,,,,,,,
21,0.0,0.0,0.0,,0.0,,mongenerator-solar_634_existing,,,,,,,,,,,,,,,
22,0.0,0.0,0.0,,0.0,,mongenerator-solar_634_existing,,,,,,,,,,,,,,,
23,0.0,0.0,0.0,,0.0,,mongenerator-solar_634_existing,,,,,,,,,,,,,,,
24,0.0,0.0,0.0,,0.0,,mongenerator-solar_634_existing,,,,,,,,,,,,,,,
25,0.0,0.0,0.0,,0.0,,mongenerator-solar_634_existing,,,,,,,,,,,,,,,
26,0.0,0.0,0.0,,0.0,,mongenerator-solar_634_existing,,,,,,,,,,,,,,,
27,0.0,0.0,0.0,,0.0,,mongenerator-solar_634_existing,,,,,,,,,,,,,,,
28,0.0,0.0,0.0,,0.0,,mongenerator-solar_634_existing,,,,,,,,,,,,,,,
29,0.0,0.0,0.0,,0.0,,mongenerator-solar_634_existing,,,,,,,,,,,,,,,
30,0.0,0.0,0.0,,0.0,,mongenerator-solar_634_existing,,,,,,,,,,,,,,,
31,0.0,0.0,0.0,,0.0,,mongenerator-solar_634_existing,,,,,,,,,,,,,,,
32,0.0,0.0,0.0,,0.0,,mongenerator-solar_634_existing,,,,,,,,,,,,,,,
33,0.0,-23.28,-0.000231762,,0.0,,mongenerator-solar_634_existing,,,,,,,,,,,,,,,
34,0.0,-77.967,-0.00772211,,0.0,,mongenerator-solar_634_existing,,,,,,,,,,,,,,,
35,0.0,-133.68,-0.0345246,,0.0,,mongenerator-solar_634_existing,,,,,,,,,,,,,,,
36,0.0,-164.942,-0.00686659,,0.0,,mongenerator-solar_634_existing,,,,,,,,,,,,,,,
37,0.0,-191.319,3.52499e-05,,0.0,,mongenerator-solar_634_existing,,,,,,,,,,,,,,,
38,0.0,-225.033,-0.00422203,,0.0,,mongenerator-solar_634_existing,,,,,,,,,,,,,,,
39,0.0,-136.828,0.000384019,,0.0,,mongenerator-solar_634_existing,,,,,,,,,,,,,,,
40,0.0,-148.619,-0.00485628,,0.0,,mongenerator-solar_634_existing,,,,,,,,,,,,,,,
41,0.0,-75.438,0.000598008,,0.0,,mongenerator-solar_634_existing,,,,,,,,,,,,,,,
42,0.0,-2.66909,5.96994e-05,,0.0,,mongenerator-solar_634_existing,,,,,,,,,,,,,,,
43,0.0,0.0,0.0,,0.0,,mongenerator-solar_634_existing,,,,,,,,,,,,,,,
44,0.0,0.0,0.0,,0.0,,mongenerator-solar_634_existing,,,,,,,,,,,,,,,
45,0.0,0.0,0.0,,0.0,,mongenerator-solar_634_existing,,,,,,,,,,,,,,,
46,0.0,0.0,0.0,,0.0,,mongenerator-solar_634_existing,,,,,,,,,,,,,,,
47,0.0,0.0,0.0,,0.0,,mongenerator-solar_634_existing,,,,,,,,,,,,,,,
48,0.0,0.0,0.0,,0.0,,mongenerator-solar_634_existing,,,,,,,,,,,,,,,
49,0.0,0.0,0.0,,0.0,,mongenerator-solar_634_existing,,,,,,,,,,,,,,,
50,0.0,0.0,0.0,,0.0,,mongenerator-solar_634_existing,,,,,,,,,,,,,,,
51,0.0,0.0,0.0,,0.0,,mongenerator-solar_634_existing,,,,,,,,,,,,,,,
52,0.0,0.0,0.0,,0.0,,mongenerator-solar_634_existing,,,,,,,,,,,,,,,
53,0.0,0.0,0.0,,0.0,,mongenerator-solar_634_existing,,,,,,,,,,,,,,,
54,0.0,0.0,0.0,,0.0,,mongenerator-solar_634_existing,,,,,,,,,,,,,,,
55,0.0,0.0,0.0,,0.0,,mongenerator-solar_634_existing,,,,,,,,,,,,,,,
56,0.0,0.0,0.0,,0.0,,mongenerator-solar_634_existing,,,,,,,,,,,,,,,
57,0.0,-29.5482,-0.000172773,,0.0,,mongenerator-solar_634_existing,,,,,,,,,,,,,,,
58,0.0,-129.496,-0.000279303,,0.0,,mongenerator-solar_634_existing,,,,,,,,,,,,,,,
59,0.0,-184.061,0.00115483,,0.0,,mongenerator-solar_634_existing,,,,,,,,,,,,,,,
60,0.0,-216.638,-0.000292717,,0.0,,mongenerator-solar_634_existing,,,,,,,,,,,,,,,
61,0.0,-229.792,0.00606757,,0.0,,mongenerator-solar_634_existing,,,,,,,,,,,,,,,
62,0.0,-221.52,-0.00164257,,0.0,,mongenerator-solar_634_existing,,,,,,,,,,,,,,,
63,0.0,-111.162,0.000571183,,0.0,,mongenerator-solar_634_existing,,,,,,,,,,,,,,,
64,0.0,-125.06,0.00225118,,0.0,,mongenerator-solar_634_existing,,,,,,,,,,,,,,,
65,0.0,-60.8457,0.000487317,,0.0,,mongenerator-solar_634_existing,,,,,,,,,,,,,,,
66,0.0,-2.42272,4.1245e-05,,0.0,,mongenerator-solar_634_existing,,,,,,,,,,,,,,,
67,0.0,0.0,0.0,,0.0,,mongenerator-solar_634_existing,,,,,,,,,,,,,,,
68,0.0,0.0,0.0,,0.0,,mongenerator-solar_634_existing,,,,,,,,,,,,,,,
69,0.0,0.0,0.0,,0.0,,mongenerator-solar_634_existing,,,,,,,,,,,,,,,
70,0.0,0.0,0.0,,0.0,,mongenerator-solar_634_existing,,,,,,,,,,,,,,,
71,0.0,0.0,0.0,,0.0,,mongenerator-solar_634_existing,,,,,,,,,,,,,,,
72,0.0,0.0,0.0,,0.0,,mongenerator-solar_634_existing,,,,,,,,,,,,,,,
73,0.0,0.0,0.0,,0.0,,mongenerator-solar_634_existing,,,,,,,,,,,,,,,
74,0.0,0.0,0.0,,0.0,,mongenerator-solar_634_existing,,,,,,,,,,,,,,,
75,0.0,0.0,0.0,,0.0,,mongenerator-solar_634_existing,,,,,,,,,,,,,,,
76,0.0,0.0,0.0,,0.0,,mongenerator-solar_634_existing,,,,,,,,,,,,,,,
77,0.0,0.0,0.0,,0.0,,mongenerator-solar_634_existing,,,,,,,,,,,,,,,
78,0.0,0.0,0.0,,0.0,,mongenerator-solar_634_existing,,,,,,,,,,,,,,,
79,0.0,0.0,0.0,,0.0,,mongenerator-solar_634_existing,,,,,,,,,,,,,,,
80,0.0,0.0,0.0,,0.0,,mongenerator-solar_634_existing,,,,,,,,,,,,,,,
81,0.0,-43.931,-2.50284e-06,,0.0,,mongenerator-solar_634_existing,,,,,,,,,,,,,,,
82,0.0,-129.61,5.15226e-05,,0.0,,mongenerator-solar_634_existing,,,,,,,,,,,,,,,
83,0.0,-187.595,0.00359379,,0.0,,mongenerator-solar_634_existing,,,,,,,,,,,,,,,
84,0.0,-162.18,-9.15802e-05,,0.0,,mongenerator-solar_634_existing,,,,,,,,,,,,,,,
85,0.0,-132.256,-8.95442e-06,,0.0,,mongenerator-solar_634_existing,,,,,,,,,,,,,,,
86,0.0,-86.5485,-1.20448e-05,,0.0,,mongenerator-solar_634_existing,,,,,,,,,,,,,,,
87,0.0,-202.804,1.4717e-06,,0.0,,mongenerator-solar_634_existing,,,,,,,,,,,,,,,
88,0.0,-94.0299,9.23067e-06,,0.0,,mongenerator-solar_634_existing,,,,,,,,,,,,,,,
89,0.0,-51.1294,3.35828e-05,,0.0,,mongenerator-solar_634_existing,,,,,,,,,,,,,,,
90,0.0,-1.96346,-0.000114249,,0.0,,mongenerator-solar_634_existing,,,,,,,,,,,,,,,
91,0.0,0.0,0.0,,0.0,,mongenerator-solar_634_existing,,,,,,,,,,,,,,,
92,0.0,0.0,0.0,,0.0,,mongenerator-solar_634_existing,,,,,,,,,,,,,,,
93,0.0,0.0,0.0,,0.0,,mongenerator-solar_634_existing,,,,,,,,,,,,,,,
94,0.0,0.0,0.0,,0.0,,mongenerator-solar_634_existing,,,,,,,,,,,,,,,
95,0.0,0.0,0.0,,0.0,,mongenerator-solar_634_existing,,,,,,,,,,,,,,,
96,0.0,0.0,0.0,,0.0,,mongenerator-solar_634_existing,,,,,,,,,,,,,,,
1,0.0,0.0,0.0,0.0,0.0,0.0,mongenerator-solar_670,0.0,0.0,0.0,,,,,,,,,,,,
2,0.0,0.0,0.0,0.0,0.0,0.0,mongenerator-solar_670,0.0,0.0,0.0,,,,,,,,,,,,
3,0.0,0.0,0.0,0.0,0.0,0.0,mongenerator-solar_670,0.0,0.0,0.0,,,,,,,,,,,,
4,0.0,0.0,0.0,0.0,0.0,0.0,mongenerator-solar_670,0.0,0.0,0.0,,,,,,,,,,,,
5,0.0,0.0,0.0,0.0,0.0,0.0,mongenerator-solar_670,0.0,0.0,0.0,,,,,,,,,,,,
6,0.0,0.0,0.0,0.0,0.0,0.0,mongenerator-solar_670,0.0,0.0,0.0,,,,,,,,,,,,
7,0.0,0.0,0.0,0.0,0.0,0.0,mongenerator-solar_670,0.0,0.0,0.0,,,,,,,,,,,,
8,0.0,0.0,0.0,0.0,0.0,0.0,mongenerator-solar_670,0.0,0.0,0.0,,,,,,,,,,,,
9,0.0,-382.744,0.000907439,-384.719,0.000700356,-353.906,mongenerator-solar_670,-0.00244743,0.0,0.0,,,,,,,,,,,,
10,0.0,-931.544,0.00970939,-924.446,0.00138098,-872.241,mongenerator-solar_670,-0.00016912,0.0,0.0,,,,,,,,,,,,
11,0.0,-1449.43,0.0180922,-1436.94,0.0157886,-1355.48,mongenerator-solar_670,0.0216782,0.0,0.0,,,,,,,,,,,,
12,0.0,-1712.69,0.0294453,-1695.28,0.0256729,-1603.19,mongenerator-solar_670,0.018587,0.0,0.0,,,,,,,,,,,,
13,0.0,-1826.21,-0.00840116,-1809.12,-0.0074988,-1713.17,mongenerator-solar_670,-0.00870509,0.0,0.0,,,,,,,,,,,,
14,0.0,-1737.67,0.0103659,-1723.29,0.00758244,-1632.16,mongenerator-solar_670,0.00891326,0.0,0.0,,,,,,,,,,,,
15,0.0,-1485.23,0.0319239,-1476.43,0.0129302,-1395.57,mongenerator-solar_670,0.00505547,0.0,0.0,,,,,,,,,,,,
16,0.0,-1082.91,-0.0306745,-1081.0,-0.0132828,-1018.62,mongenerator-solar_670,-0.00869118,0.0,0.0,,,,,,,,,,,,
17,0.0,-534.925,-0.00106085,-538.897,0.000197704,-502.682,mongenerator-solar_670,-0.0258039,0.0,0.0,,,,,,,,,,,,
18,0.0,-32.5599,-0.000398088,-32.5875,1.46547e-05,-30.5258,mongenerator-solar_670,-2.53609e-05,0.0,0.0,,,,,,,,,,,,
19,0.0,0.0,0.0,0.0,0.0,0.0,mongenerator-solar_670,0.0,0.0,0.0,,,,,,,,,,,,
20,0.0,0.0,0.0,0.0,0.0,0.0,mongenerator-solar_670,0.0,0.0,0.0,,,,,,,,,,,,
21,0.0,0.0,0.0,0.0,0.0,0.0,mongenerator-solar_670,0.0,0.0,0.0,,,,,,,,,,,,
22,0.0,0.0,0.0,0.0,0.0,0.0,mongenerator-solar_670,0.0,0.0,0.0,,,,,,,,,,,,
23,0.0,0.0,0.0,0.0,0.0,0.0,mongenerator-solar_670,0.0,0.0,0.0,,,,,,,,,,,,
24,0.0,0.0,0.0,0.0,0.0,0.0,mongenerator-solar_670,0.0,0.0,0.0,,,,,,,,,,,,
25,0.0,0.0,0.0,0.0,0.0,0.0,mongenerator-solar_670,0.0,0.0,0.0,,,,,,,,,,,,
26,0.0,0.0,0.0,0.0,0.0,0.0,mongenerator-solar_670,0.0,0.0,0.0,,,,,,,,,,,,
27,0.0,0.0,0.0,0.0,0.0,0.0,mongenerator-solar_670,0.0,0.0,0.0,,,,,,,,,,,,
28,0.0,0.0,0.0,0.0,0.0,0.0,mongenerator-solar_670,0.0,0.0,0.0,,,,,,,,,,,,
29,0.0,0.0,0.0,0.0,0.0,0.0,mongenerator-solar_670,0.0,0.0,0.0,,,,,,,,,,,,
30,0.0,0.0,0.0,0.0,0.0,0.0,mongenerator-solar_670,0.0,0.0,0.0,,,,,,,,,,,,
31,0.0,0.0,0.0,0.0,0.0,0.0,mongenerator-solar_670,0.0,0.0,0.0,,,,,,,,,,,,
32,0.0,0.0,0.0,0.0,0.0,0.0,mongenerator-solar_670,0.0,0.0,0.0,,,,,,,,,,,,
33,0.0,-129.364,-1.39116e-06,-129.366,-1.09334e-05,-129.309,mongenerator-solar_670,-9.02849e-05,0.0,0.0,,,,,,,,,,,,
34,0.0,-433.269,-0.000777045,-433.267,-0.000150187,-433.064,mongenerator-solar_670,-0.000406584,0.0,0.0,,,,,,,,,,,,
35,0.0,-743.266,-0.00273331,-743.214,-0.000871594,-742.872,mongenerator-solar_670,-0.00302015,0.0,0.0,,,,,,,,,,,,
36,0.0,-917.345,-0.001344,-917.272,-0.000530602,-916.834,mongenerator-solar_670,-0.00076195,0.0,0.0,,,,,,,,,,,,
37,0.0,-1064.16,-1.51616e-06,-1064.04,2.47652e-05,-1063.54,mongenerator-solar_670,0.000296202,0.0,0.0,,,,,,,,,,,,
38,0.0,-1251.88,-0.000839766,-1251.69,-0.000223886,-1251.08,mongenerator-solar_670,-0.00100526,0.0,0.0,,,,,,,,,,,,
39,0.0,-760.808,1.77149e-05,-760.768,1.11739e-05,-760.398,mongenerator-solar_670,0.000144714,0.0,0.0,,,,,,,,,,,,
40,0.0,-826.443,-0.00038989,-826.389,-8.25577e-05,-825.981,mongenerator-solar_670,-0.000357157,0.0,0.0,,,,,,,,,,,,
41,0.0,-419.231,3.34572e-05,-419.237,8.5828e-06,-419.025,mongenerator-solar_670,8.27562e-05,0.0,0.0,,,,,,,,,,,,
42,0.0,-14.8233,3.23364e-06,-14.8259,2.35169e-07,-14.8177,mongenerator-solar_670,2.07296e-06,0.0,0.0,,,,,,,,,,,,
43,0.0,0.0,0.0,0.0,0.0,0.0,mongenerator-solar_670,0.0,0.0,0.0,,,,,,,,,,,,
44,0.0,0.0,0.0,0.0,0.0,0.0,mongenerator-solar_670,0.0,0.0,0.0,,,,,,,,,,,,
45,0.0,0.0,0.0,0.0,0.0,0.0,mongenerator-solar_670,0.0,0.0,0.0,,,,,,,,,,,,
46,0.0,0.0,0.0,0.0,0.0,0.0,mongenerator-solar_670,0.0,0.0,0.0,,,,,,,,,,,,
47,0.0,0.0,0.0,0.0,0.0,0.0,mongenerator-solar_670,0.0,0.0,0.0,,,,,,,,,,,,
48,0.0,0.0,0.0,0.0,0.0,0.0,mongenerator-solar_670,0.0,0.0,0.0,,,,,,,,,,,,
49,0.0,0.0,0.0,0.0,0.0,0.0,mongenerator-solar_670,0.0,0.0,0.0,,,,,,,,,,,,
50,0.0,0.0,0.0,0.0,0.0,0.0,mongenerator-solar_670,0.0,0.0,0.0,,,,,,,,,,,,
51,0.0,0.0,0.0,0.0,0.0,0.0,mongenerator-solar_670,0.0,0.0,0.0,,,,,,,,,,,,
52,0.0,0.0,0.0,0.0,0.0,0.0,mongenerator-solar_670,0.0,0.0,0.0,,,,,,,,,,,,
53,0.0,0.0,0.0,0.0,0.0,0.0,mongenerator-solar_670,0.0,0.0,0.0,,,,,,,,,,,,
54,0.0,0.0,0.0,0.0,0.0,0.0,mongenerator-solar_670,0.0,0.0,0.0,,,,,,,,,,,,
55,0.0,0.0,0.0,0.0,0.0,0.0,mongenerator-solar_670,0.0,0.0,0.0,,,,,,,,,,,,
56,0.0,0.0,0.0,0.0,0.0,0.0,mongenerator-solar_670,0.0,0.0,0.0,,,,,,,,,,,,
57,0.0,-164.213,2.4524e-06,-164.216,-1.13855e-05,-164.135,mongenerator-solar_670,-9.36328e-05,0.0,0.0,,,,,,,,,,,,
58,0.0,-720.002,-1.39484e-05,-719.954,-9.58561e-06,-719.597,mongenerator-solar_670,-0.000132056,0.0,0.0,,,,,,,,,,,,
59,0.0,-1023.81,0.00078005,-1023.68,0.000452185,-1023.2,mongenerator-solar_670,0.00383328,0.0,0.0,,,,,,,,,,,,
60,0.0,-1205.02,-0.000565104,-1204.84,-0.000259779,-1204.3,mongenerator-solar_670,-0.0019281,0.0,0.0,,,,,,,,,,,,
61,0.0,-1278.79,0.000398035,-1278.58,-0.00013584,-1278.02,mongenerator-solar_670,-0.00240174,0.0,0.0,,,,,,,,,,,,
62,0.0,-1232.64,-0.000101093,-1232.44,0.000201163,-1231.87,mongenerator-solar_670,0.00195571,0.0,0.0,,,,,,,,,,,,
63,0.0,-617.965,2.72067e-05,-617.941,1.22967e-05,-617.643,mongenerator-solar_670,0.000166745,0.0,0.0,,,,,,,,,,,,
64,0.0,-695.269,0.000186579,-695.229,0.000154824,-694.89,mongenerator-solar_670,-0.000107169,0.0,0.0,,,,,,,,,,,,
65,0.0,-338.094,2.28684e-05,-338.1,2.38917e-06,-337.934,mongenerator-solar_670,4.89148e-05,0.0,0.0,,,,,,,,,,,,
66,0.0,-13.455,1.90263e-06,-13.4573,-4.67627e-08,-13.45,mongenerator-solar_670,1.17524e-06,0.0,0.0,,,,,,,,,,,,
67,0.0,0.0,0.0,0.0,0.0,0.0,mongenerator-solar_670,0.0,0.0,0.0,,,,,,,,,,,,
68,0.0,0.0,0.0,0.0,0.0,0.0,mongenerator-solar_670,0.0,0.0,0.0,,,,,,,,,,,,
69,0.0,0.0,0.0,0.0,0.0,0.0,mongenerator-solar_670,0.0,0.0,0.0,,,,,,,,,,,,
70,0.0,0.0,0.0,0.0,0.0,0.0,mongenerator-solar_670,0.0,0.0,0.0,,,,,,,,,,,,
71,0.0,0.0,0.0,0.0,0.0,0.0,mongenerator-solar_670,0.0,0.0,0.0,,,,,,,,,,,,
72,0.0,0.0,0.0,0.0,0.0,0.0,mongenerator-solar_670,0.0,0.0,0.0,,,,,,,,,,,,
73,0.0,0.0,0.0,0.0,0.0,0.0,mongenerator-solar_670,0.0,0.0,0.0,,,,,,,,,,,,
74,0.0,0.0,0.0,0.0,0.0,0.0,mongenerator-solar_670,0.0,0.0,0.0,,,,,,,,,,,,
75,0.0,0.0,0.0,0.0,0.0,0.0,mongenerator-solar_670,0.0,0.0,0.0,,,,,,,,,,,,
76,0.0,0.0,0.0,0.0,0.0,0.0,mongenerator-solar_670,0.0,0.0,0.0,,,,,,,,,,,,
77,0.0,0.0,0.0,0.0,0.0,0.0,mongenerator-solar_670,0.0,0.0,0.0,,,,,,,,,,,,
78,0.0,0.0,0.0,0.0,0.0,0.0,mongenerator-solar_670,0.0,0.0,0.0,,,,,,,,,,,,
79,0.0,0.0,0.0,0.0,0.0,0.0,mongenerator-solar_670,0.0,0.0,0.0,,,,,,,,,,,,
80,0.0,0.0,0.0,0.0,0.0,0.0,mongenerator-solar_670,0.0,0.0,0.0,,,,,,,,,,,,
81,0.0,-269.0,-1.13399e-05,-264.226,-8.43041e-05,-243.202,mongenerator-solar_670,-0.00894243,0.0,0.0,,,,,,,,,,,,
82,0.0,-818.285,0.000322101,-808.101,-0.000157285,-737.739,mongenerator-solar_670,0.0257598,0.0,0.0,,,,,,,,,,,,
83,0.0,-1275.47,0.00746801,-1252.22,0.000949024,-1162.57,mongenerator-solar_670,0.00229351,0.0,0.0,,,,,,,,,,,,
84,0.0,-1081.47,-0.000417048,-1067.95,3.85099e-05,-986.805,mongenerator-solar_670,0.0179215,0.0,0.0,,,,,,,,,,,,
85,0.0,-847.314,-0.000194113,-840.057,-0.000213573,-770.25,mongenerator-solar_670,0.00778062,0.0,0.0,,,,,,,,,,,,
86,0.0,-518.593,-6.9861e-05,-516.824,-7.68049e-05,-472.629,mongenerator-solar_670,-0.00817954,0.0,0.0,,,,,,,,,,,,
87,0.0,-1387.56,-0.000736423,-1363.79,0.000877796,-1257.68,mongenerator-solar_670,0.0363827,0.0,0.0,,,,,,,,,,,,
88,0.0,-569.122,6.27375e-05,-566.649,5.7669e-05,-508.347,mongenerator-solar_670,0.00646658,0.0,0.0,,,,,,,,,,,,
89,0.0,-293.861,0.000215607,-290.281,-8.20276e-05,-265.752,mongenerator-solar_670,-0.00785154,0.0,0.0,,,,,,,,,,,,
90,0.0,-10.6195,-0.000291608,-10.669,-8.8321e-05,-9.66473,mongenerator-solar_670,-6.67812e-05,0.0,0.0,,,,,,,,,,,,
91,0.0,0.0,0.0,0.0,0.0,0.0,mongenerator-solar_670,0.0,0.0,0.0,,,,,,,,,,,,
92,0.0,0.0,0.0,0.0,0.0,0.0,mongenerator-solar_670,0.0,0.0,0.0,,,,,,,,,,,,
93,0.0,0.0,0.0,0.0,0.0,0.0,mongenerator-solar_670,0.0,0.0,0.0,,,,,,,,,,,,
94,0.0,0.0,0.0,0.0,0.0,0.0,mongenerator-solar_670,0.0,0.0,0.0,,,,,,,,,,,,
95,0.0,0.0,0.0,0.0,0.0,0.0,mongenerator-solar_670,0.0,0.0,0.0,,,,,,,,,,,,
96,0.0,0.0,0.0,0.0,0.0,0.0,mongenerator-solar_670,0.0,0.0,0.0,,,,,,,,,,,,
1,0.0,0.0,0.0,0.0,0.0,0.0,mongenerator-solar_675_existing,0.0,0.0,0.0,,,,,,,,,,,,
2,0.0,0.0,0.0,0.0,0.0,0.0,mongenerator-solar_675_existing,0.0,0.0,0.0,,,,,,,,,,,,
3,0.0,0.0,0.0,0.0,0.0,0.0,mongenerator-solar_675_existing,0.0,0.0,0.0,,,,,,,,,,,,
4,0.0,0.0,0.0,0.0,0.0,0.0,mongenerator-solar_675_existing,0.0,0.0,0.0,,,,,,,,,,,,
5,0.0,0.0,0.0,0.0,0.0,0.0,mongenerator-solar_675_existing,0.0,0.0,0.0,,,,,,,,,,,,
6,0.0,0.0,0.0,0.0,0.0,0.0,mongenerator-solar_675_existing,0.0,0.0,0.0,,,,,,,,,,,,
7,0.0,0.0,0.0,0.0,0.0,0.0,mongenerator-solar_675_existing,0.0,0.0,0.0,,,,,,,,,,,,
8,0.0,0.0,0.0,0.0,0.0,0.0,mongenerator-solar_675_existing,0.0,0.0,0.0,,,,,,,,,,,,
9,0.0,-107.26,0.000212857,-104.302,0.000403627,-96.4356,mongenerator-solar_675_existing,-0.00109108,0.0,0.0,,,,,,,,,,,,
10,0.0,-261.989,0.00287947,-251.34,0.00038435,-239.352,mongenerator-solar_675_existing,-0.000113368,0.0,0.0,,,,,,,,,,,,
11,0.0,-408.516,0.00544718,-391.518,0.0043866,-373.667,mongenerator-solar_675_existing,0.00615069,0.0,0.0,,,,,,,,,,,,
12,0.0,-483.604,0.00890495,-462.258,0.00721005,-442.778,mongenerator-solar_675_existing,0.00520213,0.0,0.0,,,,,,,,,,,,
13,0.0,-516.019,-0.00269845,-493.475,-0.00176331,-473.529,mongenerator-solar_675_existing,-0.00252881,0.0,0.0,,,,,,,,,,,,
14,0.0,-490.658,0.00327046,-470.01,0.00166878,-450.97,mongenerator-solar_675_existing,0.00266526,0.0,0.0,,,,,,,,,,,,
15,0.0,-418.669,0.0094128,-402.421,0.00383122,-384.975,mongenerator-solar_675_existing,0.00126344,0.0,0.0,,,,,,,,,,,,
16,0.0,-304.349,-0.00919809,-294.297,-0.00362511,-280.201,mongenerator-solar_675_existing,-0.00245016,0.0,0.0,,,,,,,,,,,,
17,0.0,-149.772,-0.000439088,-146.355,0.0017379,-137.504,mongenerator-solar_675_existing,-0.0114642,0.0,0.0,,,,,,,,,,,,
18,0.0,-9.07625,-0.000137132,-8.82041,7.05795e-06,-8.29545,mongenerator-solar_675_existing,-1.23218e-06,0.0,0.0,,,,,,,,,,,,
19,0.0,0.0,0.0,0.0,0.0,0.0,mongenerator-solar_675_existing,0.0,0.0,0.0,,,,,,,,,,,,
20,0.0,0.0,0.0,0.0,0.0,0.0,mongenerator-solar_675_existing,0.0,0.0,0.0,,,,,,,,,,,,
21,0.0,0.0,0.0,0.0,0.0,0.0,mongenerator-solar_675_existing,0.0,0.0,0.0,,,,,,,,,,,,
22,0.0,0.0,0.0,0.0,0.0,0.0,mongenerator-solar_675_existing,0.0,0.0,0.0,,,,,,,,,,,,
23,0.0,0.0,0.0,0.0,0.0,0.0,mongenerator-solar_675_existing,0.0,0.0,0.0,,,,,,,,,,,,
24,0.0,0.0,0.0,0.0,0.0,0.0,mongenerator-solar_675_existing,0.0,0.0,0.0,,,,,,,,,,,,
25,0.0,0.0,0.0,0.0,0.0,0.0,mongenerator-solar_675_existing,0.0,0.0,0.0,,,,,,,,,,,,
26,0.0,0.0,0.0,0.0,0.0,0.0,mongenerator-solar_675_existing,0.0,0.0,0.0,,,,,,,,,,,,
27,0.0,0.0,0.0,0.0,0.0,0.0,mongenerator-solar_675_existing,0.0,0.0,0.0,,,,,,,,,,,,
28,0.0,0.0,0.0,0.0,0.0,0.0,mongenerator-solar_675_existing,0.0,0.0,0.0,,,,,,,,,,,,
29,0.0,0.0,0.0,0.0,0.0,0.0,mongenerator-solar_675_existing,0.0,0.0,0.0,,,,,,,,,,,,
30,0.0,0.0,0.0,0.0,0.0,0.0,mongenerator-solar_675_existing,0.0,0.0,0.0,,,,,,,,,,,,
31,0.0,0.0,0.0,0.0,0.0,0.0,mongenerator-solar_675_existing,0.0,0.0,0.0,,,,,,,,,,,,
32,0.0,0.0,0.0,0.0,0.0,0.0,mongenerator-solar_675_existing,0.0,0.0,0.0,,,,,,,,,,,,
33,0.0,-36.3226,0.000164528,-34.8117,0.000188605,-34.8994,mongenerator-solar_675_existing,-0.000812904,0.0,0.0,,,,,,,,,,,,
34,0.0,-122.171,-0.00304133,-116.714,0.000427445,-117.136,mongenerator-solar_675_existing,-0.0023449,0.0,0.0,,,,,,,,,,,,
35,0.0,-210.27,-0.00683792,-200.554,0.00397873,-201.638,mongenerator-solar_675_existing,-0.0225921,0.0,0.0,,,,,,,,,,,,
36,0.0,-260.165,-0.00848472,-247.638,-0.000497156,-249.127,mongenerator-solar_675_existing,-0.00274417,0.0,0.0,,,,,,,,,,,,
37,0.0,-302.216,-0.000166384,-287.552,-0.000708907,-289.586,mongenerator-solar_675_existing,0.00249906,0.0,0.0,,,,,,,,,,,,
38,0.0,-356.393,-0.00562808,-338.472,0.00153593,-341.127,mongenerator-solar_675_existing,-0.00665664,0.0,0.0,,,,,,,,,,,,
39,0.0,-215.407,-8.3733e-05,-205.225,-0.00035801,-206.292,mongenerator-solar_675_existing,0.00123635,0.0,0.0,,,,,,,,,,,,
40,0.0,-234.174,-0.00114393,-222.982,0.000631079,-224.204,mongenerator-solar_675_existing,-0.00265994,0.0,0.0,,,,,,,,,,,,
41,0.0,-118.235,1.64987e-05,-112.864,-0.000204924,-113.216,mongenerator-solar_675_existing,0.00067465,0.0,0.0,,,,,,,,,,,,
42,0.0,-4.16063,2.91511e-06,-3.98351,-5.62419e-06,-3.98793,mongenerator-solar_675_existing,1.60469e-05,0.0,0.0,,,,,,,,,,,,
43,0.0,0.0,0.0,0.0,0.0,0.0,mongenerator-solar_675_existing,0.0,0.0,0.0,,,,,,,,,,,,
44,0.0,0.0,0.0,0.0,0.0,0.0,mongenerator-solar_675_existing,0.0,0.0,0.0,,,,,,,,,,,,
45,0.0,0.0,0.0,0.0,0.0,0.0,mongenerator-solar_675_existing,0.0,0.0,0.0,,,,,,,,,,,,
46,0.0,0.0,0.0,0.0,0.0,0.0,mongenerator-solar_675_existing,0.0,0.0,0.0,,,,,,,,,,,,
47,0.0,0.0,0.0,0.0,0.0,0.0,mongenerator-solar_675_existing,0.0,0.0,0.0,,,,,,,,,,,,
48,0.0,0.0,0.0,0.0,0.0,0.0,mongenerator-solar_675_existing,0.0,0.0,0.0,,,,,,,,,,,,
49,0.0,0.0,0.0,0.0,0.0,0.0,mongenerator-solar_675_existing,0.0,0.0,0.0,,,,,,,,,,,,
50,0.0,0.0,0.0,0.0,0.0,0.0,mongenerator-solar_675_existing,0.0,0.0,0.0,,,,,,,,,,,,
51,0.0,0.0,0.0,0.0,0.0,0.0,mongenerator-solar_675_existing,0.0,0.0,0.0,,,,,,,,,,,,
52,0.0,0.0,0.0,0.0,0.0,0.0,mongenerator-solar_675_existing,0.0,0.0,0.0,,,,,,,,,,,,
53,0.0,0.0,0.0,0.0,0.0,0.0,mongenerator-solar_675_existing,0.0,0.0,0.0,,,,,,,,,,,,
54,0.0,0.0,0.0,0.0,0.0,0.0,mongenerator-solar_675_existing,0.0,0.0,0.0,,,,,,,,,,,,
55,0.0,0.0,0.0,0.0,0.0,0.0,mongenerator-solar_675_existing,0.0,0.0,0.0,,,,,,,,,,,,
56,0.0,0.0,0.0,0.0,0.0,0.0,mongenerator-solar_675_existing,0.0,0.0,0.0,,,,,,,,,,,,
57,0.0,-46.1707,0.000172678,-44.1688,0.000196252,-44.2621,mongenerator-solar_675_existing,-0.000843069,0.0,0.0,,,,,,,,,,,,
58,0.0,-203.784,6.1617e-05,-194.146,0.000332037,-195.087,mongenerator-solar_675_existing,-0.00112474,0.0,0.0,,,,,,,,,,,,
59,0.0,-290.547,0.00348011,-276.605,-0.00853111,-278.513,mongenerator-solar_675_existing,0.0303978,0.0,0.0,,,,,,,,,,,,
60,0.0,-342.644,-0.00361026,-325.855,0.0036615,-328.42,mongenerator-solar_675_existing,-0.0150531,0.0,0.0,,,,,,,,,,,,
61,0.0,-363.723,0.000341475,-346.078,0.00604213,-349.056,mongenerator-solar_675_existing,-0.0215459,0.0,0.0,,,,,,,,,,,,
62,0.0,-350.612,-0.000430797,-333.344,-0.00510001,-336.008,mongenerator-solar_675_existing,0.0166643,0.0,0.0,,,,,,,,,,,,
63,0.0,-174.612,0.000153853,-166.598,-0.000503475,-167.353,mongenerator-solar_675_existing,0.00136792,0.0,0.0,,,,,,,,,,,,
64,0.0,-196.635,0.000851691,-187.485,0.000952801,-188.394,mongenerator-solar_675_existing,-0.00152927,0.0,0.0,,,,,,,,,,,,
65,0.0,-95.2044,8.05333e-05,-91.0051,-0.000177323,-91.2676,mongenerator-solar_675_existing,0.00040709,0.0,0.0,,,,,,,,,,,,
66,0.0,-3.77481,3.63898e-06,-3.61689,-6.29783e-06,-3.62188,mongenerator-solar_675_existing,1.04818e-05,0.0,0.0,,,,,,,,,,,,
67,0.0,0.0,0.0,0.0,0.0,0.0,mongenerator-solar_675_existing,0.0,0.0,0.0,,,,,,,,,,,,
68,0.0,0.0,0.0,0.0,0.0,0.0,mongenerator-solar_675_existing,0.0,0.0,0.0,,,,,,,,,,,,
69,0.0,0.0,0.0,0.0,0.0,0.0,mongenerator-solar_675_existing,0.0,0.0,0.0,,,,,,,,,,,,
70,0.0,0.0,0.0,0.0,0.0,0.0,mongenerator-solar_675_existing,0.0,0.0,0.0,,,,,,,,,,,,
71,0.0,0.0,0.0,0.0,0.0,0.0,mongenerator-solar_675_existing,0.0,0.0,0.0,,,,,,,,,,,,
72,0.0,0.0,0.0,0.0,0.0,0.0,mongenerator-solar_675_existing,0.0,0.0,0.0,,,,,,,,,,,,
73,0.0,0.0,0.0,0.0,0.0,0.0,mongenerator-solar_675_existing,0.0,0.0,0.0,,,,,,,,,,,,
74,0.0,0.0,0.0,0.0,0.0,0.0,mongenerator-solar_675_existing,0.0,0.0,0.0,,,,,,,,,,,,
75,0.0,0.0,0.0,0.0,0.0,0.0,mongenerator-solar_675_existing,0.0,0.0,0.0,,,,,,,,,,,,
76,0.0,0.0,0.0,0.0,0.0,0.0,mongenerator-solar_675_existing,0.0,0.0,0.0,,,,,,,,,,,,
77,0.0,0.0,0.0,0.0,0.0,0.0,mongenerator-solar_675_existing,0.0,0.0,0.0,,,,,,,,,,,,
78,0.0,0.0,0.0,0.0,0.0,0.0,mongenerator-solar_675_existing,0.0,0.0,0.0,,,,,,,,,,,,
79,0.0,0.0,0.0,0.0,0.0,0.0,mongenerator-solar_675_existing,0.0,0.0,0.0,,,,,,,,,,,,
80,0.0,0.0,0.0,0.0,0.0,0.0,mongenerator-solar_675_existing,0.0,0.0,0.0,,,,,,,,,,,,
81,0.0,-75.6956,-6.84216e-05,-71.2793,0.000480723,-65.6065,mongenerator-solar_675_existing,-0.00379041,0.0,0.0,,,,,,,,,,,,
82,0.0,-231.422,0.000346016,-218.53,-0.00143317,-200.116,mongenerator-solar_675_existing,0.0105327,0.0,0.0,,,,,,,,,,,,
83,0.0,-361.131,0.00226722,-339.439,0.000149103,-317.385,mongenerator-solar_675_existing,0.000618799,0.0,0.0,,,,,,,,,,,,
84,0.0,-305.911,1.15399e-05,-289.242,-0.00109596,-268.783,mongenerator-solar_675_existing,0.00784904,0.0,0.0,,,,,,,,,,,,
85,0.0,-239.481,4.64599e-05,-227.301,-0.000681381,-209.219,mongenerator-solar_675_existing,0.00371291,0.0,0.0,,,,,,,,,,,,
86,0.0,-146.533,-0.000140306,-139.48,0.000752046,-127.635,mongenerator-solar_675_existing,-0.00427723,0.0,0.0,,,,,,,,,,,,
87,0.0,-393.692,-0.000632314,-369.601,0.000370788,-343.194,mongenerator-solar_675_existing,0.0104232,0.0,0.0,,,,,,,,,,,,
88,0.0,-161.009,0.000108029,-152.922,-0.000436507,-137.147,mongenerator-solar_675_existing,0.00291814,0.0,0.0,,,,,,,,,,,,
89,0.0,-82.9457,-1.94587e-05,-78.1697,0.000544783,-71.4316,mongenerator-solar_675_existing,-0.0036056,0.0,0.0,,,,,,,,,,,,
90,0.0,-2.98745,-9.80364e-05,-2.86972,-3.34403e-05,-2.58848,mongenerator-solar_675_existing,-1.94661e-05,0.0,0.0,,,,,,,,,,,,
91,0.0,0.0,0.0,0.0,0.0,0.0,mongenerator-solar_675_existing,0.0,0.0,0.0,,,,,,,,,,,,
92,0.0,0.0,0.0,0.0,0.0,0.0,mongenerator-solar_675_existing,0.0,0.0,0.0,,,,,,,,,,,,
93,0.0,0.0,0.0,0.0,0.0,0.0,mongenerator-solar_675_existing,0.0,0.0,0.0,,,,,,,,,,,,
94,0.0,0.0,0.0,0.0,0.0,0.0,mongenerator-solar_675_existing,0.0,0.0,0.0,,,,,,,,,,,,
95,0.0,0.0,0.0,0.0,0.0,0.0,mongenerator-solar_675_existing,0.0,0.0,0.0,,,,,,,,,,,,
96,0.0,0.0,0.0,0.0,0.0,0.0,mongenerator-solar_675_existing,0.0,0.0,0.0,,,,,,,,,,,,
1,0.0,5.7318719878e-09,,5.736243227400001e-09,,5.766313513e-09,monvsource-lead_gen_670,,,,2401.78,1.93663e-08,2401.78,-120.0,2401.78,120.0,2.38651e-09,180.0,2.38833e-09,59.2159,2.40085e-09,-59.3936
2,0.0,5.7318719878e-09,,5.736243227400001e-09,,5.766313513e-09,monvsource-lead_gen_670,,,,2401.78,1.93663e-08,2401.78,-120.0,2401.78,120.0,2.38651e-09,180.0,2.38833e-09,59.2159,2.40085e-09,-59.3936
3,0.0,5.7318719878e-09,,5.736243227400001e-09,,5.766313513e-09,monvsource-lead_gen_670,,,,2401.78,1.93663e-08,2401.78,-120.0,2401.78,120.0,2.38651e-09,180.0,2.38833e-09,59.2159,2.40085e-09,-59.3936
4,0.0,5.7318719878e-09,,5.736243227400001e-09,,5.766313513e-09,monvsource-lead_gen_670,,,,2401.78,1.93663e-08,2401.78,-120.0,2401.78,120.0,2.38651e-09,180.0,2.38833e-09,59.2159,2.40085e-09,-59.3936
5,0.0,5.7318719878e-09,,5.736243227400001e-09,,5.766313513e-09,monvsource-lead_gen_670,,,,2401.78,1.93663e-08,2401.78,-120.0,2401.78,120.0,2.38651e-09,180.0,2.38833e-09,59.2159,2.40085e-09,-59.3936
6,0.0,5.7318719878e-09,,5.736243227400001e-09,,5.766313513e-09,monvsource-lead_gen_670,,,,2401.78,1.93663e-08,2401.78,-120.0,2401.78,120.0,2.38651e-09,180.0,2.38833e-09,59.2159,2.40085e-09,-59.3936
7,0.0,5.7318719878e-09,,5.736243227400001e-09,,5.766313513e-09,monvsource-lead_gen_670,,,,2401.78,1.93663e-08,2401.78,-120.0,2401.78,120.0,2.38651e-09,180.0,2.38833e-09,59.2159,2.40085e-09,-59.3936
8,0.0,5.7318719878e-09,,5.736243227400001e-09,,5.766313513e-09,monvsource-lead_gen_670,,,,2401.78,1.93663e-08,2401.78,-120.0,2401.78,120.0,2.38651e-09,180.0,2.38833e-09,59.2159,2.40085e-09,-59.3936
9,0.0,5.7318719878e-09,,5.736243227400001e-09,,5.766313513e-09,monvsource-lead_gen_670,,,,2401.78,1.93663e-08,2401.78,-120.0,2401.78,120.0,2.38651e-09,180.0,2.38833e-09,59.2159,2.40085e-09,-59.3936
10,0.0,5.7318719878e-09,,5.736243227400001e-09,,5.766313513e-09,monvsource-lead_gen_670,,,,2401.78,1.93663e-08,2401.78,-120.0,2401.78,120.0,2.38651e-09,180.0,2.38833e-09,59.2159,2.40085e-09,-59.3936
11,0.0,5.7318719878e-09,,5.736243227400001e-09,,5.766313513e-09,monvsource-lead_gen_670,,,,2401.78,1.93663e-08,2401.78,-120.0,2401.78,120.0,2.38651e-09,180.0,2.38833e-09,59.2159,2.40085e-09,-59.3936
12,0.0,5.7318719878e-09,,5.736243227400001e-09,,5.766313513e-09,monvsource-lead_gen_670,,,,2401.78,1.93663e-08,2401.78,-120.0,2401.78,120.0,2.38651e-09,180.0,2.38833e-09,59.2159,2.40085e-09,-59.3936
13,0.0,5.7318719878e-09,,5.736243227400001e-09,,5.766313513e-09,monvsource-lead_gen_670,,,,2401.78,1.93663e-08,2401.78,-120.0,2401.78,120.0,2.38651e-09,180.0,2.38833e-09,59.2159,2.40085e-09,-59.3936
14,0.0,5.7318719878e-09,,5.736243227400001e-09,,5.766313513e-09,monvsource-lead_gen_670,,,,2401.78,1.93663e-08,2401.78,-120.0,2401.78,120.0,2.38651e-09,180.0,2.38833e-09,59.2159,2.40085e-09,-59.3936
15,0.0,5.7318719878e-09,,5.736243227400001e-09,,5.766313513e-09,monvsource-lead_gen_670,,,,2401.78,1.93663e-08,2401.78,-120.0,2401.78,120.0,2.38651e-09,180.0,2.38833e-09,59.2159,2.40085e-09,-59.3936
16,0.0,5.7318719878e-09,,5.736243227400001e-09,,5.766313513e-09,monvsource-lead_gen_670,,,,2401.78,1.93663e-08,2401.78,-120.0,2401.78,120.0,2.38651e-09,180.0,2.38833e-09,59.2159,2.40085e-09,-59.3936
17,0.0,5.7318719878e-09,,5.736243227400001e-09,,5.766313513e-09,monvsource-lead_gen_670,,,,2401.78,1.93663e-08,2401.78,-120.0,2401.78,120.0,2.38651e-09,180.0,2.38833e-09,59.2159,2.40085e-09,-59.3936
18,0.0,5.7318719878e-09,,5.736243227400001e-09,,5.766313513e-09,monvsource-lead_gen_670,,,,2401.78,1.93663e-08,2401.78,-120.0,2401.78,120.0,2.38651e-09,180.0,2.38833e-09,59.2159,2.40085e-09,-59.3936
19,0.0,5.7318719878e-09,,5.736243227400001e-09,,5.766313513e-09,monvsource-lead_gen_670,,,,2401.78,1.93663e-08,2401.78,-120.0,2401.78,120.0,2.38651e-09,180.0,2.38833e-09,59.2159,2.40085e-09,-59.3936
20,0.0,5.7318719878e-09,,5.736243227400001e-09,,5.766313513e-09,monvsource-lead_gen_670,,,,2401.78,1.93663e-08,2401.78,-120.0,2401.78,120.0,2.38651e-09,180.0,2.38833e-09,59.2159,2.40085e-09,-59.3936
21,0.0,5.7318719878e-09,,5.736243227400001e-09,,5.766313513e-09,monvsource-lead_gen_670,,,,2401.78,1.93663e-08,2401.78,-120.0,2401.78,120.0,2.38651e-09,180.0,2.38833e-09,59.2159,2.40085e-09,-59.3936
22,0.0,5.7318719878e-09,,5.736243227400001e-09,,5.766313513e-09,monvsource-lead_gen_670,,,,2401.78,1.93663e-08,2401.78,-120.0,2401.78,120.0,2.38651e-09,180.0,2.38833e-09,59.2159,2.40085e-09,-59.3936
23,0.0,5.7318719878e-09,,5.736243227400001e-09,,5.766313513e-09,monvsource-lead_gen_670,,,,2401.78,1.93663e-08,2401.78,-120.0,2401.78,120.0,2.38651e-09,180.0,2.38833e-09,59.2159,2.40085e-09,-59.3936
24,0.0,5.7318719878e-09,,5.736243227400001e-09,,5.766313513e-09,monvsource-lead_gen_670,,,,2401.78,1.93663e-08,2401.78,-120.0,2401.78,120.0,2.38651e-09,180.0,2.38833e-09,59.2159,2.40085e-09,-59.3936
25,0.0,306.88856224,,299.99701218,,617.12891604,monvsource-lead_gen_670,,,,2402.24,-0.0247371,2402.34,-120.023,2402.28,119.95,127.751,-139.105,124.877,101.766,256.893,-32.1371
26,0.0,306.15587903999995,,305.45032398000006,,621.5539158,monvsource-lead_gen_670,,,,2402.24,-0.0246775,2402.34,-120.024,2402.28,119.949,127.446,-138.939,127.147,100.856,258.735,-32.3442
27,0.0,306.79247263999997,,308.34145782999997,,622.3274499600001,monvsource-lead_gen_670,,,,2402.24,-0.0247505,2402.33,-120.024,2402.28,119.949,127.711,-139.031,128.351,100.392,259.057,-32.3652
28,0.0,259.2898482,,261.68033075,,563.63460846,monvsource-lead_gen_670,,,,2402.3,-0.019078,2402.39,-120.018,2402.34,119.955,107.934,-129.093,108.925,109.799,234.619,-29.1719
29,0.0,271.15014816,,271.76075918999993,,636.8434329599999,monvsource-lead_gen_670,,,,2402.28,-0.0207747,2402.39,-120.02,2402.24,119.948,112.872,-132.075,113.121,107.298,265.104,-33.5391
30,0.0,275.31695789,,286.24238549999995,,663.2453765800001,monvsource-lead_gen_670,,,,2402.27,-0.0213746,2402.37,-120.021,2402.21,119.946,114.607,-133.021,119.15,104.206,276.098,-34.8299
31,0.0,324.39203618999994,,422.3161942399999,,830.0161989000001,monvsource-lead_gen_670,,,,2402.21,-0.0274227,2402.24,-120.035,2401.98,119.931,135.039,-141.855,175.801,87.9081,345.555,-41.1442
32,0.0,330.95692287,,415.22343422000006,,904.5181475400001,monvsource-lead_gen_670,,,,2402.19,-0.028267,2402.26,-120.035,2401.89,119.925,137.773,-142.687,172.847,88.4655,376.586,-43.2386
33,0.0,266.35131277,,207.695590613,,490.83865416000003,monvsource-lead_gen_670,,,,2402.57,0.00838739,2402.63,-119.999,2402.28,119.962,110.861,-48.5877,86.4451,167.994,204.322,-27.8066
34,0.0,333.14904635,,239.81156484,,457.9302384,monvsource-lead_gen_670,,,,2402.65,0.0155925,2402.7,-119.993,2402.32,119.966,138.659,-37.2313,99.8092,-175.477,190.62,-24.7048
35,0.0,753.0036571199998,,573.32926398,,272.83986563999997,monvsource-lead_gen_670,,,,2403.06,0.0535845,2403.06,-119.959,2402.69,120.0,313.352,-15.6467,238.583,-140.082,113.556,36.7556
36,0.0,974.7670625200001,,779.42204,,357.06019028000003,monvsource-lead_gen_670,,,,2403.26,0.0724878,2403.25,-119.941,2402.86,120.016,405.602,-12.0042,324.32,-134.559,148.598,70.398
37,0.0,1078.51532925,,853.3468324,,415.348179,monvsource-lead_gen_670,,,,2403.35,0.0811644,2403.32,-119.935,2402.94,120.023,448.755,-10.829,355.07,-133.234,172.85,78.5062
38,0.0,1187.4076483499998,,921.9846356,,466.30741846999996,monvsource-lead_gen_670,,,,2403.45,0.0901901,2403.38,-119.929,2402.99,120.028,494.043,-9.79292,383.62,-132.164,194.053,83.6023
39,0.0,765.6950002400001,,596.925072,,271.79709818000003,monvsource-lead_gen_670,,,,2403.07,0.0546799,2403.08,-119.957,2402.69,120.0,318.632,-15.3713,248.4,-139.25,113.122,37.4716
40,0.0,859.1549628,,675.5114538800001,,293.154722,monvsource-lead_gen_670,,,,2403.15,0.0626343,2403.16,-119.95,2402.75,120.006,357.512,-13.6694,281.093,-136.913,122.008,52.799
41,0.0,306.86502902,,228.681306668,,496.55401354,monvsource-lead_gen_670,,,,2402.62,0.0127806,2402.69,-119.995,2402.27,119.962,127.721,-40.9977,95.1772,-179.834,206.702,-28.1488
42,0.0,408.00600192,,396.44346384000005,,960.4341730799998,monvsource-lead_gen_670,,,,2402.07,-0.0357647,2402.28,-120.033,2401.83,119.92,169.856,-151.356,165.028,89.9915,399.876,-44.6714
43,0.0,401.61743755000003,,373.23984132,,850.44263682,monvsource-lead_gen_670,,,,2402.09,-0.0348392,2402.28,-120.031,2401.98,119.929,167.195,-150.852,155.369,92.1496,354.059,-41.7146
44,0.0,391.9098213,,374.58031356000004,,851.5139199,monvsource-lead_gen_670,,,,2402.1,-0.0339467,2402.28,-120.031,2401.98,119.929,163.153,-149.937,155.927,92.0153,354.505,-41.7526
45,0.0,359.15025080000004,,355.6220782,,777.12008847,monvsource-lead_gen_670,,,,2402.15,-0.0306174,2402.3,-120.029,2402.07,119.936,149.512,-146.592,148.034,93.9871,323.521,-39.4082
46,0.0,294.25277983999996,,331.60664352000003,,721.05877312,monvsource-lead_gen_670,,,,2402.24,-0.0238094,2402.32,-120.026,2402.12,119.941,122.491,-137.111,138.036,96.8458,300.176,-37.4871
47,0.0,240.39295543999998,,246.21303854999996,,611.13013948,monvsource-lead_gen_670,,,,2402.32,-0.016641,2402.43,-120.016,2402.26,119.951,100.067,-123.055,102.485,114.213,254.398,-32.4213
48,0.0,266.6170458,,256.47061440000004,,600.0343870400001,monvsource-lead_gen_670,,,,2402.28,-0.0201155,2402.4,-120.018,2402.29,119.952,110.985,-131.15,106.756,111.163,249.776,-31.61
49,0.0,275.3253108,,278.12113022000005,,617.09031306,monvsource-lead_gen_670,,,,2402.28,-0.0212136,2402.38,-120.02,2402.27,119.95,114.61,-133.024,115.769,105.912,256.878,-32.3756
50,0.0,277.68799838,,284.22919944,,620.82584291,monvsource-lead_gen_670,,,,2402.27,-0.0215052,2402.37,-120.021,2402.27,119.95,115.594,-133.513,118.312,104.655,258.433,-32.5244
51,0.0,280.67161772,,288.48499824000004,,619.57666251,monvsource-lead_gen_670,,,,2402.27,-0.021852,2402.36,-120.022,2402.27,119.95,116.836,-134.157,120.084,103.824,257.913,-32.4199
52,0.0,277.05735468000006,,288.86457112000005,,615.87476444,monvsource-lead_gen_670,,,,2402.28,-0.0214273,2402.36,-120.022,2402.27,119.95,115.331,-133.377,120.242,103.744,256.372,-32.2427
53,0.0,279.94256458,,284.7420895,,666.2838007999999,monvsource-lead_gen_670,,,,2402.26,-0.0219202,2402.38,-120.021,2402.2,119.946,116.533,-134.074,118.525,104.501,277.364,-34.9913
54,0.0,284.253438,,292.52698541999996,,695.99993146,monvsource-lead_gen_670,,,,2402.25,-0.0225122,2402.37,-120.022,2402.17,119.943,118.328,-134.956,121.766,103.002,289.738,-36.3097
55,0.0,334.82204658,,428.83106912,,862.0778834600001,monvsource-lead_gen_670,,,,2402.19,-0.028573,2402.24,-120.036,2401.94,119.928,139.382,-143.297,178.513,87.441,358.909,-42.0682
56,0.0,336.50217876,,415.73511560000003,,935.4941546499999,monvsource-lead_gen_670,,,,2402.18,-0.0289035,2402.26,-120.035,2401.85,119.922,140.082,-143.408,173.06,88.4365,389.489,-44.0006
57,0.0,339.22775085,,255.03190895999998,,442.52656256000006,monvsource-lead_gen_670,,,,2402.65,0.0163865,2402.72,-119.991,2402.32,119.967,141.189,-36.2085,106.143,-170.827,184.208,-24.1544
58,0.0,717.60002769,,537.0267413700001,,269.75896574,monvsource-lead_gen_670,,,,2403.03,0.0504476,2403.03,-119.962,2402.62,119.995,298.623,-16.4471,223.479,-141.507,112.277,23.7144
59,0.0,1087.45791264,,844.84998416,,414.85144691999994,monvsource-lead_gen_670,,,,2403.36,0.0818675,2403.31,-119.935,2402.93,120.023,452.474,-10.7411,351.536,-133.379,172.644,78.5163
60,0.0,1093.77128363,,836.9588382000001,,414.12027666000006,monvsource-lead_gen_670,,,,2403.37,0.0823503,2403.3,-119.936,2402.94,120.022,455.099,-10.6615,348.254,-133.455,172.339,77.9183
61,0.0,1518.7502367199997,,1240.12511112,,782.48889628,monvsource-lead_gen_670,,,,2403.74,0.118149,2403.66,-119.902,2403.31,120.058,631.828,-7.57884,515.932,-128.965,325.588,99.0717
62,0.0,1446.6812484799998,,1168.9572096,,700.91164242,monvsource-lead_gen_670,,,,2403.68,0.112049,2403.6,-119.908,2403.23,120.05,601.861,-7.98242,486.336,-129.533,291.654,96.6994
63,0.0,573.25266152,,423.38008648,,304.91822831999997,monvsource-lead_gen_670,,,,2402.89,0.0379441,2402.92,-119.973,2402.52,119.985,238.568,-20.7177,176.194,-147.783,126.916,1.36868
64,0.0,679.74099027,,508.532472,,274.21114059999996,monvsource-lead_gen_670,,,,2402.99,0.0472104,2403.0,-119.965,2402.6,119.992,282.873,-17.3829,211.624,-142.803,114.131,18.3302
65,0.0,233.18690943599998,,197.78192957700003,,580.51803978,monvsource-lead_gen_670,,,,2402.52,0.00342576,2402.59,-120.004,2402.19,119.954,97.0593,-59.4475,82.3203,151.337,241.662,-33.2192
66,0.0,399.65566831999996,,390.94224264,,948.0606338499999,monvsource-lead_gen_670,,,,2402.08,-0.0349539,2402.28,-120.033,2401.85,119.921,166.379,-150.601,162.738,90.4743,394.721,-44.3678
67,0.0,390.33807078,,362.18125184999997,,825.36906816,monvsource-lead_gen_670,,,,2402.11,-0.033709,2402.29,-120.03,2402.01,119.931,162.498,-149.831,150.765,93.2822,343.616,-40.9676
68,0.0,377.2545165,,364.79013879,,825.15288726,monvsource-lead_gen_670,,,,2402.13,-0.0324868,2402.29,-120.03,2402.01,119.931,157.05,-148.504,151.851,93.0046,343.526,-40.9669
69,0.0,347.54115126,,345.3978894,,751.5137997,monvsource-lead_gen_670,,,,2402.17,-0.0294004,2402.3,-120.028,2402.1,119.938,144.678,-145.222,143.778,95.1647,312.857,-38.4937
70,0.0,200.72134479899998,,205.761046942,,531.30208653,monvsource-lead_gen_670,,,,2402.43,-0.00593273,2402.51,-120.009,2402.31,119.958,83.5493,-90.2495,85.6442,135.408,221.163,-28.543
71,0.0,262.10185045,,273.37756766,,632.35147425,monvsource-lead_gen_670,,,,2402.29,-0.0196547,2402.39,-120.02,2402.25,119.949,109.105,-129.739,113.794,106.935,263.233,-33.2814
72,0.0,281.85113228999995,,274.04429136000005,,607.7480126400001,monvsource-lead_gen_670,,,,2402.27,-0.0219434,2402.38,-120.02,2402.28,119.951,117.327,-134.546,114.072,106.808,252.988,-31.8601
73,0.0,5.7318719878e-09,,5.736243227400001e-09,,5.766313513e-09,monvsource-lead_gen_670,,,,2401.78,1.93663e-08,2401.78,-120.0,2401.78,120.0,2.38651e-09,180.0,2.38833e-09,59.2159,2.40085e-09,-59.3936
74,0.0,5.7318719878e-09,,5.736243227400001e-09,,5.766313513e-09,monvsource-lead_gen_670,,,,2401.78,1.93663e-08,2401.78,-120.0,2401.78,120.0,2.38651e-09,180.0,2.38833e-09,59.2159,2.40085e-09,-59.3936
75,0.0,5.7318719878e-09,,5.736243227400001e-09,,5.766313513e-09,monvsource-lead_gen_670,,,,2401.78,1.93663e-08,2401.78,-120.0,2401.78,120.0,2.38651e-09,180.0,2.38833e-09,59.2159,2.40085e-09,-59.3936
76,0.0,5.7318719878e-09,,5.736243227400001e-09,,5.766313513e-09,monvsource-lead_gen_670,,,,2401.78,1.93663e-08,2401.78,-120.0,2401.78,120.0,2.38651e-09,180.0,2.38833e-09,59.2159,2.40085e-09,-59.3936
77,0.0,5.7318719878e-09,,5.736243227400001e-09,,5.766313513e-09,monvsource-lead_gen_670,,,,2401.78,1.93663e-08,2401.78,-120.0,2401.78,120.0,2.38651e-09,180.0,2.38833e-09,59.2159,2.40085e-09,-59.3936
78,0.0,5.7318719878e-09,,5.736243227400001e-09,,5.766313513e-09,monvsource-lead_gen_670,,,,2401.78,1.93663e-08,2401.78,-120.0,2401.78,120.0,2.38651e-09,180.0,2.38833e-09,59.2159,2.40085e-09,-59.3936
79,0.0,5.7318719878e-09,,5.736243227400001e-09,,5.766313513e-09,monvsource-lead_gen_670,,,,2401.78,1.93663e-08,2401.78,-120.0,2401.78,120.0,2.38651e-09,180.0,2.38833e-09,59.2159,2.40085e-09,-59.3936
80,0.0,5.7318719878e-09,,5.736243227400001e-09,,5.766313513e-09,monvsource-lead_gen_670,,,,2401.78,1.93663e-08,2401.78,-120.0,2401.78,120.0,2.38651e-09,180.0,2.38833e-09,59.2159,2.40085e-09,-59.3936
81,0.0,5.7318719878e-09,,5.736243227400001e-09,,5.766313513e-09,monvsource-lead_gen_670,,,,2401.78,1.93663e-08,2401.78,-120.0,2401.78,120.0,2.38651e-09,180.0,2.38833e-09,59.2159,2.40085e-09,-59.3936
82,0.0,5.7318719878e-09,,5.736243227400001e-09,,5.766313513e-09,monvsource-lead_gen_670,,,,2401.78,1.93663e-08,2401.78,-120.0,2401.78,120.0,2.38651e-09,180.0,2.38833e-09,59.2159,2.40085e-09,-59.3936
83,0.0,5.7318719878e-09,,5.736243227400001e-09,,5.766313513e-09,monvsource-lead_gen_670,,,,2401.78,1.93663e-08,2401.78,-120.0,2401.78,120.0,2.38651e-09,180.0,2.38833e-09,59.2159,2.40085e-09,-59.3936
84,0.0,5.7318719878e-09,,5.736243227400001e-09,,5.766313513e-09,monvsource-lead_gen_670,,,,2401.78,1.93663e-08,2401.78,-120.0,2401.78,120.0,2.38651e-09,180.0,2.38833e-09,59.2159,2.40085e-09,-59.3936
85,0.0,5.7318719878e-09,,5.736243227400001e-09,,5.766313513e-09,monvsource-lead_gen_670,,,,2401.78,1.93663e-08,2401.78,-120.0,2401.78,120.0,2.38651e-09,180.0,2.38833e-09,59.2159,2.40085e-09,-59.3936
86,0.0,5.7318719878e-09,,5.736243227400001e-09,,5.766313513e-09,monvsource-lead_gen_670,,,,2401.78,1.93663e-08,2401.78,-120.0,2401.78,120.0,2.38651e-09,180.0,2.38833e-09,59.2159,2.40085e-09,-59.3936
87,0.0,5.7318719878e-09,,5.736243227400001e-09,,5.766313513e-09,monvsource-lead_gen_670,,,,2401.78,1.93663e-08,2401.78,-120.0,2401.78,120.0,2.38651e-09,180.0,2.38833e-09,59.2159,2.40085e-09,-59.3936
88,0.0,5.7318719878e-09,,5.736243227400001e-09,,5.766313513e-09,monvsource-lead_gen_670,,,,2401.78,1.93663e-08,2401.78,-120.0,2401.78,120.0,2.38651e-09,180.0,2.38833e-09,59.2159,2.40085e-09,-59.3936
89,0.0,5.7318719878e-09,,5.736243227400001e-09,,5.766313513e-09,monvsource-lead_gen_670,,,,2401.78,1.93663e-08,2401.78,-120.0,2401.78,120.0,2.38651e-09,180.0,2.38833e-09,59.2159,2.40085e-09,-59.3936
90,0.0,5.7318719878e-09,,5.736243227400001e-09,,5.766313513e-09,monvsource-lead_gen_670,,,,2401.78,1.93663e-08,2401.78,-120.0,2401.78,120.0,2.38651e-09,180.0,2.38833e-09,59.2159,2.40085e-09,-59.3936
91,0.0,5.7318719878e-09,,5.736243227400001e-09,,5.766313513e-09,monvsource-lead_gen_670,,,,2401.78,1.93663e-08,2401.78,-120.0,2401.78,120.0,2.38651e-09,180.0,2.38833e-09,59.2159,2.40085e-09,-59.3936
92,0.0,5.7318719878e-09,,5.736243227400001e-09,,5.766313513e-09,monvsource-lead_gen_670,,,,2401.78,1.93663e-08,2401.78,-120.0,2401.78,120.0,2.38651e-09,180.0,2.38833e-09,59.2159,2.40085e-09,-59.3936
93,0.0,5.7318719878e-09,,5.736243227400001e-09,,5.766313513e-09,monvsource-lead_gen_670,,,,2401.78,1.93663e-08,2401.78,-120.0,2401.78,120.0,2.38651e-09,180.0,2.38833e-09,59.2159,2.40085e-09,-59.3936
94,0.0,5.7318719878e-09,,5.736243227400001e-09,,5.766313513e-09,monvsource-lead_gen_670,,,,2401.78,1.93663e-08,2401.78,-120.0,2401.78,120.0,2.38651e-09,180.0,2.38833e-09,59.2159,2.40085e-09,-59.3936
95,0.0,5.7318719878e-09,,5.736243227400001e-09,,5.766313513e-09,monvsource-lead_gen_670,,,,2401.78,1.93663e-08,2401.78,-120.0,2401.78,120.0,2.38651e-09,180.0,2.38833e-09,59.2159,2.40085e-09,-59.3936
96,0.0,5.7318719878e-09,,5.736243227400001e-09,,5.766313513e-09,monvsource-lead_gen_670,,,,2401.78,1.93663e-08,2401.78,-120.0,2401.78,120.0,2.38651e-09,180.0,2.38833e-09,59.2159,2.40085e-09,-59.3936
1,0.0,4.563502089000001e-07,,4.5956859410000004e-07,,4.5279077094000006e-07,monvsource-secondsource,,,,2401.78,1.93668e-08,2401.78,-120.0,2401.78,120.0,1.90005e-07,-90.7243,1.91345e-07,148.941,1.88523e-07,29.6045
2,0.0,4.563502089000001e-07,,4.5956859410000004e-07,,4.5279077094000006e-07,monvsource-secondsource,,,,2401.78,1.93668e-08,2401.78,-120.0,2401.78,120.0,1.90005e-07,-90.7243,1.91345e-07,148.941,1.88523e-07,29.6045
3,0.0,4.563502089000001e-07,,4.5956859410000004e-07,,4.5279077094000006e-07,monvsource-secondsource,,,,2401.78,1.93668e-08,2401.78,-120.0,2401.78,120.0,1.90005e-07,-90.7243,1.91345e-07,148.941,1.88523e-07,29.6045
4,0.0,4.563502089000001e-07,,4.5956859410000004e-07,,4.5279077094000006e-07,monvsource-secondsource,,,,2401.78,1.93668e-08,2401.78,-120.0,2401.78,120.0,1.90005e-07,-90.7243,1.91345e-07,148.941,1.88523e-07,29.6045
5,0.0,4.563502089000001e-07,,4.5956859410000004e-07,,4.5279077094000006e-07,monvsource-secondsource,,,,2401.78,1.93668e-08,2401.78,-120.0,2401.78,120.0,1.90005e-07,-90.7243,1.91345e-07,148.941,1.88523e-07,29.6045
6,0.0,4.563502089000001e-07,,4.5956859410000004e-07,,4.5279077094000006e-07,monvsource-secondsource,,,,2401.78,1.93668e-08,2401.78,-120.0,2401.78,120.0,1.90005e-07,-90.7243,1.91345e-07,148.941,1.88523e-07,29.6045
7,0.0,4.563502089000001e-07,,4.5956859410000004e-07,,4.5279077094000006e-07,monvsource-secondsource,,,,2401.78,1.93668e-08,2401.78,-120.0,2401.78,120.0,1.90005e-07,-90.7243,1.91345e-07,148.941,1.88523e-07,29.6045
8,0.0,4.563502089000001e-07,,4.5956859410000004e-07,,4.5279077094000006e-07,monvsource-secondsource,,,,2401.78,1.93668e-08,2401.78,-120.0,2401.78,120.0,1.90005e-07,-90.7243,1.91345e-07,148.941,1.88523e-07,29.6045
9,0.0,4.563502089000001e-07,,4.5956859410000004e-07,,4.5279077094000006e-07,monvsource-secondsource,,,,2401.78,1.93668e-08,2401.78,-120.0,2401.78,120.0,1.90005e-07,-90.7243,1.91345e-07,148.941,1.88523e-07,29.6045
10,0.0,4.563502089000001e-07,,4.5956859410000004e-07,,4.5279077094000006e-07,monvsource-secondsource,,,,2401.78,1.93668e-08,2401.78,-120.0,2401.78,120.0,1.90005e-07,-90.7243,1.91345e-07,148.941,1.88523e-07,29.6045
11,0.0,4.563502089000001e-07,,4.5956859410000004e-07,,4.5279077094000006e-07,monvsource-secondsource,,,,2401.78,1.93668e-08,2401.78,-120.0,2401.78,120.0,1.90005e-07,-90.7243,1.91345e-07,148.941,1.88523e-07,29.6045
12,0.0,4.563502089000001e-07,,4.5956859410000004e-07,,4.5279077094000006e-07,monvsource-secondsource,,,,2401.78,1.93668e-08,2401.78,-120.0,2401.78,120.0,1.90005e-07,-90.7243,1.91345e-07,148.941,1.88523e-07,29.6045
13,0.0,4.563502089000001e-07,,4.5956859410000004e-07,,4.5279077094000006e-07,monvsource-secondsource,,,,2401.78,1.93668e-08,2401.78,-120.0,2401.78,120.0,1.90005e-07,-90.7243,1.91345e-07,148.941,1.88523e-07,29.6045
14,0.0,4.563502089000001e-07,,4.5956859410000004e-07,,4.5279077094000006e-07,monvsource-secondsource,,,,2401.78,1.93668e-08,2401.78,-120.0,2401.78,120.0,1.90005e-07,-90.7243,1.91345e-07,148.941,1.88523e-07,29.6045
15,0.0,4.563502089000001e-07,,4.5956859410000004e-07,,4.5279077094000006e-07,monvsource-secondsource,,,,2401.78,1.93668e-08,2401.78,-120.0,2401.78,120.0,1.90005e-07,-90.7243,1.91345e-07,148.941,1.88523e-07,29.6045
16,0.0,4.563502089000001e-07,,4.5956859410000004e-07,,4.5279077094000006e-07,monvsource-secondsource,,,,2401.78,1.93668e-08,2401.78,-120.0,2401.78,120.0,1.90005e-07,-90.7243,1.91345e-07,148.941,1.88523e-07,29.6045
17,0.0,4.563502089000001e-07,,4.5956859410000004e-07,,4.5279077094000006e-07,monvsource-secondsource,,,,2401.78,1.93668e-08,2401.78,-120.0,2401.78,120.0,1.90005e-07,-90.7243,1.91345e-07,148.941,1.88523e-07,29.6045
18,0.0,4.563502089000001e-07,,4.5956859410000004e-07,,4.5279077094000006e-07,monvsource-secondsource,,,,2401.78,1.93668e-08,2401.78,-120.0,2401.78,120.0,1.90005e-07,-90.7243,1.91345e-07,148.941,1.88523e-07,29.6045
19,0.0,4.563502089000001e-07,,4.5956859410000004e-07,,4.5279077094000006e-07,monvsource-secondsource,,,,2401.78,1.93668e-08,2401.78,-120.0,2401.78,120.0,1.90005e-07,-90.7243,1.91345e-07,148.941,1.88523e-07,29.6045
20,0.0,4.563502089000001e-07,,4.5956859410000004e-07,,4.5279077094000006e-07,monvsource-secondsource,,,,2401.78,1.93668e-08,2401.78,-120.0,2401.78,120.0,1.90005e-07,-90.7243,1.91345e-07,148.941,1.88523e-07,29.6045
21,0.0,4.563502089000001e-07,,4.5956859410000004e-07,,4.5279077094000006e-07,monvsource-secondsource,,,,2401.78,1.93668e-08,2401.78,-120.0,2401.78,120.0,1.90005e-07,-90.7243,1.91345e-07,148.941,1.88523e-07,29.6045
22,0.0,4.563502089000001e-07,,4.5956859410000004e-07,,4.5279077094000006e-07,monvsource-secondsource,,,,2401.78,1.93668e-08,2401.78,-120.0,2401.78,120.0,1.90005e-07,-90.7243,1.91345e-07,148.941,1.88523e-07,29.6045
23,0.0,4.563502089000001e-07,,4.5956859410000004e-07,,4.5279077094000006e-07,monvsource-secondsource,,,,2401.78,1.93668e-08,2401.78,-120.0,2401.78,120.0,1.90005e-07,-90.7243,1.91345e-07,148.941,1.88523e-07,29.6045
24,0.0,4.563502089000001e-07,,4.5956859410000004e-07,,4.5279077094000006e-07,monvsource-secondsource,,,,2401.78,1.93668e-08,2401.78,-120.0,2401.78,120.0,1.90005e-07,-90.7243,1.91345e-07,148.941,1.88523e-07,29.6045
25,0.0,4.563502089000001e-07,,4.5956859410000004e-07,,4.5279077094000006e-07,monvsource-secondsource,,,,2401.78,1.93668e-08,2401.78,-120.0,2401.78,120.0,1.90005e-07,-90.7243,1.91345e-07,148.941,1.88523e-07,29.6045
26,0.0,4.563502089000001e-07,,4.5956859410000004e-07,,4.5279077094000006e-07,monvsource-secondsource,,,,2401.78,1.93668e-08,2401.78,-120.0,2401.78,120.0,1.90005e-07,-90.7243,1.91345e-07,148.941,1.88523e-07,29.6045
27,0.0,4.563502089000001e-07,,4.5956859410000004e-07,,4.5279077094000006e-07,monvsource-secondsource,,,,2401.78,1.93668e-08,2401.78,-120.0,2401.78,120.0,1.90005e-07,-90.7243,1.91345e-07,148.941,1.88523e-07,29.6045
28,0.0,4.563502089000001e-07,,4.5956859410000004e-07,,4.5279077094000006e-07,monvsource-secondsource,,,,2401.78,1.93668e-08,2401.78,-120.0,2401.78,120.0,1.90005e-07,-90.7243,1.91345e-07,148.941,1.88523e-07,29.6045
29,0.0,4.563502089000001e-07,,4.5956859410000004e-07,,4.5279077094000006e-07,monvsource-secondsource,,,,2401.78,1.93668e-08,2401.78,-120.0,2401.78,120.0,1.90005e-07,-90.7243,1.91345e-07,148.941,1.88523e-07,29.6045
30,0.0,4.563502089000001e-07,,4.5956859410000004e-07,,4.5279077094000006e-07,monvsource-secondsource,,,,2401.78,1.93668e-08,2401.78,-120.0,2401.78,120.0,1.90005e-07,-90.7243,1.91345e-07,148.941,1.88523e-07,29.6045
31,0.0,4.563502089000001e-07,,4.5956859410000004e-07,,4.5279077094000006e-07,monvsource-secondsource,,,,2401.78,1.93668e-08,2401.78,-120.0,2401.78,120.0,1.90005e-07,-90.7243,1.91345e-07,148.941,1.88523e-07,29.6045
32,0.0,4.563502089000001e-07,,4.5956859410000004e-07,,4.5279077094000006e-07,monvsource-secondsource,,,,2401.78,1.93668e-08,2401.78,-120.0,2401.78,120.0,1.90005e-07,-90.7243,1.91345e-07,148.941,1.88523e-07,29.6045
33,0.0,4.563502089000001e-07,,4.5956859410000004e-07,,4.5279077094000006e-07,monvsource-secondsource,,,,2401.78,1.93668e-08,2401.78,-120.0,2401.78,120.0,1.90005e-07,-90.7243,1.91345e-07,148.941,1.88523e-07,29.6045
34,0.0,4.563502089000001e-07,,4.5956859410000004e-07,,4.5279077094000006e-07,monvsource-secondsource,,,,2401.78,1.93668e-08,2401.78,-120.0,2401.78,120.0,1.90005e-07,-90.7243,1.91345e-07,148.941,1.88523e-07,29.6045
35,0.0,4.563502089000001e-07,,4.5956859410000004e-07,,4.5279077094000006e-07,monvsource-secondsource,,,,2401.78,1.93668e-08,2401.78,-120.0,2401.78,120.0,1.90005e-07,-90.7243,1.91345e-07,148.941,1.88523e-07,29.6045
36,0.0,4.563502089000001e-07,,4.5956859410000004e-07,,4.5279077094000006e-07,monvsource-secondsource,,,,2401.78,1.93668e-08,2401.78,-120.0,2401.78,120.0,1.90005e-07,-90.7243,1.91345e-07,148.941,1.88523e-07,29.6045
37,0.0,4.563502089000001e-07,,4.5956859410000004e-07,,4.5279077094000006e-07,monvsource-secondsource,,,,2401.78,1.93668e-08,2401.78,-120.0,2401.78,120.0,1.90005e-07,-90.7243,1.91345e-07,148.941,1.88523e-07,29.6045
38,0.0,4.563502089000001e-07,,4.5956859410000004e-07,,4.5279077094000006e-07,monvsource-secondsource,,,,2401.78,1.93668e-08,2401.78,-120.0,2401.78,120.0,1.90005e-07,-90.7243,1.91345e-07,148.941,1.88523e-07,29.6045
39,0.0,4.563502089000001e-07,,4.5956859410000004e-07,,4.5279077094000006e-07,monvsource-secondsource,,,,2401.78,1.93668e-08,2401.78,-120.0,2401.78,120.0,1.90005e-07,-90.7243,1.91345e-07,148.941,1.88523e-07,29.6045
40,0.0,4.563502089000001e-07,,4.5956859410000004e-07,,4.5279077094000006e-07,monvsource-secondsource,,,,2401.78,1.93668e-08,2401.78,-120.0,2401.78,120.0,1.90005e-07,-90.7243,1.91345e-07,148.941,1.88523e-07,29.6045
41,0.0,4.563502089000001e-07,,4.5956859410000004e-07,,4.5279077094000006e-07,monvsource-secondsource,,,,2401.78,1.93668e-08,2401.78,-120.0,2401.78,120.0,1.90005e-07,-90.7243,1.91345e-07,148.941,1.88523e-07,29.6045
42,0.0,4.563502089000001e-07,,4.5956859410000004e-07,,4.5279077094000006e-07,monvsource-secondsource,,,,2401.78,1.93668e-08,2401.78,-120.0,2401.78,120.0,1.90005e-07,-90.7243,1.91345e-07,148.941,1.88523e-07,29.6045
43,0.0,4.563502089000001e-07,,4.5956859410000004e-07,,4.5279077094000006e-07,monvsource-secondsource,,,,2401.78,1.93668e-08,2401.78,-120.0,2401.78,120.0,1.90005e-07,-90.7243,1.91345e-07,148.941,1.88523e-07,29.6045
44,0.0,4.563502089000001e-07,,4.5956859410000004e-07,,4.5279077094000006e-07,monvsource-secondsource,,,,2401.78,1.93668e-08,2401.78,-120.0,2401.78,120.0,1.90005e-07,-90.7243,1.91345e-07,148.941,1.88523e-07,29.6045
45,0.0,4.563502089000001e-07,,4.5956859410000004e-07,,4.5279077094000006e-07,monvsource-secondsource,,,,2401.78,1.93668e-08,2401.78,-120.0,2401.78,120.0,1.90005e-07,-90.7243,1.91345e-07,148.941,1.88523e-07,29.6045
46,0.0,4.563502089000001e-07,,4.5956859410000004e-07,,4.5279077094000006e-07,monvsource-secondsource,,,,2401.78,1.93668e-08,2401.78,-120.0,2401.78,120.0,1.90005e-07,-90.7243,1.91345e-07,148.941,1.88523e-07,29.6045
47,0.0,4.563502089000001e-07,,4.5956859410000004e-07,,4.5279077094000006e-07,monvsource-secondsource,,,,2401.78,1.93668e-08,2401.78,-120.0,2401.78,120.0,1.90005e-07,-90.7243,1.91345e-07,148.941,1.88523e-07,29.6045
48,0.0,4.563502089000001e-07,,4.5956859410000004e-07,,4.5279077094000006e-07,monvsource-secondsource,,,,2401.78,1.93668e-08,2401.78,-120.0,2401.78,120.0,1.90005e-07,-90.7243,1.91345e-07,148.941,1.88523e-07,29.6045
49,0.0,4.563502089000001e-07,,4.5956859410000004e-07,,4.5279077094000006e-07,monvsource-secondsource,,,,2401.78,1.93668e-08,2401.78,-120.0,2401.78,120.0,1.90005e-07,-90.7243,1.91345e-07,148.941,1.88523e-07,29.6045
50,0.0,4.563502089000001e-07,,4.5956859410000004e-07,,4.5279077094000006e-07,monvsource-secondsource,,,,2401.78,1.93668e-08,2401.78,-120.0,2401.78,120.0,1.90005e-07,-90.7243,1.91345e-07,148.941,1.88523e-07,29.6045
51,0.0,4.563502089000001e-07,,4.5956859410000004e-07,,4.5279077094000006e-07,monvsource-secondsource,,,,2401.78,1.93668e-08,2401.78,-120.0,2401.78,120.0,1.90005e-07,-90.7243,1.91345e-07,148.941,1.88523e-07,29.6045
52,0.0,4.563502089000001e-07,,4.5956859410000004e-07,,4.5279077094000006e-07,monvsource-secondsource,,,,2401.78,1.93668e-08,2401.78,-120.0,2401.78,120.0,1.90005e-07,-90.7243,1.91345e-07,148.941,1.88523e-07,29.6045
53,0.0,4.563502089000001e-07,,4.5956859410000004e-07,,4.5279077094000006e-07,monvsource-secondsource,,,,2401.78,1.93668e-08,2401.78,-120.0,2401.78,120.0,1.90005e-07,-90.7243,1.91345e-07,148.941,1.88523e-07,29.6045
54,0.0,4.563502089000001e-07,,4.5956859410000004e-07,,4.5279077094000006e-07,monvsource-secondsource,,,,2401.78,1.93668e-08,2401.78,-120.0,2401.78,120.0,1.90005e-07,-90.7243,1.91345e-07,148.941,1.88523e-07,29.6045
55,0.0,4.563502089000001e-07,,4.5956859410000004e-07,,4.5279077094000006e-07,monvsource-secondsource,,,,2401.78,1.93668e-08,2401.78,-120.0,2401.78,120.0,1.90005e-07,-90.7243,1.91345e-07,148.941,1.88523e-07,29.6045
56,0.0,4.563502089000001e-07,,4.5956859410000004e-07,,4.5279077094000006e-07,monvsource-secondsource,,,,2401.78,1.93668e-08,2401.78,-120.0,2401.78,120.0,1.90005e-07,-90.7243,1.91345e-07,148.941,1.88523e-07,29.6045
57,0.0,4.563502089000001e-07,,4.5956859410000004e-07,,4.5279077094000006e-07,monvsource-secondsource,,,,2401.78,1.93668e-08,2401.78,-120.0,2401.78,120.0,1.90005e-07,-90.7243,1.91345e-07,148.941,1.88523e-07,29.6045
58,0.0,4.563502089000001e-07,,4.5956859410000004e-07,,4.5279077094000006e-07,monvsource-secondsource,,,,2401.78,1.93668e-08,2401.78,-120.0,2401.78,120.0,1.90005e-07,-90.7243,1.91345e-07,148.941,1.88523e-07,29.6045
59,0.0,4.563502089000001e-07,,4.5956859410000004e-07,,4.5279077094000006e-07,monvsource-secondsource,,,,2401.78,1.93668e-08,2401.78,-120.0,2401.78,120.0,1.90005e-07,-90.7243,1.91345e-07,148.941,1.88523e-07,29.6045
60,0.0,4.563502089000001e-07,,4.5956859410000004e-07,,4.5279077094000006e-07,monvsource-secondsource,,,,2401.78,1.93668e-08,2401.78,-120.0,2401.78,120.0,1.90005e-07,-90.7243,1.91345e-07,148.941,1.88523e-07,29.6045
61,0.0,4.563502089000001e-07,,4.5956859410000004e-07,,4.5279077094000006e-07,monvsource-secondsource,,,,2401.78,1.93668e-08,2401.78,-120.0,2401.78,120.0,1.90005e-07,-90.7243,1.91345e-07,148.941,1.88523e-07,29.6045
62,0.0,4.563502089000001e-07,,4.5956859410000004e-07,,4.5279077094000006e-07,monvsource-secondsource,,,,2401.78,1.93668e-08,2401.78,-120.0,2401.78,120.0,1.90005e-07,-90.7243,1.91345e-07,148.941,1.88523e-07,29.6045
63,0.0,4.563502089000001e-07,,4.5956859410000004e-07,,4.5279077094000006e-07,monvsource-secondsource,,,,2401.78,1.93668e-08,2401.78,-120.0,2401.78,120.0,1.90005e-07,-90.7243,1.91345e-07,148.941,1.88523e-07,29.6045
64,0.0,4.563502089000001e-07,,4.5956859410000004e-07,,4.5279077094000006e-07,monvsource-secondsource,,,,2401.78,1.93668e-08,2401.78,-120.0,2401.78,120.0,1.90005e-07,-90.7243,1.91345e-07,148.941,1.88523e-07,29.6045
65,0.0,4.563502089000001e-07,,4.5956859410000004e-07,,4.5279077094000006e-07,monvsource-secondsource,,,,2401.78,1.93668e-08,2401.78,-120.0,2401.78,120.0,1.90005e-07,-90.7243,1.91345e-07,148.941,1.88523e-07,29.6045
66,0.0,4.563502089000001e-07,,4.5956859410000004e-07,,4.5279077094000006e-07,monvsource-secondsource,,,,2401.78,1.93668e-08,2401.78,-120.0,2401.78,120.0,1.90005e-07,-90.7243,1.91345e-07,148.941,1.88523e-07,29.6045
67,0.0,4.563502089000001e-07,,4.5956859410000004e-07,,4.5279077094000006e-07,monvsource-secondsource,,,,2401.78,1.93668e-08,2401.78,-120.0,2401.78,120.0,1.90005e-07,-90.7243,1.91345e-07,148.941,1.88523e-07,29.6045
68,0.0,4.563502089000001e-07,,4.5956859410000004e-07,,4.5279077094000006e-07,monvsource-secondsource,,,,2401.78,1.93668e-08,2401.78,-120.0,2401.78,120.0,1.90005e-07,-90.7243,1.91345e-07,148.941,1.88523e-07,29.6045
69,0.0,4.563502089000001e-07,,4.5956859410000004e-07,,4.5279077094000006e-07,monvsource-secondsource,,,,2401.78,1.93668e-08,2401.78,-120.0,2401.78,120.0,1.90005e-07,-90.7243,1.91345e-07,148.941,1.88523e-07,29.6045
70,0.0,4.563502089000001e-07,,4.5956859410000004e-07,,4.5279077094000006e-07,monvsource-secondsource,,,,2401.78,1.93668e-08,2401.78,-120.0,2401.78,120.0,1.90005e-07,-90.7243,1.91345e-07,148.941,1.88523e-07,29.6045
71,0.0,4.563502089000001e-07,,4.5956859410000004e-07,,4.5279077094000006e-07,monvsource-secondsource,,,,2401.78,1.93668e-08,2401.78,-120.0,2401.78,120.0,1.90005e-07,-90.7243,1.91345e-07,148.941,1.88523e-07,29.6045
72,0.0,4.563502089000001e-07,,4.5956859410000004e-07,,4.5279077094000006e-07,monvsource-secondsource,,,,2401.78,1.93668e-08,2401.78,-120.0,2401.78,120.0,1.90005e-07,-90.7243,1.91345e-07,148.941,1.88523e-07,29.6045
73,0.0,4.563502089000001e-07,,4.5956859410000004e-07,,4.5279077094000006e-07,monvsource-secondsource,,,,2401.78,1.93668e-08,2401.78,-120.0,2401.78,120.0,1.90005e-07,-90.7243,1.91345e-07,148.941,1.88523e-07,29.6045
74,0.0,4.563502089000001e-07,,4.5956859410000004e-07,,4.5279077094000006e-07,monvsource-secondsource,,,,2401.78,1.93668e-08,2401.78,-120.0,2401.78,120.0,1.90005e-07,-90.7243,1.91345e-07,148.941,1.88523e-07,29.6045
75,0.0,4.563502089000001e-07,,4.5956859410000004e-07,,4.5279077094000006e-07,monvsource-secondsource,,,,2401.78,1.93668e-08,2401.78,-120.0,2401.78,120.0,1.90005e-07,-90.7243,1.91345e-07,148.941,1.88523e-07,29.6045
76,0.0,4.563502089000001e-07,,4.5956859410000004e-07,,4.5279077094000006e-07,monvsource-secondsource,,,,2401.78,1.93668e-08,2401.78,-120.0,2401.78,120.0,1.90005e-07,-90.7243,1.91345e-07,148.941,1.88523e-07,29.6045
77,0.0,4.563502089000001e-07,,4.5956859410000004e-07,,4.5279077094000006e-07,monvsource-secondsource,,,,2401.78,1.93668e-08,2401.78,-120.0,2401.78,120.0,1.90005e-07,-90.7243,1.91345e-07,148.941,1.88523e-07,29.6045
78,0.0,4.563502089000001e-07,,4.5956859410000004e-07,,4.5279077094000006e-07,monvsource-secondsource,,,,2401.78,1.93668e-08,2401.78,-120.0,2401.78,120.0,1.90005e-07,-90.7243,1.91345e-07,148.941,1.88523e-07,29.6045
79,0.0,4.563502089000001e-07,,4.5956859410000004e-07,,4.5279077094000006e-07,monvsource-secondsource,,,,2401.78,1.93668e-08,2401.78,-120.0,2401.78,120.0,1.90005e-07,-90.7243,1.91345e-07,148.941,1.88523e-07,29.6045
80,0.0,4.563502089000001e-07,,4.5956859410000004e-07,,4.5279077094000006e-07,monvsource-secondsource,,,,2401.78,1.93668e-08,2401.78,-120.0,2401.78,120.0,1.90005e-07,-90.7243,1.91345e-07,148.941,1.88523e-07,29.6045
81,0.0,4.563502089000001e-07,,4.5956859410000004e-07,,4.5279077094000006e-07,monvsource-secondsource,,,,2401.78,1.93668e-08,2401.78,-120.0,2401.78,120.0,1.90005e-07,-90.7243,1.91345e-07,148.941,1.88523e-07,29.6045
82,0.0,4.563502089000001e-07,,4.5956859410000004e-07,,4.5279077094000006e-07,monvsource-secondsource,,,,2401.78,1.93668e-08,2401.78,-120.0,2401.78,120.0,1.90005e-07,-90.7243,1.91345e-07,148.941,1.88523e-07,29.6045
83,0.0,4.563502089000001e-07,,4.5956859410000004e-07,,4.5279077094000006e-07,monvsource-secondsource,,,,2401.78,1.93668e-08,2401.78,-120.0,2401.78,120.0,1.90005e-07,-90.7243,1.91345e-07,148.941,1.88523e-07,29.6045
84,0.0,4.563502089000001e-07,,4.5956859410000004e-07,,4.5279077094000006e-07,monvsource-secondsource,,,,2401.78,1.93668e-08,2401.78,-120.0,2401.78,120.0,1.90005e-07,-90.7243,1.91345e-07,148.941,1.88523e-07,29.6045
85,0.0,4.563502089000001e-07,,4.5956859410000004e-07,,4.5279077094000006e-07,monvsource-secondsource,,,,2401.78,1.93668e-08,2401.78,-120.0,2401.78,120.0,1.90005e-07,-90.7243,1.91345e-07,148.941,1.88523e-07,29.6045
86,0.0,4.563502089000001e-07,,4.5956859410000004e-07,,4.5279077094000006e-07,monvsource-secondsource,,,,2401.78,1.93668e-08,2401.78,-120.0,2401.78,120.0,1.90005e-07,-90.7243,1.91345e-07,148.941,1.88523e-07,29.6045
87,0.0,4.563502089000001e-07,,4.5956859410000004e-07,,4.5279077094000006e-07,monvsource-secondsource,,,,2401.78,1.93668e-08,2401.78,-120.0,2401.78,120.0,1.90005e-07,-90.7243,1.91345e-07,148.941,1.88523e-07,29.6045
88,0.0,4.563502089000001e-07,,4.5956859410000004e-07,,4.5279077094000006e-07,monvsource-secondsource,,,,2401.78,1.93668e-08,2401.78,-120.0,2401.78,120.0,1.90005e-07,-90.7243,1.91345e-07,148.941,1.88523e-07,29.6045
89,0.0,4.563502089000001e-07,,4.5956859410000004e-07,,4.5279077094000006e-07,monvsource-secondsource,,,,2401.78,1.93668e-08,2401.78,-120.0,2401.78,120.0,1.90005e-07,-90.7243,1.91345e-07,148.941,1.88523e-07,29.6045
90,0.0,4.563502089000001e-07,,4.5956859410000004e-07,,4.5279077094000006e-07,monvsource-secondsource,,,,2401.78,1.93668e-08,2401.78,-120.0,2401.78,120.0,1.90005e-07,-90.7243,1.91345e-07,148.941,1.88523e-07,29.6045
91,0.0,4.563502089000001e-07,,4.5956859410000004e-07,,4.5279077094000006e-07,monvsource-secondsource,,,,2401.78,1.93668e-08,2401.78,-120.0,2401.78,120.0,1.90005e-07,-90.7243,1.91345e-07,148.941,1.88523e-07,29.6045
92,0.0,4.563502089000001e-07,,4.5956859410000004e-07,,4.5279077094000006e-07,monvsource-secondsource,,,,2401.78,1.93668e-08,2401.78,-120.0,2401.78,120.0,1.90005e-07,-90.7243,1.91345e-07,148.941,1.88523e-07,29.6045
93,0.0,4.563502089000001e-07,,4.5956859410000004e-07,,4.5279077094000006e-07,monvsource-secondsource,,,,2401.78,1.93668e-08,2401.78,-120.0,2401.78,120.0,1.90005e-07,-90.7243,1.91345e-07,148.941,1.88523e-07,29.6045
94,0.0,4.563502089000001e-07,,4.5956859410000004e-07,,4.5279077094000006e-07,monvsource-secondsource,,,,2401.78,1.93668e-08,2401.78,-120.0,2401.78,120.0,1.90005e-07,-90.7243,1.91345e-07,148.941,1.88523e-07,29.6045
95,0.0,4.563502089000001e-07,,4.5956859410000004e-07,,4.5279077094000006e-07,monvsource-secondsource,,,,2401.78,1.93668e-08,2401.78,-120.0,2401.78,120.0,1.90005e-07,-90.7243,1.91345e-07,148.941,1.88523e-07,29.6045
96,0.0,4.563502089000001e-07,,4.5956859410000004e-07,,4.5279077094000006e-07,monvsource-secondsource,,,,2401.78,1.93668e-08,2401.78,-120.0,2401.78,120.0,1.90005e-07,-90.7243,1.91345e-07,148.941,1.88523e-07,29.6045
1,0.0,255.673693334,,449.400571768,,374.98737534,monvsource-source,,,,66395.3,30.0,66395.3,-90.0,66395.3,150.0,3.85078,-100.937,6.76856,135.599,5.6478,-9.73467
2,0.0,254.339811757,,450.19864327399995,,377.28398876700004,monvsource-source,,,,66395.3,30.0,66395.3,-90.0,66395.3,150.0,3.83069,-101.184,6.78058,135.727,5.68239,-9.88435
3,0.0,254.548292999,,448.474357333,,377.31320269900004,monvsource-source,,,,66395.3,30.0,66395.3,-90.0,66395.3,150.0,3.83383,-101.409,6.75461,135.827,5.68283,-9.61033
4,0.0,254.58281855500005,,448.103207606,,377.44997701700004,monvsource-source,,,,66395.3,30.0,66395.3,-90.0,66395.3,150.0,3.83435,-101.484,6.74902,135.852,5.68489,-9.55048
5,0.0,258.644883009,,462.78586424800005,,391.46403298800004,monvsource-source,,,,66395.3,30.0,66395.3,-90.0,66395.3,150.0,3.89553,-103.151,6.97016,134.576,5.89596,-11.4617
6,0.0,262.459292994,,472.20669336500004,,398.696473017,monvsource-source,,,,66395.3,30.0,66395.3,-90.0,66395.3,150.0,3.95298,-103.919,7.11205,133.656,6.00489,-12.5876
7,0.0,216.837754458,,464.551315275,,365.31490803599996,monvsource-source,,,,66395.3,30.0,66395.3,-90.0,66395.3,150.0,3.26586,-91.2109,6.99675,138.836,5.50212,-14.0979
8,0.0,219.887290587,,485.97907044400006,,401.878135793,monvsource-source,,,,66395.3,30.0,66395.3,-90.0,66395.3,150.0,3.31179,-97.6519,7.31948,137.206,6.05281,-16.216
9,0.0,371.4153082,,410.45308878800006,,95.094004472,monvsource-source,,,,66395.3,30.0,66395.3,-90.0,66395.3,150.0,5.594,-1.42807,6.18196,-168.677,1.43224,70.8697
10,0.0,667.2196487600002,,550.6069275579999,,354.33113355700004,monvsource-source,,,,66395.3,30.0,66395.3,-90.0,66395.3,150.0,10.0492,12.0744,8.29286,-135.881,5.33669,136.537
11,0.0,1521.7205202300001,,1326.2660360900002,,1198.80033915,monvsource-source,,,,66395.3,30.0,66395.3,-90.0,66395.3,150.0,22.9191,27.3858,19.9753,-103.414,18.0555,150.511
12,0.0,1778.6636917,,1569.9633452100002,,1446.81334277,monvsource-source,,,,66395.3,30.0,66395.3,-90.0,66395.3,150.0,26.789,29.9886,23.6457,-99.2824,21.7909,152.842
13,0.0,1883.4553936900002,,1677.4440568500004,,1548.8164421600002,monvsource-source,,,,66395.3,30.0,66395.3,-90.0,66395.3,150.0,28.3673,31.0204,25.2645,-97.8147,23.3272,153.493
14,0.0,1797.44692207,,1601.1757757400003,,1470.5762206400002,monvsource-source,,,,66395.3,30.0,66395.3,-90.0,66395.3,150.0,27.0719,30.3494,24.1158,-98.7734,22.1488,152.71
15,0.0,1546.8776994,,1369.2702719000001,,1233.2528603200003,monvsource-source,,,,66395.3,30.0,66395.3,-90.0,66395.3,150.0,23.298,28.1551,20.623,-102.267,18.5744,150.457
16,0.0,1131.2564004600001,,990.5050039900001,,838.5659994700001,monvsource-source,,,,66395.3,30.0,66395.3,-90.0,66395.3,150.0,17.0382,23.6297,14.9183,-110.402,12.6299,145.503
17,0.0,519.470851623,,489.5989422,,246.936071854,monvsource-source,,,,66395.3,30.0,66395.3,-90.0,66395.3,150.0,7.82391,10.1442,7.374,-141.725,3.71918,120.948
18,0.0,244.56310383200002,,504.76960429700006,,445.683762874,monvsource-source,,,,66395.3,30.0,66395.3,-90.0,66395.3,150.0,3.68344,-108.1,7.60249,133.884,6.71258,-17.1402
19,0.0,294.344307913,,550.2961975540001,,500.150483276,monvsource-source,,,,66395.3,30.0,66395.3,-90.0,66395.3,150.0,4.43321,-116.379,8.28818,128.151,7.53292,-19.7547
20,0.0,290.847267462,,549.797568851,,493.15773028,monvsource-source,,,,66395.3,30.0,66395.3,-90.0,66395.3,150.0,4.38054,-115.046,8.28067,128.261,7.4276,-19.9419
21,0.0,195.445852751,,445.98785334800004,,340.139138182,monvsource-source,,,,66395.3,30.0,66395.3,-90.0,66395.3,150.0,2.94367,-82.8319,6.71716,143.027,5.12294,-12.6198
22,0.0,211.363461973,,459.57963521100004,,359.750317943,monvsource-source,,,,66395.3,30.0,66395.3,-90.0,66395.3,150.0,3.18341,-89.725,6.92187,139.66,5.41831,-13.8525
23,0.0,264.801719178,,493.23474882799997,,405.97339789700004,monvsource-source,,,,66395.3,30.0,66395.3,-90.0,66395.3,150.0,3.98826,-103.33,7.42876,132.002,6.11449,-15.5548
24,0.0,282.666038596,,486.092606407,,426.23657950399996,monvsource-source,,,,66395.3,30.0,66395.3,-90.0,66395.3,150.0,4.25732,-109.508,7.32119,131.187,6.41968,-13.4828
25,0.0,0.00306203836399,,0.00307890940972,,0.0030551863690300002,monvsource-source,,,,66395.3,30.0,66395.3,-90.0,66395.3,150.0,4.61183e-05,120.011,4.63724e-05,5.31126e-05,4.60151e-05,-120.085
26,0.0,0.00306203836399,,0.00307890940972,,0.0030551863690300002,monvsource-source,,,,66395.3,30.0,66395.3,-90.0,66395.3,150.0,4.61183e-05,120.011,4.63724e-05,5.31126e-05,4.60151e-05,-120.085
27,0.0,0.00306203836399,,0.00307890940972,,0.0030551863690300002,monvsource-source,,,,66395.3,30.0,66395.3,-90.0,66395.3,150.0,4.61183e-05,120.011,4.63724e-05,5.31126e-05,4.60151e-05,-120.085
28,0.0,0.00306203836399,,0.00307890940972,,0.0030551863690300002,monvsource-source,,,,66395.3,30.0,66395.3,-90.0,66395.3,150.0,4.61183e-05,120.011,4.63724e-05,5.31126e-05,4.60151e-05,-120.085
29,0.0,0.00306203836399,,0.00307890940972,,0.0030551863690300002,monvsource-source,,,,66395.3,30.0,66395.3,-90.0,66395.3,150.0,4.61183e-05,120.011,4.63724e-05,5.31126e-05,4.60151e-05,-120.085
30,0.0,0.00306203836399,,0.00307890940972,,0.0030551863690300002,monvsource-source,,,,66395.3,30.0,66395.3,-90.0,66395.3,150.0,4.61183e-05,120.011,4.63724e-05,5.31126e-05,4.60151e-05,-120.085
31,0.0,0.00306203836399,,0.00307890940972,,0.0030551863690300002,monvsource-source,,,,66395.3,30.0,66395.3,-90.0,66395.3,150.0,4.61183e-05,120.011,4.63724e-05,5.31126e-05,4.60151e-05,-120.085
32,0.0,0.00306203836399,,0.00307890940972,,0.0030551863690300002,monvsource-source,,,,66395.3,30.0,66395.3,-90.0,66395.3,150.0,4.61183e-05,120.011,4.63724e-05,5.31126e-05,4.60151e-05,-120.085
33,0.0,0.00306203836399,,0.00307890940972,,0.0030551863690300002,monvsource-source,,,,66395.3,30.0,66395.3,-90.0,66395.3,150.0,4.61183e-05,120.011,4.63724e-05,5.31126e-05,4.60151e-05,-120.085
34,0.0,0.00306203836399,,0.00307890940972,,0.0030551863690300002,monvsource-source,,,,66395.3,30.0,66395.3,-90.0,66395.3,150.0,4.61183e-05,120.011,4.63724e-05,5.31126e-05,4.60151e-05,-120.085
35,0.0,0.00306203836399,,0.00307890940972,,0.0030551863690300002,monvsource-source,,,,66395.3,30.0,66395.3,-90.0,66395.3,150.0,4.61183e-05,120.011,4.63724e-05,5.31126e-05,4.60151e-05,-120.085
36,0.0,0.00306203836399,,0.00307890940972,,0.0030551863690300002,monvsource-source,,,,66395.3,30.0,66395.3,-90.0,66395.3,150.0,4.61183e-05,120.011,4.63724e-05,5.31126e-05,4.60151e-05,-120.085
37,0.0,0.00306203836399,,0.00307890940972,,0.0030551863690300002,monvsource-source,,,,66395.3,30.0,66395.3,-90.0,66395.3,150.0,4.61183e-05,120.011,4.63724e-05,5.31126e-05,4.60151e-05,-120.085
38,0.0,0.00306203836399,,0.00307890940972,,0.0030551863690300002,monvsource-source,,,,66395.3,30.0,66395.3,-90.0,66395.3,150.0,4.61183e-05,120.011,4.63724e-05,5.31126e-05,4.60151e-05,-120.085
39,0.0,0.00306203836399,,0.00307890940972,,0.0030551863690300002,monvsource-source,,,,66395.3,30.0,66395.3,-90.0,66395.3,150.0,4.61183e-05,120.011,4.63724e-05,5.31126e-05,4.60151e-05,-120.085
40,0.0,0.00306203836399,,0.00307890940972,,0.0030551863690300002,monvsource-source,,,,66395.3,30.0,66395.3,-90.0,66395.3,150.0,4.61183e-05,120.011,4.63724e-05,5.31126e-05,4.60151e-05,-120.085
41,0.0,0.00306203836399,,0.00307890940972,,0.0030551863690300002,monvsource-source,,,,66395.3,30.0,66395.3,-90.0,66395.3,150.0,4.61183e-05,120.011,4.63724e-05,5.31126e-05,4.60151e-05,-120.085
42,0.0,0.00306203836399,,0.00307890940972,,0.0030551863690300002,monvsource-source,,,,66395.3,30.0,66395.3,-90.0,66395.3,150.0,4.61183e-05,120.011,4.63724e-05,5.31126e-05,4.60151e-05,-120.085
43,0.0,0.00306203836399,,0.00307890940972,,0.0030551863690300002,monvsource-source,,,,66395.3,30.0,66395.3,-90.0,66395.3,150.0,4.61183e-05,120.011,4.63724e-05,5.31126e-05,4.60151e-05,-120.085
44,0.0,0.00306203836399,,0.00307890940972,,0.0030551863690300002,monvsource-source,,,,66395.3,30.0,66395.3,-90.0,66395.3,150.0,4.61183e-05,120.011,4.63724e-05,5.31126e-05,4.60151e-05,-120.085
45,0.0,0.00306203836399,,0.00307890940972,,0.0030551863690300002,monvsource-source,,,,66395.3,30.0,66395.3,-90.0,66395.3,150.0,4.61183e-05,120.011,4.63724e-05,5.31126e-05,4.60151e-05,-120.085
46,0.0,0.00306203836399,,0.00307890940972,,0.0030551863690300002,monvsource-source,,,,66395.3,30.0,66395.3,-90.0,66395.3,150.0,4.61183e-05,120.011,4.63724e-05,5.31126e-05,4.60151e-05,-120.085
47,0.0,0.00306203836399,,0.00307890940972,,0.0030551863690300002,monvsource-source,,,,66395.3,30.0,66395.3,-90.0,66395.3,150.0,4.61183e-05,120.011,4.63724e-05,5.31126e-05,4.60151e-05,-120.085
48,0.0,0.00306203836399,,0.00307890940972,,0.0030551863690300002,monvsource-source,,,,66395.3,30.0,66395.3,-90.0,66395.3,150.0,4.61183e-05,120.011,4.63724e-05,5.31126e-05,4.60151e-05,-120.085
49,0.0,0.00306203836399,,0.00307890940972,,0.0030551863690300002,monvsource-source,,,,66395.3,30.0,66395.3,-90.0,66395.3,150.0,4.61183e-05,120.011,4.63724e-05,5.31126e-05,4.60151e-05,-120.085
50,0.0,0.00306203836399,,0.00307890940972,,0.0030551863690300002,monvsource-source,,,,66395.3,30.0,66395.3,-90.0,66395.3,150.0,4.61183e-05,120.011,4.63724e-05,5.31126e-05,4.60151e-05,-120.085
51,0.0,0.00306203836399,,0.00307890940972,,0.0030551863690300002,monvsource-source,,,,66395.3,30.0,66395.3,-90.0,66395.3,150.0,4.61183e-05,120.011,4.63724e-05,5.31126e-05,4.60151e-05,-120.085
52,0.0,0.00306203836399,,0.00307890940972,,0.0030551863690300002,monvsource-source,,,,66395.3,30.0,66395.3,-90.0,66395.3,150.0,4.61183e-05,120.011,4.63724e-05,5.31126e-05,4.60151e-05,-120.085
53,0.0,0.00306203836399,,0.00307890940972,,0.0030551863690300002,monvsource-source,,,,66395.3,30.0,66395.3,-90.0,66395.3,150.0,4.61183e-05,120.011,4.63724e-05,5.31126e-05,4.60151e-05,-120.085
54,0.0,0.00306203836399,,0.00307890940972,,0.0030551863690300002,monvsource-source,,,,66395.3,30.0,66395.3,-90.0,66395.3,150.0,4.61183e-05,120.011,4.63724e-05,5.31126e-05,4.60151e-05,-120.085
55,0.0,0.00306203836399,,0.00307890940972,,0.0030551863690300002,monvsource-source,,,,66395.3,30.0,66395.3,-90.0,66395.3,150.0,4.61183e-05,120.011,4.63724e-05,5.31126e-05,4.60151e-05,-120.085
56,0.0,0.00306203836399,,0.00307890940972,,0.0030551863690300002,monvsource-source,,,,66395.3,30.0,66395.3,-90.0,66395.3,150.0,4.61183e-05,120.011,4.63724e-05,5.31126e-05,4.60151e-05,-120.085
57,0.0,0.00306203836399,,0.00307890940972,,0.0030551863690300002,monvsource-source,,,,66395.3,30.0,66395.3,-90.0,66395.3,150.0,4.61183e-05,120.011,4.63724e-05,5.31126e-05,4.60151e-05,-120.085
58,0.0,0.00306203836399,,0.00307890940972,,0.0030551863690300002,monvsource-source,,,,66395.3,30.0,66395.3,-90.0,66395.3,150.0,4.61183e-05,120.011,4.63724e-05,5.31126e-05,4.60151e-05,-120.085
59,0.0,0.00306203836399,,0.00307890940972,,0.0030551863690300002,monvsource-source,,,,66395.3,30.0,66395.3,-90.0,66395.3,150.0,4.61183e-05,120.011,4.63724e-05,5.31126e-05,4.60151e-05,-120.085
60,0.0,0.00306203836399,,0.00307890940972,,0.0030551863690300002,monvsource-source,,,,66395.3,30.0,66395.3,-90.0,66395.3,150.0,4.61183e-05,120.011,4.63724e-05,5.31126e-05,4.60151e-05,-120.085
61,0.0,0.00306203836399,,0.00307890940972,,0.0030551863690300002,monvsource-source,,,,66395.3,30.0,66395.3,-90.0,66395.3,150.0,4.61183e-05,120.011,4.63724e-05,5.31126e-05,4.60151e-05,-120.085
62,0.0,0.00306203836399,,0.00307890940972,,0.0030551863690300002,monvsource-source,,,,66395.3,30.0,66395.3,-90.0,66395.3,150.0,4.61183e-05,120.011,4.63724e-05,5.31126e-05,4.60151e-05,-120.085
63,0.0,0.00306203836399,,0.00307890940972,,0.0030551863690300002,monvsource-source,,,,66395.3,30.0,66395.3,-90.0,66395.3,150.0,4.61183e-05,120.011,4.63724e-05,5.31126e-05,4.60151e-05,-120.085
64,0.0,0.00306203836399,,0.00307890940972,,0.0030551863690300002,monvsource-source,,,,66395.3,30.0,66395.3,-90.0,66395.3,150.0,4.61183e-05,120.011,4.63724e-05,5.31126e-05,4.60151e-05,-120.085
65,0.0,0.00306203836399,,0.00307890940972,,0.0030551863690300002,monvsource-source,,,,66395.3,30.0,66395.3,-90.0,66395.3,150.0,4.61183e-05,120.011,4.63724e-05,5.31126e-05,4.60151e-05,-120.085
66,0.0,0.00306203836399,,0.00307890940972,,0.0030551863690300002,monvsource-source,,,,66395.3,30.0,66395.3,-90.0,66395.3,150.0,4.61183e-05,120.011,4.63724e-05,5.31126e-05,4.60151e-05,-120.085
67,0.0,0.00306203836399,,0.00307890940972,,0.0030551863690300002,monvsource-source,,,,66395.3,30.0,66395.3,-90.0,66395.3,150.0,4.61183e-05,120.011,4.63724e-05,5.31126e-05,4.60151e-05,-120.085
68,0.0,0.00306203836399,,0.00307890940972,,0.0030551863690300002,monvsource-source,,,,66395.3,30.0,66395.3,-90.0,66395.3,150.0,4.61183e-05,120.011,4.63724e-05,5.31126e-05,4.60151e-05,-120.085
69,0.0,0.00306203836399,,0.00307890940972,,0.0030551863690300002,monvsource-source,,,,66395.3,30.0,66395.3,-90.0,66395.3,150.0,4.61183e-05,120.011,4.63724e-05,5.31126e-05,4.60151e-05,-120.085
70,0.0,0.00306203836399,,0.00307890940972,,0.0030551863690300002,monvsource-source,,,,66395.3,30.0,66395.3,-90.0,66395.3,150.0,4.61183e-05,120.011,4.63724e-05,5.31126e-05,4.60151e-05,-120.085
71,0.0,0.00306203836399,,0.00307890940972,,0.0030551863690300002,monvsource-source,,,,66395.3,30.0,66395.3,-90.0,66395.3,150.0,4.61183e-05,120.011,4.63724e-05,5.31126e-05,4.60151e-05,-120.085
72,0.0,0.00306203836399,,0.00307890940972,,0.0030551863690300002,monvsource-source,,,,66395.3,30.0,66395.3,-90.0,66395.3,150.0,4.61183e-05,120.011,4.63724e-05,5.31126e-05,4.60151e-05,-120.085
73,0.0,301.47317127400004,,506.40956820699995,,431.40279779700006,monvsource-source,,,,66395.3,30.0,66395.3,-90.0,66395.3,150.0,4.54058,-109.582,7.62719,128.545,6.49749,-15.052
74,0.0,305.826047142,,510.08853178000004,,434.203351551,monvsource-source,,,,66395.3,30.0,66395.3,-90.0,66395.3,150.0,4.60614,-110.005,7.6826,128.027,6.53967,-15.281
75,0.0,307.731592252,,510.213354944,,436.045821126,monvsource-source,,,,66395.3,30.0,66395.3,-90.0,66395.3,150.0,4.63484,-110.425,7.68448,127.902,6.56742,-15.1837
76,0.0,261.871030636,,461.849690518,,374.138179453,monvsource-source,,,,66395.3,30.0,66395.3,-90.0,66395.3,150.0,3.94412,-100.064,6.95606,134.017,5.63501,-11.4527
77,0.0,272.26056718,,514.449375084,,415.66113612,monvsource-source,,,,66395.3,30.0,66395.3,-90.0,66395.3,150.0,4.1006,-103.326,7.74828,130.331,6.2604,-17.8263
78,0.0,277.9127990690001,,527.903718676,,426.355427091,monvsource-source,,,,66395.3,30.0,66395.3,-90.0,66395.3,150.0,4.18573,-104.358,7.95092,129.238,6.42147,-19.1189
79,0.0,365.70863216500004,,674.3106668000001,,545.488513881,monvsource-source,,,,66395.3,30.0,66395.3,-90.0,66395.3,150.0,5.50805,-114.975,10.156,118.884,8.21577,-28.3362
80,0.0,304.936350122,,653.44926354,,497.098291335,monvsource-source,,,,66395.3,30.0,66395.3,-90.0,66395.3,150.0,4.59274,-104.537,9.8418,122.249,7.48695,-31.1948
81,0.0,361.684413032,,389.280291571,,34.4880426555,monvsource-source,,,,66395.3,30.0,66395.3,-90.0,66395.3,150.0,5.44744,-12.4168,5.86307,170.742,0.519435,26.0459
82,0.0,570.961734679,,427.01738823200003,,213.43366742700002,monvsource-source,,,,66395.3,30.0,66395.3,-90.0,66395.3,150.0,8.59943,4.17325,6.43144,-157.462,3.21459,145.098
83,0.0,1076.52675467,,805.8995118700001,,745.7520096,monvsource-source,,,,66395.3,30.0,66395.3,-90.0,66395.3,150.0,16.2139,19.0792,12.1379,-117.115,11.232,150.658
84,0.0,962.42643162,,721.33845779,,629.4672811800001,monvsource-source,,,,66395.3,30.0,66395.3,-90.0,66395.3,150.0,14.4954,17.6522,10.8643,-121.504,9.4806,149.109
85,0.0,726.31146576,,534.6222590830001,,384.77736232500007,monvsource-source,,,,66395.3,30.0,66395.3,-90.0,66395.3,150.0,10.9392,12.0401,8.05211,-136.905,5.79525,146.253
86,0.0,370.48245423500003,,393.62121628500006,,26.562767671000003,monvsource-source,,,,66395.3,30.0,66395.3,-90.0,66395.3,150.0,5.57995,-9.06901,5.92845,172.888,0.40007,21.338
87,0.0,1119.75009497,,836.2687220900001,,767.94795839,monvsource-source,,,,66395.3,30.0,66395.3,-90.0,66395.3,150.0,16.8649,20.0389,12.5953,-116.681,11.5663,151.746
88,0.0,418.078588993,,398.55372312200006,,25.5848312973,monvsource-source,,,,66395.3,30.0,66395.3,-90.0,66395.3,150.0,6.29681,-4.05733,6.00274,178.263,0.385341,136.832
89,0.0,225.366894696,,523.983740164,,322.92947642200005,monvsource-source,,,,66395.3,30.0,66395.3,-90.0,66395.3,150.0,3.39432,-65.2599,7.89188,135.347,4.86374,-30.4342
90,0.0,414.334558026,,779.66008931,,689.61478345,monvsource-source,,,,66395.3,30.0,66395.3,-90.0,66395.3,150.0,6.24042,-125.912,11.7427,116.022,10.3865,-31.9613
91,0.0,385.738766269,,700.6629613700001,,634.4675112230001,monvsource-source,,,,66395.3,30.0,66395.3,-90.0,66395.3,150.0,5.80973,-124.854,10.5529,119.121,9.55591,-27.7638
92,0.0,381.696620405,,699.14914853,,628.9938826910001,monvsource-source,,,,66395.3,30.0,66395.3,-90.0,66395.3,150.0,5.74885,-124.161,10.5301,119.253,9.47347,-27.8817
93,0.0,355.16373061900003,,641.209289985,,574.1267986299999,monvsource-source,,,,66395.3,30.0,66395.3,-90.0,66395.3,150.0,5.34923,-121.061,9.65745,121.814,8.6471,-24.7802
94,0.0,336.17201900699996,,614.8795698170001,,519.146842559,monvsource-source,,,,66395.3,30.0,66395.3,-90.0,66395.3,150.0,5.06319,-114.774,9.26089,122.816,7.81903,-24.044
95,0.0,275.58630775700004,,535.666657152,,443.72775733599997,monvsource-source,,,,66395.3,30.0,66395.3,-90.0,66395.3,150.0,4.15069,-105.923,8.06784,129.868,6.68312,-19.2272
96,0.0,266.627589928,,505.88371743100004,,431.95587064600005,monvsource-source,,,,66395.3,30.0,66395.3,-90.0,66395.3,150.0,4.01576,-106.41,7.61927,132.222,6.50582,-15.9727
